time,mode,x0,y0,z0,x1,y1,z1,x2,y2,z2,x3,y3,z3,x4,y4,z4,x5,y5,z5,x6,y6,z6,x7,y7,z7,x8,y8,z8,x9,y9,z9,x10,y10,z10,x11,y11,z11,x12,y12,z12,x13,y13,z13,x14,y14,z14,x15,y15,z15,x16,y16,z16,x17,y17,z17,x18,y18,z18,x19,y19,z19,x20,y20,z20,x21,y21,z21,x22,y22,z22,x23,y23,z23,x24,y24,z24,x25,y25,z25,x26,y26,z26,x27,y27,z27,x28,y28,z28,x29,y29,z29,x30,y30,z30,x31,y31,z31,x32,y32,z32
1781515884.1989732,plank,0.48953136801719666,0.29570165276527405,-0.3370451331138611,0.49389100074768066,0.2767159044742584,-0.3248136639595032,0.4970305562019348,0.2769235074520111,-0.32484856247901917,0.5000416040420532,0.27740469574928284,-0.3248784840106964,0.48442554473876953,0.2761736214160919,-0.32548025250434875,0.48120611906051636,0.27624595165252686,-0.3254985511302948,0.4779861569404602,0.27663013339042664,-0.3255317211151123,0.503268301486969,0.28439682722091675,-0.22661776840686798,0.47194021940231323,0.2839460074901581,-0.2272932529449463,0.4948188364505768,0.31382572650909424,-0.2978379428386688,0.4832262396812439,0.3137206733226776,-0.29818812012672424,0.535727322101593,0.40126773715019226,-0.15368250012397766,0.43464574217796326,0.38288119435310364,-0.15351542830467224,0.547240674495697,0.526130735874176,-0.114970862865448,0.4231286942958832,0.5154962539672852,-0.12724211812019348,0.5548086762428284,0.6481122970581055,-0.2113134115934372,0.43697667121887207,0.6335482001304626,-0.2152438461780548,0.5564676523208618,0.6911528706550598,-0.24526803195476532,0.4381919801235199,0.6695752143859863,-0.247794508934021,0.5474344491958618,0.6882270574569702,-0.2773880362510681,0.44778338074684143,0.6621518135070801,-0.27970874309539795,0.5426359176635742,0.6770557165145874,-0.22548475861549377,0.44826406240463257,0.6495148539543152,-0.2292746603488922,0.5020009279251099,0.6439148187637329,-0.012237081304192543,0.44506317377090454,0.640217661857605,0.012305647134780884,0.501067042350769,0.8119118809700012,-0.04063607379794121,0.4445699155330658,0.8035123944282532,0.06443878263235092,0.5133849382400513,0.9822927117347717,0.05117575451731682,0.4582120478153229,0.9692562818527222,0.22920775413513184,0.5115766525268555,0.991876482963562,0.051843415945768356,0.4636402130126953,0.9803386926651001,0.23926742374897003,0.5081396102905273,1.0584311485290527,-0.08594780415296555,0.4531770348548889,1.0115169286727905,0.13139589130878448
1781515884.3728497,plank,0.48870354890823364,0.29119187593460083,-0.33155888319015503,0.49352383613586426,0.27236229181289673,-0.31912901997566223,0.4967878758907318,0.272638201713562,-0.31916728615760803,0.49985581636428833,0.27318182587623596,-0.319199800491333,0.48405003547668457,0.27184826135635376,-0.3187222480773926,0.4809723496437073,0.27197518944740295,-0.3187369704246521,0.4778439998626709,0.2724851071834564,-0.3187769055366516,0.5031121373176575,0.28040948510169983,-0.22090904414653778,0.4720495343208313,0.2794542908668518,-0.21700234711170197,0.4945201873779297,0.30980053544044495,-0.2925282418727875,0.48289117217063904,0.309903621673584,-0.2915862202644348,0.5356158018112183,0.3997630774974823,-0.14954756200313568,0.43447500467300415,0.37948736548423767,-0.14280666410923004,0.547104001045227,0.524919867515564,-0.11209607124328613,0.4228377938270569,0.5117295980453491,-0.11940400302410126,0.5546576380729675,0.6453902125358582,-0.2097833901643753,0.4364251494407654,0.6299901604652405,-0.2133166790008545,0.5559243559837341,0.6880830526351929,-0.24479153752326965,0.43769174814224243,0.6670220494270325,-0.2457989901304245,0.546985924243927,0.6846306324005127,-0.27564045786857605,0.4476815164089203,0.6602249145507812,-0.27755582332611084,0.5423977971076965,0.6732890009880066,-0.22364652156829834,0.4481891095638275,0.6470537185668945,-0.22734978795051575,0.500849723815918,0.6421531438827515,-0.012598186731338501,0.4438052773475647,0.6384822130203247,0.012663135305047035,0.5004602074623108,0.8089942336082458,-0.025952007621526718,0.4431830048561096,0.8013835549354553,0.05921182036399841,0.5129362344741821,0.9761322736740112,0.09541749209165573,0.45822152495384216,0.9672561883926392,0.22808495163917542,0.5114678144454956,0.9858982563018799,0.09914401173591614,0.4637794494628906,0.9777661561965942,0.2391905039548874,0.5069300532341003,1.051248550415039,-0.03015286661684513,0.45553308725357056,1.006173849105835,0.1307697594165802
1781515884.5746067,plank,0.4873313903808594,0.27654674649238586,-0.29757246375083923,0.49179568886756897,0.2568923234939575,-0.2851935029029846,0.4947865903377533,0.25706565380096436,-0.28522104024887085,0.4975791573524475,0.257489949464798,-0.2852303981781006,0.4832102358341217,0.2565821707248688,-0.2851269245147705,0.48020654916763306,0.25658178329467773,-0.2851231098175049,0.477179616689682,0.25689980387687683,-0.285160094499588,0.5002959966659546,0.26484787464141846,-0.19060583412647247,0.4717385768890381,0.26382502913475037,-0.18811650574207306,0.49243226647377014,0.29403769969940186,-0.2601502239704132,0.48147052526474,0.2942020893096924,-0.25956806540489197,0.534433126449585,0.3828807473182678,-0.12454648315906525,0.4336967468261719,0.36503148078918457,-0.12168307602405548,0.5472224354743958,0.5071889162063599,-0.0864119678735733,0.42211923003196716,0.4963133931159973,-0.10329712927341461,0.554474949836731,0.6294413208961487,-0.1851419061422348,0.43529796600341797,0.6105800271034241,-0.20019598305225372,0.555076003074646,0.6724615097045898,-0.21785220503807068,0.43580108880996704,0.652023434638977,-0.23286807537078857,0.5463701486587524,0.67054682970047,-0.2507377862930298,0.44610396027565,0.6437433362007141,-0.2647755742073059,0.5421187281608582,0.6567681431770325,-0.19933608174324036,0.4471666216850281,0.6291620135307312,-0.21432873606681824,0.5007730722427368,0.6295275688171387,-0.011085910722613335,0.44380202889442444,0.6269257068634033,0.011138921603560448,0.5004860162734985,0.7945046424865723,0.005084756296128035,0.44308900833129883,0.7854041457176208,0.06640790402889252,0.5128619074821472,0.9616044759750366,0.12630954384803772,0.46058812737464905,0.9482859373092651,0.2500649094581604,0.5119093060493469,0.9732808470726013,0.1299147754907608,0.46768704056739807,0.9642488360404968,0.2624813914299011,0.5060540437698364,1.038927674293518,-0.001738299266435206,0.46205419301986694,0.997318685054779,0.1570240706205368
1781515884.683324,plank,0.4841577112674713,0.26705726981163025,-0.3064230978488922,0.48918527364730835,0.24733838438987732,-0.294181764125824,0.49233323335647583,0.247518852353096,-0.29420697689056396,0.49534130096435547,0.24803835153579712,-0.29422134160995483,0.48073238134384155,0.24712160229682922,-0.2932043671607971,0.4779304563999176,0.24716411530971527,-0.29320991039276123,0.4752682149410248,0.24748751521110535,-0.29324066638946533,0.498802125453949,0.2561723589897156,-0.20040364563465118,0.47111669182777405,0.2550055980682373,-0.19318924844264984,0.48966488242149353,0.2852056622505188,-0.2693268358707428,0.4787345826625824,0.28468048572540283,-0.2674429416656494,0.5340054035186768,0.3753812611103058,-0.13523505628108978,0.4332842230796814,0.3568366467952728,-0.12464556843042374,0.547213077545166,0.5019622445106506,-0.10375724732875824,0.42183953523635864,0.4867938160896301,-0.1099860891699791,0.5538665056228638,0.6233025193214417,-0.2083999216556549,0.43508538603782654,0.599869966506958,-0.2168254852294922,0.5538604855537415,0.6656693816184998,-0.2429586946964264,0.43536001443862915,0.6435805559158325,-0.25414517521858215,0.5450379848480225,0.6633996963500977,-0.2755327522754669,0.44563135504722595,0.6347202062606812,-0.2835458219051361,0.5410717129707336,0.6495279669761658,-0.2226463258266449,0.44698476791381836,0.6195600032806396,-0.23107464611530304,0.5007814764976501,0.6206197738647461,-0.013959480449557304,0.4440738558769226,0.6186805963516235,0.013947549276053905,0.5005546808242798,0.7857292890548706,-0.004733463283628225,0.4429270327091217,0.7776015996932983,0.06643342226743698,0.5129985213279724,0.9595977067947388,0.11076764762401581,0.4625784456729889,0.9387823939323425,0.2428569495677948,0.5129610896110535,0.9737570285797119,0.11370857059955597,0.47043365240097046,0.9568756222724915,0.25420209765434265,0.5044621229171753,1.0119935274124146,-0.014269272796809673,0.461620032787323,0.9937962889671326,0.14855971932411194
1781515884.8685544,plank,0.48255831003189087,0.1817225068807602,-0.3647320568561554,0.4881724715232849,0.16102422773838043,-0.35039955377578735,0.4917202591896057,0.16126227378845215,-0.35041385889053345,0.49498119950294495,0.16161517798900604,-0.3504409193992615,0.47798147797584534,0.16003422439098358,-0.35113346576690674,0.47504377365112305,0.1598132997751236,-0.35114672780036926,0.4723817706108093,0.15967239439487457,-0.3511686623096466,0.49871331453323364,0.16597118973731995,-0.24362702667713165,0.46894416213035583,0.16371984779834747,-0.2533039450645447,0.489375501871109,0.20031127333641052,-0.32258883118629456,0.4763062596321106,0.19990980625152588,-0.3232104182243347,0.5333163142204285,0.28321048617362976,-0.1693572700023651,0.4292086958885193,0.26534464955329895,-0.17162345349788666,0.5470426678657532,0.41610172390937805,-0.14205625653266907,0.4183829724788666,0.3948139250278473,-0.1526969075202942,0.5521606802940369,0.5358203053474426,-0.2576005458831787,0.43493157625198364,0.5104740858078003,-0.27625763416290283,0.5527662038803101,0.5757423639297485,-0.2956055998802185,0.4353257119655609,0.5521606802940369,-0.31678465008735657,0.5446861982345581,0.574611485004425,-0.3287166357040405,0.44553112983703613,0.5454872846603394,-0.34513023495674133,0.5407372713088989,0.5605548024177551,-0.27252450585365295,0.44695624709129333,0.5310371518135071,-0.29004278779029846,0.4987402558326721,0.5314905643463135,-0.01651233807206154,0.44363275170326233,0.5284640789031982,0.01643516682088375,0.5001283884048462,0.7001528143882751,-0.016103876754641533,0.442607581615448,0.6938914656639099,0.07119837403297424,0.5111650228500366,0.8823880553245544,0.13509723544120789,0.46401897072792053,0.8570520877838135,0.28624969720840454,0.5112199187278748,0.9068917036056519,0.14166322350502014,0.47415170073509216,0.8778672814369202,0.3010011613368988,0.5027426481246948,0.9477197527885437,-0.0040163928642869,0.4521123468875885,0.9291377663612366,0.1894494742155075
1781515885.0416248,plank,0.48085570335388184,0.09872478991746902,-0.4132416248321533,0.4870442748069763,0.07796420156955719,-0.39491376280784607,0.4909335970878601,0.07826804369688034,-0.394948810338974,0.4944700300693512,0.07875466346740723,-0.3950062692165375,0.47529953718185425,0.07704941183328629,-0.39469221234321594,0.47201570868492126,0.07692606002092361,-0.39474302530288696,0.46916961669921875,0.07707825303077698,-0.39478617906570435,0.4983161985874176,0.08491937816143036,-0.2728363871574402,0.4657849371433258,0.08287432789802551,-0.26970505714416504,0.4880200922489166,0.12031997740268707,-0.36589315533638,0.4740857481956482,0.11997763067483902,-0.365314781665802,0.5323918461799622,0.2101575881242752,-0.1854206770658493,0.42509809136390686,0.19327400624752045,-0.17981135845184326,0.5466386675834656,0.3455645442008972,-0.15864208340644836,0.41598010063171387,0.33278247714042664,-0.1794537603855133,0.5505989789962769,0.47176122665405273,-0.25974714756011963,0.4333364963531494,0.4551216661930084,-0.3166583180427551,0.5512293577194214,0.5114745497703552,-0.29503077268600464,0.43441706895828247,0.4946887493133545,-0.3600699007511139,0.5435738563537598,0.5105098485946655,-0.32588204741477966,0.44390788674354553,0.48974084854125977,-0.3899863362312317,0.5401052236557007,0.4956980049610138,-0.2735070586204529,0.44537553191185,0.47600704431533813,-0.33118170499801636,0.49668067693710327,0.45986056327819824,-0.01676086150109768,0.4421841502189636,0.4559321403503418,0.016687732189893723,0.49694663286209106,0.6288532018661499,-0.07850699871778488,0.44024530053138733,0.6160317659378052,-0.11439104378223419,0.508243203163147,0.8218075037002563,0.1266215592622757,0.46468186378479004,0.7801634073257446,0.11332577466964722,0.5088693499565125,0.8465927243232727,0.14678823947906494,0.4745887815952301,0.8008683919906616,0.12823861837387085,0.5006798505783081,0.8773217797279358,-0.0313403382897377,0.4477747082710266,0.8508796691894531,-0.005674934946000576
1781515885.1511338,plank,0.478807270526886,0.07809371501207352,-0.3947698473930359,0.4854859411716461,0.05716865882277489,-0.3782188594341278,0.48966217041015625,0.0574808269739151,-0.37825071811676025,0.49340543150901794,0.05774722620844841,-0.3782954514026642,0.4733510911464691,0.056493811309337616,-0.37753888964653015,0.47000640630722046,0.056452639400959015,-0.37757983803749084,0.467027485370636,0.056300874799489975,-0.37762463092803955,0.4975515305995941,0.06421254575252533,-0.26338934898376465,0.46349969506263733,0.06488782912492752,-0.2581987977027893,0.48647093772888184,0.09729864448308945,-0.34984511137008667,0.4719296097755432,0.09582746028900146,-0.3484896719455719,0.5318758487701416,0.19507251679897308,-0.18331275880336761,0.4233856797218323,0.17734599113464355,-0.1738990992307663,0.5461332201957703,0.3343352973461151,-0.1562313735485077,0.41440051794052124,0.3176890015602112,-0.16814866662025452,0.5491917729377747,0.460158109664917,-0.2540878653526306,0.43148502707481384,0.4363276958465576,-0.28189143538475037,0.5499297976493835,0.5023090243339539,-0.28873130679130554,0.43196290731430054,0.4792458117008209,-0.3198647201061249,0.5424607396125793,0.5003726482391357,-0.319860577583313,0.44130054116249084,0.4726039469242096,-0.35031506419181824,0.5388591885566711,0.48817864060401917,-0.2678282856941223,0.44335079193115234,0.4579085111618042,-0.2957914173603058,0.4959915280342102,0.44497808814048767,-0.020419396460056305,0.44079843163490295,0.44283241033554077,0.02036771923303604,0.49639344215393066,0.6116148829460144,-0.08626344799995422,0.4355946481227875,0.5973150730133057,-0.09221005439758301,0.5070265531539917,0.7995836138725281,0.09223558753728867,0.46494579315185547,0.766142725944519,0.12097251415252686,0.5075353980064392,0.8224542140960693,0.10164554417133331,0.47516733407974243,0.7860659956932068,0.1347077339887619,0.49834662675857544,0.8596906661987305,-0.0583341121673584,0.44598251581192017,0.8340219855308533,0.010899839922785759
1781515885.2916462,plank,0.47640877962112427,0.05452094227075577,-0.4088609218597412,0.48369064927101135,0.03437737375497818,-0.393221378326416,0.4880288243293762,0.03474745154380798,-0.3932473063468933,0.49205613136291504,0.03527555614709854,-0.3932800889015198,0.4713842272758484,0.03316706418991089,-0.3917161524295807,0.46775493025779724,0.03302657976746559,-0.3917556405067444,0.4644976556301117,0.03315554931759834,-0.3918016254901886,0.4971250891685486,0.041666824370622635,-0.2809462547302246,0.46045342087745667,0.040082450956106186,-0.2715502977371216,0.4839862287044525,0.07529114186763763,-0.36468079686164856,0.46968117356300354,0.0742720514535904,-0.36234262585639954,0.5309370756149292,0.17827652394771576,-0.20522591471672058,0.42019200325012207,0.15909066796302795,-0.17830407619476318,0.545001745223999,0.3171898424625397,-0.18579275906085968,0.4091103672981262,0.2957427501678467,-0.15714289247989655,0.5473594665527344,0.44353675842285156,-0.3003626763820648,0.42785874009132385,0.41851696372032166,-0.26657384634017944,0.5490908622741699,0.48211729526519775,-0.34090524911880493,0.4287349283695221,0.45777273178100586,-0.30380991101264954,0.5412911772727966,0.4791572690010071,-0.3713970184326172,0.43907371163368225,0.4514566659927368,-0.33391261100769043,0.5371456742286682,0.4683459401130676,-0.3144473433494568,0.4407067894935608,0.437724232673645,-0.2803829312324524,0.49456971883773804,0.43306654691696167,-0.02636059746146202,0.4380931854248047,0.4302471876144409,0.0263026412576437,0.49507659673690796,0.6028644442558289,-0.05535770207643509,0.4325379431247711,0.5938219428062439,0.061085544526576996,0.503950297832489,0.786598265171051,0.12988966703414917,0.46451348066329956,0.7559901475906372,0.30359238386154175,0.5046814680099487,0.8129895329475403,0.1383192539215088,0.47449836134910583,0.7765132188796997,0.32144618034362793,0.4942050576210022,0.8477989435195923,-0.009909615851938725,0.44057971239089966,0.8244680762290955,0.2110893428325653
1781515885.4997427,plank,0.46495184302330017,0.004258491098880768,-0.45301517844200134,0.47046786546707153,-0.018059315159916878,-0.4377216398715973,0.4745000898838043,-0.017254794016480446,-0.4377301335334778,0.4787975251674652,-0.01641331985592842,-0.43778061866760254,0.4605155885219574,-0.019714737311005592,-0.43678268790245056,0.4569089412689209,-0.020117221400141716,-0.4368407726287842,0.45293864607810974,-0.020477088168263435,-0.43690720200538635,0.48523378372192383,-0.011138709262013435,-0.31955286860466003,0.44618692994117737,-0.01443246565759182,-0.3121589124202728,0.4695134162902832,0.023558106273412704,-0.40580374002456665,0.4582827091217041,0.024359021335840225,-0.4040936529636383,0.5178734064102173,0.11684343218803406,-0.22788187861442566,0.408607542514801,0.10309410095214844,-0.2115541249513626,0.5394442081451416,0.24959011375904083,-0.18470388650894165,0.40176525712013245,0.24585609138011932,-0.17207255959510803,0.5412866473197937,0.3724474310874939,-0.2864331901073456,0.4212062954902649,0.36575254797935486,-0.26949483156204224,0.5445961952209473,0.41198426485061646,-0.3352193236351013,0.4224955141544342,0.4089941382408142,-0.30730438232421875,0.5368748307228088,0.41031327843666077,-0.36223360896110535,0.4323806166648865,0.400740385055542,-0.3412966728210449,0.5328034162521362,0.39482972025871277,-0.30118077993392944,0.4346555769443512,0.38574710488319397,-0.2845504879951477,0.489797979593277,0.37453487515449524,-0.02696465514600277,0.432719886302948,0.3763476610183716,0.02691776491701603,0.4897020757198334,0.545907735824585,0.0025859540328383446,0.42358627915382385,0.540648877620697,0.011172128841280937,0.5021390318870544,0.7291021347045898,0.22008509933948517,0.45037785172462463,0.71803218126297,0.24709181487560272,0.49994024634361267,0.758134126663208,0.23179776966571808,0.46415939927101135,0.7428504228591919,0.26002436876296997,0.49482718110084534,0.7835584878921509,0.08656802028417587,0.42946261167526245,0.7770556211471558,0.1428665816783905
1781515885.606877,plank,0.4583304822444916,-0.054342109709978104,-0.44429707527160645,0.4615062177181244,-0.06549123674631119,-0.43127018213272095,0.4647214412689209,-0.06528471410274506,-0.4312492907047272,0.4680190980434418,-0.06500329077243805,-0.4312813878059387,0.45199400186538696,-0.06546948850154877,-0.43449869751930237,0.44859227538108826,-0.06525884568691254,-0.43457311391830444,0.4450955390930176,-0.0650286003947258,-0.4346495270729065,0.47167548537254333,-0.0521836020052433,-0.32376137375831604,0.4401131570339203,-0.0564209520816803,-0.3371703624725342,0.46181464195251465,-0.02087397687137127,-0.40067583322525024,0.4521571695804596,-0.020685244351625443,-0.4046820104122162,0.5102630853652954,0.06530439853668213,-0.22684967517852783,0.39944493770599365,0.060904212296009064,-0.24972958862781525,0.5311307907104492,0.1936110556125641,-0.15025977790355682,0.3967684209346771,0.19598674774169922,-0.20630845427513123,0.5379682183265686,0.3120809495449066,-0.20291022956371307,0.4165075421333313,0.3073885142803192,-0.27985337376594543,0.543423056602478,0.3489358723163605,-0.22734057903289795,0.41771411895751953,0.3486481010913849,-0.3151751160621643,0.5352176427841187,0.3485175371170044,-0.2603934407234192,0.4264889657497406,0.34094566106796265,-0.34840625524520874,0.5311651229858398,0.33836790919303894,-0.2163405418395996,0.429004967212677,0.3279465436935425,-0.29392918944358826,0.48497915267944336,0.3287293612957001,-0.018682604655623436,0.42773905396461487,0.3300774097442627,0.01854925975203514,0.48756471276283264,0.4970496594905853,0.030682483687996864,0.4249248504638672,0.4997393786907196,0.037450652569532394,0.5006045699119568,0.6779831647872925,0.27001383900642395,0.44801416993141174,0.6701257228851318,0.2942970395088196,0.49658870697021484,0.7065345048904419,0.28464430570602417,0.459254652261734,0.6976547837257385,0.3125195801258087,0.49533358216285706,0.7346479892730713,0.1433568000793457,0.43267664313316345,0.7261836528778076,0.1868630051612854
1781515885.7159908,plank,0.4462052881717682,-0.047874629497528076,-0.3518674969673157,0.4517291486263275,-0.06265415251255035,-0.34075504541397095,0.45428428053855896,-0.06267164647579193,-0.340753972530365,0.45688533782958984,-0.06257837265729904,-0.3407719135284424,0.44319263100624084,-0.06267177313566208,-0.3463723361492157,0.4399261474609375,-0.06274935603141785,-0.3464152216911316,0.4366375505924225,-0.06282005459070206,-0.3465260863304138,0.45960766077041626,-0.044456999748945236,-0.24251675605773926,0.43026113510131836,-0.05350232496857643,-0.26709872484207153,0.44902944564819336,-0.02440999075770378,-0.3107629418373108,0.4421137273311615,-0.023433422669768333,-0.3175520598888397,0.4938299059867859,0.04451112821698189,-0.16394755244255066,0.39045339822769165,0.04915700480341911,-0.19354601204395294,0.5190187096595764,0.16814866662025452,-0.10106661170721054,0.3883214294910431,0.18266893923282623,-0.1528841257095337,0.5285468101501465,0.2801204323768616,-0.18491950631141663,0.4106144309043884,0.29022178053855896,-0.2197473794221878,0.5366178154945374,0.3141469359397888,-0.2134726345539093,0.41318702697753906,0.32750803232192993,-0.2537410855293274,0.5283814072608948,0.3146771490573883,-0.24519820511341095,0.4210917353630066,0.31921684741973877,-0.285754919052124,0.5241337418556213,0.3029746115207672,-0.19905127584934235,0.42285436391830444,0.3075144588947296,-0.23348021507263184,0.47747331857681274,0.3097127676010132,-0.019467467442154884,0.42447131872177124,0.3188777267932892,0.0193264689296484,0.4818035662174225,0.48204654455184937,0.02840559557080269,0.42589622735977173,0.4967740476131439,0.06174004077911377,0.5010324716567993,0.6645402312278748,0.2356686294078827,0.4498790204524994,0.6638405323028564,0.2835792899131775,0.4975001811981201,0.6928995251655579,0.2479245662689209,0.4606773257255554,0.6885780096054077,0.29904666543006897,0.4951549172401428,0.7165705561637878,0.1129041537642479,0.43404293060302734,0.7144693732261658,0.1852351427078247
1781515885.8984683,plank,0.4292483925819397,0.016733186319470406,-0.27361732721328735,0.43437114357948303,-0.0030513007659465075,-0.2554437816143036,0.438591331243515,-0.003102507209405303,-0.25545841455459595,0.44235777854919434,-0.0029187302570790052,-0.25540223717689514,0.42271241545677185,-0.0026896449271589518,-0.2551601529121399,0.4195372462272644,-0.002388815861195326,-0.2551933825016022,0.4156954884529114,-0.0018046319019049406,-0.2552191913127899,0.44700559973716736,0.0038735526613891125,-0.14809638261795044,0.4094368815422058,0.005907698534429073,-0.14990012347698212,0.4358440339565277,0.03792988881468773,-0.23434630036354065,0.42297428846359253,0.038681741803884506,-0.2349671870470047,0.48106569051742554,0.11871964484453201,-0.0979442149400711,0.3796367049217224,0.1184670552611351,-0.0917423889040947,0.50539630651474,0.23624369502067566,-0.09167222678661346,0.372750461101532,0.24180497229099274,-0.14047256112098694,0.5166732668876648,0.34463587403297424,-0.19830086827278137,0.3855414092540741,0.3296736478805542,-0.30862563848495483,0.5235201120376587,0.3792867958545685,-0.22825071215629578,0.38714689016342163,0.36709731817245483,-0.34793275594711304,0.5167198777198792,0.37870505452156067,-0.25709301233291626,0.39250391721725464,0.3568265736103058,-0.3709855377674103,0.512951135635376,0.36692702770233154,-0.21149513125419617,0.39312422275543213,0.34287068247795105,-0.3220403790473938,0.46980762481689453,0.3718467354774475,-0.0055551836267113686,0.4168662428855896,0.381449818611145,0.005444501060992479,0.4800376892089844,0.5294110178947449,0.015041908249258995,0.4268847107887268,0.5403484106063843,-0.003870937507599592,0.5012619495391846,0.7054724097251892,0.14210179448127747,0.4515017867088318,0.7059847116470337,0.15505291521549225,0.49852490425109863,0.7372918128967285,0.14582589268684387,0.4611895680427551,0.7314153909683228,0.16326764225959778,0.5134949088096619,0.7435340285301208,0.02822684682905674,0.43533387780189514,0.7485842108726501,0.04537351801991463
1781515886.0838664,plank,0.42668113112449646,0.08129137009382248,-0.37403908371925354,0.43142905831336975,0.06351430714130402,-0.36001959443092346,0.4350498616695404,0.06349225342273712,-0.35997503995895386,0.43852925300598145,0.06389961391687393,-0.3599401116371155,0.42089980840682983,0.064377561211586,-0.35856199264526367,0.4173344671726227,0.06498510390520096,-0.3586314022541046,0.4143058657646179,0.06565379351377487,-0.35861119627952576,0.44297513365745544,0.07182864844799042,-0.24975427985191345,0.4095337986946106,0.07542063295841217,-0.24664771556854248,0.43362289667129517,0.09898047149181366,-0.3326967656612396,0.42024368047714233,0.10060258209705353,-0.33209094405174255,0.47745195031166077,0.18455249071121216,-0.1668059527873993,0.3791922926902771,0.18003098666667938,-0.15959613025188446,0.4907301962375641,0.30113422870635986,-0.12291786819696426,0.3701445460319519,0.3021937608718872,-0.11994563043117523,0.5064804553985596,0.39322561025619507,-0.2000734508037567,0.3710172772407532,0.41801193356513977,-0.19546754658222198,0.5143174529075623,0.4270351529121399,-0.22845974564552307,0.3678479492664337,0.4519704282283783,-0.22274461388587952,0.5101388692855835,0.4245334565639496,-0.2654002010822296,0.37660282850265503,0.449740469455719,-0.25627899169921875,0.5062779784202576,0.41388121247291565,-0.21910615265369415,0.3803461194038391,0.4388405382633209,-0.21106770634651184,0.46607309579849243,0.39960619807243347,0.005012479145079851,0.41215643286705017,0.41195717453956604,-0.00504924776032567,0.4814618229866028,0.5577524304389954,0.023102395236492157,0.42991456389427185,0.5762459635734558,-0.014475676231086254,0.49190229177474976,0.7267104387283325,0.13516607880592346,0.45238837599754333,0.7340387105941772,0.11677708476781845,0.4872758984565735,0.7526121139526367,0.13936610519886017,0.4602434039115906,0.7631562352180481,0.1215377226471901,0.5110045671463013,0.7729590535163879,0.018079008907079697,0.44028401374816895,0.781598687171936,-0.006798297166824341
1781515886.2720118,plank,0.43208640813827515,0.13334664702415466,-0.3472179174423218,0.43607550859451294,0.11877015233039856,-0.3314085602760315,0.43899545073509216,0.11959704011678696,-0.3313846290111542,0.44191622734069824,0.12029580771923065,-0.3313632309436798,0.42622798681259155,0.11742880195379257,-0.33388659358024597,0.42272043228149414,0.11780212074518204,-0.33393561840057373,0.4193044602870941,0.11846131086349487,-0.3339501917362213,0.4450370669364929,0.1287114918231964,-0.22337868809700012,0.4135602116584778,0.12784072756767273,-0.23410828411579132,0.4380996823310852,0.1518513411283493,-0.30635789036750793,0.42529457807540894,0.15135206282138824,-0.3106631636619568,0.4741004407405853,0.2355656772851944,-0.14342810213565826,0.3821280896663666,0.22725602984428406,-0.1579008400440216,0.4901932179927826,0.34577760100364685,-0.08631657063961029,0.3716478943824768,0.34384864568710327,-0.11894558370113373,0.5050586462020874,0.4482329785823822,-0.16088619828224182,0.37072890996932983,0.45888185501098633,-0.1941959410905838,0.5138636827468872,0.47771120071411133,-0.18437159061431885,0.36645835638046265,0.49390241503715515,-0.21895703673362732,0.5092210173606873,0.4774138629436493,-0.21911108493804932,0.37415939569473267,0.49300652742385864,-0.2512040138244629,0.504921555519104,0.46756064891815186,-0.17571285367012024,0.3786539137363434,0.4824303984642029,-0.20846879482269287,0.4631372094154358,0.4461824595928192,0.010615230537950993,0.4115571975708008,0.45448917150497437,-0.010672997683286667,0.47428005933761597,0.5968759059906006,-0.0032154240179806948,0.4305877089500427,0.6106242537498474,-0.029547560960054398,0.47278326749801636,0.7578173279762268,0.1140722781419754,0.45245152711868286,0.7793387770652771,0.08825312554836273,0.4726006090641022,0.7852967977523804,0.11774308979511261,0.45753517746925354,0.8067165613174438,0.09171997010707855,0.49852195382118225,0.7972285747528076,0.006166989449411631,0.4402826726436615,0.8319849371910095,-0.030223554000258446
1781515886.4458673,plank,0.43475160002708435,0.15603777766227722,-0.28236696124076843,0.438671737909317,0.14011132717132568,-0.26719459891319275,0.44192227721214294,0.14045104384422302,-0.2672100067138672,0.44485554099082947,0.1406669020652771,-0.2672012150287628,0.42877331376075745,0.13840995728969574,-0.2720821499824524,0.4251272678375244,0.13785339891910553,-0.2720944285392761,0.42170190811157227,0.13771557807922363,-0.2721250057220459,0.4476737082004547,0.14453758299350739,-0.1578575074672699,0.41576647758483887,0.1422971785068512,-0.18410685658454895,0.4399707317352295,0.17281290888786316,-0.23984377086162567,0.4281231462955475,0.17240431904792786,-0.24735930562019348,0.47474703192710876,0.24541468918323517,-0.06982702761888504,0.3839404284954071,0.2352277934551239,-0.11881182342767715,0.489149808883667,0.3551747500896454,-0.016255725175142288,0.37389734387397766,0.35431885719299316,-0.09006090462207794,0.5074605941772461,0.4530847668647766,-0.11448750644922256,0.3764015734195709,0.4581516683101654,-0.16577807068824768,0.5165283679962158,0.4818249046802521,-0.14015284180641174,0.3729841411113739,0.4930030107498169,-0.19071675837039948,0.5122705101966858,0.4823790192604065,-0.17681168019771576,0.3806135654449463,0.49075156450271606,-0.22248895466327667,0.5078995227813721,0.47312405705451965,-0.1311461329460144,0.38503801822662354,0.47902923822402954,-0.17928849160671234,0.4603472650051117,0.4597610831260681,0.020541654899716377,0.411854088306427,0.4647441506385803,-0.020544394850730896,0.4691280722618103,0.6201670169830322,0.04632914811372757,0.4307002127170563,0.6275997161865234,-0.03367302939295769,0.4666537344455719,0.7759873270988464,0.16419000923633575,0.452615350484848,0.7926637530326843,0.07244238257408142,0.46432510018348694,0.8017779588699341,0.16902117431163788,0.4560316205024719,0.8174436688423157,0.07500527799129486,0.49400854110717773,0.8094151616096497,0.06750805675983429,0.44071754813194275,0.839951753616333,-0.04348727688193321
1781515886.552921,plank,0.44378751516342163,0.17137807607650757,-0.2513808012008667,0.44648218154907227,0.15694952011108398,-0.23401407897472382,0.44861283898353577,0.1572280079126358,-0.23402294516563416,0.4506138861179352,0.15759417414665222,-0.23400656878948212,0.438166081905365,0.1559491753578186,-0.24452821910381317,0.4345337748527527,0.15560781955718994,-0.2445400059223175,0.4311947822570801,0.15551972389221191,-0.2445538491010666,0.44997167587280273,0.16464237868785858,-0.11947335302829742,0.4233590066432953,0.1599714756011963,-0.1718040555715561,0.4464603364467621,0.18895107507705688,-0.20716555416584015,0.4372261166572571,0.18783895671367645,-0.22223684191703796,0.47371727228164673,0.26521188020706177,-0.023739058524370193,0.3909568786621094,0.244498610496521,-0.12529250979423523,0.48615342378616333,0.3699415922164917,0.023924145847558975,0.38482898473739624,0.35504037141799927,-0.12057732045650482,0.507932186126709,0.45558688044548035,-0.08469875156879425,0.39852723479270935,0.45423343777656555,-0.21161386370658875,0.517180860042572,0.47972598671913147,-0.11074356734752655,0.3984435796737671,0.4892006814479828,-0.2424653321504593,0.515352189540863,0.4789350628852844,-0.1468946635723114,0.40568333864212036,0.4843704104423523,-0.2617034912109375,0.5106601715087891,0.47038814425468445,-0.1021016463637352,0.40754586458206177,0.47306302189826965,-0.21945133805274963,0.4603065550327301,0.47127559781074524,0.0347672700881958,0.41239315271377563,0.47457441687583923,-0.03475073352456093,0.46807488799095154,0.6317552924156189,0.059366755187511444,0.43074584007263184,0.629211962223053,-0.06566453725099564,0.4654123783111572,0.7879350185394287,0.16419143974781036,0.45193052291870117,0.7974700927734375,0.022104870527982712,0.4623478055000305,0.8137176632881165,0.16805444657802582,0.45325836539268494,0.8237999677658081,0.023121651262044907,0.49487972259521484,0.8188284039497375,0.07231546938419342,0.4426184296607971,0.8410021662712097,-0.09665374457836151
1781515886.7218137,plank,0.4570280909538269,0.19096679985523224,-0.16312149167060852,0.45928454399108887,0.17875635623931885,-0.14713159203529358,0.4605768620967865,0.17947949469089508,-0.14714965224266052,0.46160799264907837,0.18030765652656555,-0.14717301726341248,0.45275968313217163,0.17644833028316498,-0.166134774684906,0.4498715400695801,0.175616055727005,-0.16613629460334778,0.44645747542381287,0.17486590147018433,-0.1661463975906372,0.4572286605834961,0.18746812641620636,-0.048192091286182404,0.43741917610168457,0.17926336824893951,-0.1379251778125763,0.4571547508239746,0.20935499668121338,-0.12367688119411469,0.449641615152359,0.20570984482765198,-0.14950621128082275,0.4656375050544739,0.2862987518310547,0.04077336937189102,0.405056893825531,0.24816595017910004,-0.13099971413612366,0.4746292233467102,0.3912290036678314,0.08686105161905289,0.40630903840065,0.35546591877937317,-0.16456283628940582,0.505113422870636,0.46182775497436523,0.006907536182552576,0.42617177963256836,0.4561639428138733,-0.2389744073152542,0.5157726407051086,0.4834093749523163,-0.010675334371626377,0.4293057322502136,0.490529328584671,-0.2699710428714752,0.5156327486038208,0.48037707805633545,-0.04405355453491211,0.43944254517555237,0.4853183627128601,-0.28148287534713745,0.5110270977020264,0.47348836064338684,-0.009872750379145145,0.4409829080104828,0.47580501437187195,-0.24435150623321533,0.4623437821865082,0.4676695466041565,0.04426312819123268,0.4251304566860199,0.47142139077186584,-0.04418666288256645,0.4701460301876068,0.6308133602142334,0.039169084280729294,0.43565648794174194,0.6326264142990112,-0.08641211688518524,0.4664689004421234,0.7965158224105835,0.09297411143779755,0.452023983001709,0.8101013898849487,-0.01941414549946785,0.4639144539833069,0.8219913244247437,0.09411304444074631,0.4533698558807373,0.8385328650474548,-0.019866645336151123,0.4955931305885315,0.8258016109466553,0.013564378023147583,0.44343334436416626,0.8500821590423584,-0.128394216299057
1781515886.8927786,plank,0.45995503664016724,0.2171156108379364,-0.03352702036499977,0.460806667804718,0.20364448428153992,-0.019412849098443985,0.4614497721195221,0.2040412425994873,-0.019413519650697708,0.46198606491088867,0.20443738996982574,-0.019396962597966194,0.4563952386379242,0.200962632894516,-0.045959923416376114,0.4538477063179016,0.19959360361099243,-0.0459502674639225,0.45097798109054565,0.19827963411808014,-0.04597071185708046,0.4563322961330414,0.20498687028884888,0.053234584629535675,0.44038787484169006,0.19769087433815002,-0.06865239888429642,0.45740190148353577,0.2301430106163025,-0.0038960352540016174,0.45211321115493774,0.22784288227558136,-0.03947403281927109,0.44797760248184204,0.2865273058414459,0.14228393137454987,0.4161151945590973,0.2576504349708557,-0.13153715431690216,0.463207483291626,0.39563801884651184,0.18957023322582245,0.4299105107784271,0.3629445731639862,-0.19084736704826355,0.49339380860328674,0.47492873668670654,0.1441945731639862,0.4524911940097809,0.4670870006084442,-0.23993027210235596,0.5056790709495544,0.5048767328262329,0.141556516289711,0.45460405945777893,0.49914491176605225,-0.2700197398662567,0.5074854493141174,0.5063921809196472,0.11569789797067642,0.4612968862056732,0.4981418550014496,-0.26349005103111267,0.5030184984207153,0.4955730140209198,0.131092831492424,0.46131521463394165,0.48697417974472046,-0.24017195403575897,0.458228200674057,0.47639623284339905,0.08118493854999542,0.4315803647041321,0.471769243478775,-0.08121620118618011,0.4639333188533783,0.6351891160011292,0.034944646060466766,0.45002079010009766,0.6347199082374573,-0.12463754415512085,0.45999616384506226,0.8038294315338135,0.05300921946763992,0.4434632658958435,0.8165297508239746,-0.10747053474187851,0.4506515562534332,0.8363159894943237,0.05015666410326958,0.4356563091278076,0.8473396301269531,-0.11049554497003555,0.4955669045448303,0.8339468240737915,-0.009788570925593376,0.4789866507053375,0.8455350995063782,-0.19582206010818481
1781515887.0819771,plank,0.4603500962257385,0.22324462234973907,0.006059751845896244,0.4596845507621765,0.20761458575725555,0.015806404873728752,0.46015945076942444,0.20709845423698425,0.01580652967095375,0.4605647027492523,0.20646882057189941,0.015871265903115273,0.45769795775413513,0.20638670027256012,-0.015149878337979317,0.4562896192073822,0.20524908602237701,-0.015160983428359032,0.45465749502182007,0.20411008596420288,-0.0152429835870862,0.44708842039108276,0.20403385162353516,0.06596646457910538,0.44310545921325684,0.2028319239616394,-0.07395530492067337,0.4565039575099945,0.23342590034008026,0.02874099276959896,0.45387324690818787,0.23245495557785034,-0.012063679285347462,0.4199844300746918,0.27257177233695984,0.16053195297718048,0.4308973252773285,0.2599632143974304,-0.153649240732193,0.42352938652038574,0.38124051690101624,0.18496988713741302,0.44734349846839905,0.36546987295150757,-0.22760789096355438,0.43904218077659607,0.47478482127189636,0.15993228554725647,0.46658244729042053,0.47040122747421265,-0.2671617865562439,0.44072794914245605,0.4996485412120819,0.17230656743049622,0.471813440322876,0.5047490000724792,-0.29877445101737976,0.4486880302429199,0.5012680292129517,0.14840516448020935,0.4766935706138611,0.504252016544342,-0.27835458517074585,0.44796714186668396,0.4917007386684418,0.14831271767616272,0.47460633516311646,0.49233368039131165,-0.25994592905044556,0.43039464950561523,0.484211802482605,0.09508920460939407,0.44051069021224976,0.47546955943107605,-0.09514652192592621,0.4469725489616394,0.6384369134902954,0.07214324176311493,0.455502450466156,0.6339012384414673,-0.09940619021654129,0.4455278515815735,0.8135780096054077,0.07845187932252884,0.4475785791873932,0.8168936967849731,-0.08571071922779083,0.4353041648864746,0.8462126851081848,0.08470975607633591,0.43956905603408813,0.8483761548995972,-0.08813158422708511,0.4873047471046448,0.8343927264213562,0.0461457297205925,0.49347051978111267,0.8426474928855896,-0.15391544997692108
1781515887.2698758,plank,0.4584980905056,0.22023531794548035,-0.02590741589665413,0.4587792456150055,0.2045086771249771,-0.015326219610869884,0.45890527963638306,0.20415934920310974,-0.015329571440815926,0.45817074179649353,0.20371457934379578,-0.015276335179805756,0.4555625319480896,0.20293189585208893,-0.04584650695323944,0.4539291262626648,0.20162789523601532,-0.04586770012974739,0.4520599842071533,0.20036020874977112,-0.045955922454595566,0.4453834593296051,0.20180943608283997,0.041175298392772675,0.441274493932724,0.1992923766374588,-0.08992789685726166,0.4559629559516907,0.23156356811523438,-0.001437176950275898,0.4521957039833069,0.2302194982767105,-0.041745807975530624,0.424264132976532,0.2697373628616333,0.136586531996727,0.42623916268348694,0.2559729814529419,-0.17654633522033691,0.42666131258010864,0.37977251410484314,0.16626717150211334,0.4391458034515381,0.3632735013961792,-0.24537396430969238,0.4384900629520416,0.48394402861595154,0.1185884103178978,0.4596197009086609,0.46890607476234436,-0.28011763095855713,0.4360385835170746,0.5149309635162354,0.1223057359457016,0.46649155020713806,0.500357985496521,-0.3123529553413391,0.4437364935874939,0.5105814337730408,0.09742886573076248,0.47185811400413513,0.4989274740219116,-0.29922574758529663,0.44197550415992737,0.5006883144378662,0.1054091602563858,0.4691864550113678,0.48772022128105164,-0.27494457364082336,0.43644991517066956,0.48189204931259155,0.09161805361509323,0.43878355622291565,0.47528910636901855,-0.09164642542600632,0.44854432344436646,0.638174295425415,0.07263950258493423,0.45249810814857483,0.6336119174957275,-0.10283254086971283,0.45012980699539185,0.8103418946266174,0.07875445485115051,0.44492191076278687,0.8183667659759521,-0.08461590856313705,0.44131550192832947,0.8433860540390015,0.07723209261894226,0.436271995306015,0.8481698036193848,-0.08765363693237305,0.4877983033657074,0.8355498313903809,0.019381873309612274,0.48620176315307617,0.8433018922805786,-0.1671554446220398
1781515887.4577627,plank,0.4577234387397766,0.2185315042734146,-0.038828957825899124,0.45830172300338745,0.20317710936069489,-0.029353808611631393,0.4587797522544861,0.20294933021068573,-0.029358502477407455,0.45780467987060547,0.2025958001613617,-0.029328295961022377,0.45453834533691406,0.20113623142242432,-0.0585261695086956,0.45267432928085327,0.1996648758649826,-0.05854861065745354,0.45055636763572693,0.19827477633953094,-0.058639563620090485,0.4461115896701813,0.2014569193124771,0.02762632444500923,0.4405345916748047,0.19734790921211243,-0.10285486280918121,0.4550345838069916,0.23129011690616608,-0.013974437490105629,0.45136722922325134,0.22932597994804382,-0.052520036697387695,0.4334339201450348,0.27467218041419983,0.12001606076955795,0.4208354949951172,0.2556726932525635,-0.17132464051246643,0.44150084257125854,0.3794507682323456,0.16274480521678925,0.4314943850040436,0.36556026339530945,-0.2154185026884079,0.45858651399612427,0.4784400463104248,0.10957708209753036,0.4538062512874603,0.47205203771591187,-0.2225480079650879,0.44143643975257874,0.5105019211769104,0.1075587272644043,0.4606177806854248,0.5008293390274048,-0.25028735399246216,0.45926541090011597,0.5099843144416809,0.08231227844953537,0.4659954607486725,0.4987502992153168,-0.24748826026916504,0.4638279974460602,0.4979909360408783,0.09579118341207504,0.4633210301399231,0.4890938103199005,-0.22006073594093323,0.4462786316871643,0.4794066548347473,0.08149081468582153,0.43123969435691833,0.4760333299636841,-0.08144238591194153,0.4538668096065521,0.6354455947875977,0.0287683866918087,0.4437161087989807,0.6332487463951111,-0.12294646352529526,0.4517684876918793,0.8082315325737,0.056282274425029755,0.4413672387599945,0.8156125545501709,-0.0919579342007637,0.4442395567893982,0.8396928310394287,0.054083071649074554,0.4343830943107605,0.8452802896499634,-0.09431251883506775,0.49173086881637573,0.8380715250968933,-0.011092497035861015,0.4803451895713806,0.8450539708137512,-0.183230921626091
1781515887.6288853,plank,0.4530416429042816,0.21578197181224823,-0.1592714488506317,0.4544481337070465,0.2022644430398941,-0.14214348793029785,0.45595431327819824,0.20250853896141052,-0.14216263592243195,0.4565432667732239,0.20272164046764374,-0.14216408133506775,0.44783154129981995,0.2001306265592575,-0.15609046816825867,0.4448026716709137,0.19923852384090424,-0.15610668063163757,0.44164425134658813,0.19866718351840973,-0.15612593293190002,0.44943684339523315,0.20658834278583527,-0.03759016841650009,0.433208167552948,0.20250321924686432,-0.10290185362100601,0.4531799256801605,0.2306748479604721,-0.11866794526576996,0.44607704877853394,0.22953514754772186,-0.1376420110464096,0.4679095149040222,0.2984912097454071,0.04385007172822952,0.4048032760620117,0.2748173177242279,-0.08753346651792526,0.4810734689235687,0.4004676043987274,0.07365858554840088,0.40537557005882263,0.3758200407028198,-0.11274141073226929,0.4984866678714752,0.4871029257774353,-0.0349467471241951,0.4242171347141266,0.4764723777770996,-0.20585723221302032,0.5060924887657166,0.516177773475647,-0.06099947541952133,0.4279978275299072,0.5076192617416382,-0.23950672149658203,0.5046874284744263,0.5163389444351196,-0.09378383308649063,0.4353371560573578,0.5032494068145752,-0.252677857875824,0.5009710788726807,0.5060334205627441,-0.05163033679127693,0.4363900125026703,0.49418365955352783,-0.21190790832042694,0.4685230851173401,0.4905635416507721,0.035391245037317276,0.4295519292354584,0.49214333295822144,-0.035304322838783264,0.47942036390304565,0.6410453915596008,0.003542735008522868,0.43215250968933105,0.6457898616790771,-0.08399404585361481,0.487112820148468,0.8065647482872009,0.07792909443378448,0.43447065353393555,0.8231383562088013,0.0013266197638586164,0.48127394914627075,0.8340874314308167,0.07970797270536423,0.43224796652793884,0.8496236205101013,0.0028798445127904415,0.4977113604545593,0.8384905457496643,-0.032685793936252594,0.4491308629512787,0.8520057797431946,-0.11075292527675629
1781515887.8179758,plank,0.45087355375289917,0.22015635669231415,-0.19487938284873962,0.45344963669776917,0.206552654504776,-0.17897212505340576,0.45554453134536743,0.20673353970050812,-0.17898139357566833,0.4566943645477295,0.20700691640377045,-0.1789722442626953,0.4456712603569031,0.2054920643568039,-0.18505731225013733,0.44271308183670044,0.20520411431789398,-0.1850767433643341,0.439484179019928,0.20536692440509796,-0.18507303297519684,0.4562032222747803,0.21186771988868713,-0.07716010510921478,0.4327709674835205,0.21009500324726105,-0.10200561583042145,0.4528830945491791,0.23494906723499298,-0.15589018166065216,0.4446280598640442,0.23470713198184967,-0.1646866500377655,0.4820936322212219,0.2988808751106262,-0.0038624380249530077,0.40504151582717896,0.28742846846580505,-0.0670752078294754,0.4958433508872986,0.3975803256034851,0.011276662349700928,0.40153980255126953,0.38540902733802795,-0.09098242223262787,0.5079233646392822,0.4868617653846741,-0.10397864878177643,0.4115142226219177,0.47660067677497864,-0.2084420621395111,0.5142512321472168,0.514685332775116,-0.13232630491256714,0.41031414270401,0.5079374313354492,-0.24240605533123016,0.5107117295265198,0.5144915580749512,-0.163447767496109,0.4161608815193176,0.5031276941299438,-0.2578953206539154,0.5070732235908508,0.5045516490936279,-0.11920322477817535,0.4179099202156067,0.4931160509586334,-0.216922789812088,0.4739745557308197,0.4950675964355469,0.021629730239510536,0.4294990599155426,0.4951271116733551,-0.021573495119810104,0.48061537742614746,0.6461015939712524,0.009004459716379642,0.4325198233127594,0.6460703015327454,-0.0631786361336708,0.4912644028663635,0.8019819259643555,0.09853033721446991,0.4320107102394104,0.8221401572227478,0.018518518656492233,0.4850362241268158,0.8307866454124451,0.10031779855489731,0.4310399889945984,0.8512424230575562,0.019403118640184402,0.4984760284423828,0.8376550674438477,-0.007919330149888992,0.44463855028152466,0.8489713668823242,-0.09492234140634537
1781515887.9887125,plank,0.4506677985191345,0.2214573472738266,-0.23337741196155548,0.45354270935058594,0.2074436992406845,-0.22076444327831268,0.45598164200782776,0.207264706492424,-0.22076216340065002,0.4582885801792145,0.20736202597618103,-0.22073635458946228,0.44603651762008667,0.20802798867225647,-0.21956190466880798,0.4432692527770996,0.20859873294830322,-0.21959634125232697,0.44033581018447876,0.20935757458209991,-0.219614177942276,0.46281346678733826,0.2126404494047165,-0.13388805091381073,0.43626952171325684,0.21590889990329742,-0.128697007894516,0.4544912874698639,0.23582085967063904,-0.2002873420715332,0.4452540874481201,0.23672105371952057,-0.1990378350019455,0.49596771597862244,0.29701322317123413,-0.08854271471500397,0.4137101173400879,0.3048745095729828,-0.06169447302818298,0.5093669295310974,0.39507654309272766,-0.10313545167446136,0.4045426845550537,0.4013903737068176,-0.05538157746195793,0.510357141494751,0.48526862263679504,-0.22217495739459991,0.4076719284057617,0.4944336414337158,-0.16129842400550842,0.5132331848144531,0.5134825110435486,-0.25389009714126587,0.40394312143325806,0.5254745483398438,-0.1904314160346985,0.5069592595100403,0.5129335522651672,-0.27938908338546753,0.4078802466392517,0.5240399837493896,-0.21296873688697815,0.5040351152420044,0.5032128095626831,-0.23393404483795166,0.41109347343444824,0.5143853425979614,-0.1725742071866989,0.4849555492401123,0.5039354562759399,-0.006191053427755833,0.4358835220336914,0.5024712681770325,0.006164168007671833,0.483769953250885,0.6502542495727539,-0.01003787200897932,0.43187785148620605,0.6447675824165344,-0.06952843815088272,0.4916397035121918,0.7994120121002197,0.10012643039226532,0.44091805815696716,0.8191349506378174,0.015134806744754314,0.4852132201194763,0.8278908729553223,0.10374057292938232,0.45186853408813477,0.8444110155105591,0.015657449141144753,0.4983599781990051,0.8371334671974182,-0.007073523942381144,0.42324191331863403,0.8550707697868347,-0.0951235443353653
1781515888.1629398,plank,0.45009979605674744,0.22122769057750702,-0.24165114760398865,0.45386940240859985,0.20710258185863495,-0.22812943160533905,0.4566836953163147,0.20681126415729523,-0.22814682126045227,0.45922985672950745,0.2067544162273407,-0.22814293205738068,0.4456855356693268,0.2082097828388214,-0.2267932891845703,0.44279080629348755,0.2088543325662613,-0.2268093377351761,0.44024792313575745,0.2095697969198227,-0.22682388126850128,0.4645939767360687,0.2126741260290146,-0.14065669476985931,0.43797731399536133,0.21690957248210907,-0.13403694331645966,0.456339031457901,0.23553115129470825,-0.2087259292602539,0.44612884521484375,0.23629619181156158,-0.20700252056121826,0.4973316788673401,0.2985150218009949,-0.09750096499919891,0.4166439473628998,0.30877894163131714,-0.06438402831554413,0.5095326900482178,0.39410537481307983,-0.1101057156920433,0.40548911690711975,0.40727242827415466,-0.038915373384952545,0.510562539100647,0.4845502972602844,-0.23559656739234924,0.41170650720596313,0.4986133575439453,-0.1261756718158722,0.5137135982513428,0.5133326053619385,-0.2702098488807678,0.4075719714164734,0.5297026038169861,-0.1536596119403839,0.5062242746353149,0.5123113989830017,-0.29565078020095825,0.4107135832309723,0.5279170870780945,-0.17982107400894165,0.5037215352058411,0.5034629106521606,-0.24790401756763458,0.4142301678657532,0.5180445909500122,-0.1385619342327118,0.48780542612075806,0.5030654668807983,-0.011530628427863121,0.4407045245170593,0.5049141645431519,0.01150591392070055,0.4838545322418213,0.6535621881484985,-0.014188949950039387,0.4396072328090668,0.6497147679328918,-0.005889446474611759,0.4890845715999603,0.7985681891441345,0.10858674347400665,0.4610404968261719,0.8065189123153687,0.12231497466564178,0.4859723150730133,0.8234498500823975,0.11369109153747559,0.4682520925998688,0.8281633257865906,0.12776288390159607,0.4974161982536316,0.8373858332633972,0.004755987785756588,0.4345366358757019,0.8536081910133362,0.026615997776389122
1781515888.34966,plank,0.44941607117652893,0.2228696197271347,-0.22048214077949524,0.45391958951950073,0.20903457701206207,-0.2075793296098709,0.45687729120254517,0.2088240683078766,-0.2076035737991333,0.4594534933567047,0.208831787109375,-0.2076052874326706,0.4453740119934082,0.2102763056755066,-0.20614877343177795,0.4426005780696869,0.21092139184474945,-0.206159308552742,0.4400961995124817,0.2115982323884964,-0.20616021752357483,0.46422332525253296,0.21503087878227234,-0.1215984970331192,0.43810659646987915,0.21847455203533173,-0.11612789332866669,0.4562920033931732,0.2368738204240799,-0.18797795474529266,0.44525352120399475,0.2376706451177597,-0.18632760643959045,0.4958890974521637,0.2993808090686798,-0.08076807111501694,0.4170738756656647,0.31133607029914856,-0.04135490208864212,0.5094963908195496,0.3929854929447174,-0.10364343971014023,0.4065667986869812,0.41172298789024353,-0.017136381939053535,0.509178638458252,0.47929275035858154,-0.23884908854961395,0.4130716323852539,0.5014714002609253,-0.10981843620538712,0.511918306350708,0.5095595717430115,-0.27630728483200073,0.4090029299259186,0.5318564772605896,-0.1378343105316162,0.5055758953094482,0.5053964257240295,-0.30035096406936646,0.41258174180984497,0.5306923985481262,-0.1647147834300995,0.5031627416610718,0.49591806530952454,-0.2506762146949768,0.4160381853580475,0.5209802985191345,-0.12260749191045761,0.4853334426879883,0.5030292272567749,-0.013922234997153282,0.44006791710853577,0.5061582922935486,0.013925154693424702,0.48309746384620667,0.6526526808738708,-0.022596722468733788,0.4447781443595886,0.6516651511192322,0.004542282782495022,0.48857051134109497,0.7989068031311035,0.07589400559663773,0.46299973130226135,0.807002604007721,0.10127143561840057,0.48614805936813354,0.823438286781311,0.07737141847610474,0.4690963327884674,0.827360212802887,0.10356291383504868,0.49606433510780334,0.8377406597137451,-0.035598598420619965,0.443856805562973,0.8529550433158875,0.001119834603741765
1781515888.5371528,plank,0.4549015462398529,0.2244986593723297,-0.20982292294502258,0.4590684771537781,0.2118382304906845,-0.19186368584632874,0.4622405171394348,0.21255798637866974,-0.19189909100532532,0.46474695205688477,0.21352671086788177,-0.1919088363647461,0.45123982429504395,0.2115078568458557,-0.18948212265968323,0.44841986894607544,0.21187621355056763,-0.18949633836746216,0.4456818103790283,0.212421253323555,-0.18952219188213348,0.4691193997859955,0.22162091732025146,-0.09468557685613632,0.4422324597835541,0.21975691616535187,-0.09332682192325592,0.46034303307533264,0.2409628927707672,-0.17342253029346466,0.4495038390159607,0.23960931599140167,-0.17047327756881714,0.4957191050052643,0.31012964248657227,-0.06824822723865509,0.41700878739356995,0.30856630206108093,-0.03896313160657883,0.5080900192260742,0.398123174905777,-0.0933508425951004,0.40716251730918884,0.40878820419311523,-0.048905737698078156,0.5078396201133728,0.47751256823539734,-0.24207234382629395,0.41365939378738403,0.49978750944137573,-0.15984192490577698,0.5106194019317627,0.5069466829299927,-0.2804376780986786,0.41029229760169983,0.5297922492027283,-0.193359375,0.5049932599067688,0.501319169998169,-0.3031209111213684,0.41406115889549255,0.5284352898597717,-0.21500356495380402,0.5025380849838257,0.49213090538978577,-0.254555344581604,0.41698986291885376,0.5190653204917908,-0.17161627113819122,0.48343387246131897,0.5087866187095642,-0.007671212311834097,0.4395812451839447,0.5126802921295166,0.007684329990297556,0.4836662709712982,0.6525659561157227,-0.01957542821764946,0.4456290602684021,0.6562761068344116,-0.013676190748810768,0.48850274085998535,0.7989161014556885,0.10916973650455475,0.46324437856674194,0.8072308897972107,0.12055939435958862,0.48637956380844116,0.8231307864189148,0.1158284917473793,0.46980637311935425,0.8278552293777466,0.12687432765960693,0.4957762360572815,0.8377431035041809,0.007187586277723312,0.44730740785598755,0.8526787757873535,0.022212054580450058
1781515888.7086966,plank,0.48279792070388794,0.23654143512248993,-0.056618720293045044,0.4832746386528015,0.22453083097934723,-0.04205576330423355,0.4839634895324707,0.22518287599086761,-0.042079098522663116,0.4846140444278717,0.2259523570537567,-0.04207524657249451,0.479036420583725,0.22167864441871643,-0.060031600296497345,0.47671985626220703,0.22047016024589539,-0.06004202365875244,0.47411292791366577,0.21942275762557983,-0.06005697324872017,0.47897642850875854,0.2310093194246292,0.037955742329359055,0.46304407715797424,0.2226344794034958,-0.04545716196298599,0.4798310697078705,0.24921953678131104,-0.02529297210276127,0.4747166633605957,0.24731901288032532,-0.04982889071106911,0.4915781021118164,0.3245220184326172,0.08596674352884293,0.4205656945705414,0.29340705275535583,-0.03982768952846527,0.4982418119907379,0.4156588613986969,0.07781558483839035,0.40944647789001465,0.38904058933258057,-0.09550470113754272,0.5066229104995728,0.4888854920864105,-0.036888644099235535,0.4175223410129547,0.485627144575119,-0.196421816945076,0.5102649927139282,0.5157053470611572,-0.05954699590802193,0.4163298010826111,0.5154107809066772,-0.22930535674095154,0.5056170225143433,0.5111084580421448,-0.08450005203485489,0.4231978952884674,0.5108935236930847,-0.24412663280963898,0.5029999017715454,0.5030238032341003,-0.05052889510989189,0.4253165125846863,0.5013271570205688,-0.20381808280944824,0.4782423973083496,0.5084467530250549,0.03221159800887108,0.4379146695137024,0.5077134370803833,-0.03212905302643776,0.4848405420780182,0.6465778946876526,-0.014018704183399677,0.4433214068412781,0.6485006809234619,-0.09320119023323059,0.4911739230155945,0.7988946437835693,0.04027480259537697,0.4518120288848877,0.8069307208061218,-0.037144821137189865,0.487307608127594,0.8259885907173157,0.039117369800806046,0.45631009340286255,0.828050971031189,-0.038148242980241776,0.5009609460830688,0.836818277835846,-0.042384956032037735,0.44794803857803345,0.8524491786956787,-0.13671115040779114
1781515888.8958085,plank,0.48833364248275757,0.2431919127702713,-0.05216236039996147,0.48798251152038574,0.23047909140586853,-0.03764864057302475,0.48820385336875916,0.23067179322242737,-0.03766800835728645,0.48833394050598145,0.2309313863515854,-0.037660036236047745,0.4844875931739807,0.2276148647069931,-0.06006255000829697,0.48218774795532227,0.22594767808914185,-0.060077838599681854,0.47978076338768005,0.22447188198566437,-0.06009906530380249,0.4805539548397064,0.23403221368789673,0.04162631556391716,0.46835049986839294,0.225545272231102,-0.06017844006419182,0.48422661423683167,0.254872590303421,-0.020663324743509293,0.48002105951309204,0.25288665294647217,-0.050986457616090775,0.48673564195632935,0.32646360993385315,0.10945004224777222,0.4233052134513855,0.2849326431751251,-0.07422623783349991,0.4913627505302429,0.4190762937068939,0.11949191242456436,0.41092801094055176,0.37953314185142517,-0.12096011638641357,0.5051383376121521,0.4938168525695801,0.010051066055893898,0.4208166003227234,0.47688421607017517,-0.18997983634471893,0.5099952816963196,0.5197710394859314,-0.007207137532532215,0.4214490056037903,0.5074977278709412,-0.22031784057617188,0.5062907338142395,0.5160208940505981,-0.035442858934402466,0.42878127098083496,0.5020924210548401,-0.2310151606798172,0.5034079551696777,0.5081727504730225,-0.004848049487918615,0.43029531836509705,0.4918977916240692,-0.1939491480588913,0.474111407995224,0.506080150604248,0.05637906864285469,0.4369816184043884,0.5004352331161499,-0.056301988661289215,0.4844587743282318,0.6436102390289307,0.02195536531507969,0.44314175844192505,0.6448320746421814,-0.11565744876861572,0.491656631231308,0.7983450889587402,0.05732426792383194,0.4426259994506836,0.8092238306999207,-0.08104203641414642,0.48642659187316895,0.8270596861839294,0.057211559265851974,0.4433574676513672,0.8337832689285278,-0.08398239314556122,0.5093791484832764,0.8339157104492188,-0.02244364097714424,0.4483333230018616,0.8521477580070496,-0.18452434241771698
1781515889.0830069,plank,0.48732343316078186,0.25476133823394775,-0.042026083916425705,0.4866947531700134,0.23829956352710724,-0.03147509694099426,0.48622608184814453,0.23763686418533325,-0.031478945165872574,0.4857478737831116,0.2370033860206604,-0.031435899436473846,0.48491033911705017,0.23677267134189606,-0.06282100081443787,0.48307839035987854,0.2349587380886078,-0.06286536902189255,0.4811352789402008,0.23297566175460815,-0.06296099722385406,0.4774177670478821,0.23448501527309418,0.02605048194527626,0.46921682357788086,0.2289133220911026,-0.11496764421463013,0.4812609553337097,0.26679036021232605,-0.017009323462843895,0.4792512357234955,0.26437580585479736,-0.058729566633701324,0.45419058203697205,0.3174336850643158,0.12120361626148224,0.4330649971961975,0.2762546241283417,-0.18776410818099976,0.44131484627723694,0.4212872385978699,0.1541706621646881,0.4248781204223633,0.37984997034072876,-0.25258809328079224,0.4500885605812073,0.5072834491729736,0.11638695001602173,0.446225643157959,0.4906021058559418,-0.29115980863571167,0.45546722412109375,0.5382424592971802,0.12337049096822739,0.45312872529029846,0.5196980237960815,-0.32363003492355347,0.457808256149292,0.5366381406784058,0.09895958751440048,0.45855578780174255,0.5157445669174194,-0.3100816607475281,0.4562557637691498,0.5245867967605591,0.10412617027759552,0.45653146505355835,0.5073192715644836,-0.28553956747055054,0.4448511600494385,0.5058355331420898,0.08627931773662567,0.4203520715236664,0.49931979179382324,-0.08626997470855713,0.45958104729652405,0.6471437811851501,0.07440930604934692,0.42317837476730347,0.6515808701515198,-0.14060735702514648,0.49088820815086365,0.7995506525039673,0.12580931186676025,0.4172160029411316,0.8382161259651184,-0.12657974660396576,0.4861174523830414,0.8277698755264282,0.12577985227108002,0.4082324504852295,0.8656178712844849,-0.13113367557525635,0.5144627690315247,0.8340470790863037,0.06965324282646179,0.4531738758087158,0.8623939752578735,-0.22481748461723328
1781515889.2553594,plank,0.4813474714756012,0.24823960661888123,0.004227065481245518,0.4814913868904114,0.23315982520580292,0.015438420698046684,0.4819127917289734,0.23278838396072388,0.01541199255734682,0.482832133769989,0.23246578872203827,0.01542923878878355,0.4787499010562897,0.2315388321876526,-0.014666767790913582,0.47697409987449646,0.2301199585199356,-0.01469749677926302,0.47504958510398865,0.22870711982250214,-0.014793217182159424,0.47009652853012085,0.23345769941806793,0.07359202206134796,0.46414071321487427,0.22777847945690155,-0.0634336844086647,0.48016661405563354,0.2606368064880371,0.029641371220350266,0.47360759973526,0.25877314805984497,-0.010400904342532158,0.4397801458835602,0.302234947681427,0.16635486483573914,0.4324968755245209,0.26989901065826416,-0.14343079924583435,0.42285436391830444,0.41729116439819336,0.20306017994880676,0.43082696199417114,0.3823637366294861,-0.21656593680381775,0.4318273663520813,0.5060432553291321,0.16991929709911346,0.45284056663513184,0.4924178719520569,-0.2617493271827698,0.438197523355484,0.5324721932411194,0.17559024691581726,0.460956335067749,0.51979660987854,-0.2928531765937805,0.4445973038673401,0.5305167436599731,0.1529185026884079,0.4654320776462555,0.5160710215568542,-0.2813752591609955,0.4425528049468994,0.5195757746696472,0.1581801474094391,0.46197229623794556,0.5075947046279907,-0.2570188641548157,0.43088966608047485,0.5049581527709961,0.08721065521240234,0.4060555100440979,0.49660900235176086,-0.08719408512115479,0.4521639943122864,0.6469992399215698,0.03729594498872757,0.4125991761684418,0.6536303162574768,-0.16880939900875092,0.4699290692806244,0.8079765439033508,0.05937567353248596,0.41570401191711426,0.8398257493972778,-0.18302807211875916,0.46436649560928345,0.8368989825248718,0.056811004877090454,0.409878671169281,0.866718053817749,-0.19072553515434265,0.5105540752410889,0.8358875513076782,-0.007298074662685394,0.452919065952301,0.8691615462303162,-0.2891228199005127
1781515889.4428568,plank,0.47808709740638733,0.23679566383361816,-0.033210791647434235,0.477327436208725,0.22085070610046387,-0.02105410397052765,0.47745880484580994,0.2205372303724289,-0.021077606827020645,0.47705474495887756,0.2203415483236313,-0.02105896919965744,0.4749479293823242,0.2187241017818451,-0.04614444077014923,0.47307896614074707,0.21701054275035858,-0.04617069289088249,0.47104936838150024,0.2153925597667694,-0.046238917857408524,0.46444764733314514,0.21819740533828735,0.046061720699071884,0.45890966057777405,0.2125876545906067,-0.0874328464269638,0.47356677055358887,0.24744772911071777,-0.00465875631198287,0.46954187750816345,0.24524106085300446,-0.038351017981767654,0.4331969618797302,0.28780221939086914,0.1480444371700287,0.4314497113227844,0.26168209314346313,-0.1703328788280487,0.4202563762664795,0.40100806951522827,0.18563836812973022,0.4304184019565582,0.37748128175735474,-0.24201087653636932,0.42848125100135803,0.4976446330547333,0.14362668991088867,0.44883018732070923,0.4926985800266266,-0.275316447019577,0.4330555498600006,0.5243943333625793,0.14816538989543915,0.4568871855735779,0.5203208327293396,-0.30656737089157104,0.43936610221862793,0.5219230055809021,0.12427306175231934,0.4619944095611572,0.5164893269538879,-0.29565736651420593,0.43727296590805054,0.5108677744865417,0.13112592697143555,0.4591197967529297,0.5075923204421997,-0.2706095576286316,0.4248127341270447,0.5004653334617615,0.09348391741514206,0.40548819303512573,0.4912486970424652,-0.09351170063018799,0.44020262360572815,0.647886335849762,0.04017583280801773,0.41264790296554565,0.6536065340042114,-0.13035836815834045,0.450604110956192,0.8183732628822327,0.05370994657278061,0.4176274836063385,0.8363626003265381,-0.11513064056634903,0.4455474317073822,0.8483811020851135,0.05111696571111679,0.4123665392398834,0.8657967448234558,-0.12105529010295868,0.4935165345668793,0.8393356204032898,-0.023009367287158966,0.45467033982276917,0.8683722019195557,-0.214390367269516
1781515889.55214,plank,0.4752587676048279,0.22970689833164215,-0.031084895133972168,0.4734137952327728,0.21345047652721405,-0.017913857474923134,0.47292837500572205,0.212985098361969,-0.017919063568115234,0.47221532464027405,0.21264085173606873,-0.017870482057332993,0.47206902503967285,0.2118842601776123,-0.04699504002928734,0.47048115730285645,0.2104296088218689,-0.04701000824570656,0.4686855375766754,0.20910979807376862,-0.04709835723042488,0.4601161479949951,0.21015678346157074,0.049422089010477066,0.4562017023563385,0.20690973103046417,-0.08644028007984161,0.46876710653305054,0.2400164008140564,-0.0023755927104502916,0.46657857298851013,0.23818710446357727,-0.040728360414505005,0.42204052209854126,0.2729472517967224,0.15766002237796783,0.43503111600875854,0.25903603434562683,-0.16829814016819,0.41226497292518616,0.38712549209594727,0.18847773969173431,0.43574175238609314,0.3699517846107483,-0.24631936848163605,0.41293543577194214,0.48984214663505554,0.15351052582263947,0.44642844796180725,0.4925276041030884,-0.2820070683956146,0.4130001664161682,0.5187509655952454,0.1630246788263321,0.45293253660202026,0.5203130841255188,-0.3129218518733978,0.4206077456474304,0.5197685956954956,0.13979773223400116,0.4584485590457916,0.5165916681289673,-0.2986864447593689,0.420036256313324,0.5085271000862122,0.1416143774986267,0.4570247232913971,0.5076495409011841,-0.27609628438949585,0.4087408483028412,0.49442359805107117,0.09766622632741928,0.40940266847610474,0.48676493763923645,-0.09777195751667023,0.42469531297683716,0.6520344018936157,0.07199563086032867,0.4152836799621582,0.652550995349884,-0.09322865307331085,0.43380531668663025,0.8234573602676392,0.09259085357189178,0.41989779472351074,0.8361055850982666,-0.09192250669002533,0.42511892318725586,0.8544922471046448,0.09013372659683228,0.4157637655735016,0.8639139533042908,-0.098573699593544,0.4752342104911804,0.8440180420875549,0.04076692461967468,0.4645511209964752,0.8633381128311157,-0.16583463549613953
1781515889.661806,plank,0.4731341004371643,0.22392413020133972,-0.008113265037536621,0.47091689705848694,0.20745930075645447,0.0033154524862766266,0.470248281955719,0.20703226327896118,0.003310374915599823,0.4694424569606781,0.20669017732143402,0.0033696223981678486,0.46988096833229065,0.20614765584468842,-0.02761315368115902,0.4684029519557953,0.20493432879447937,-0.027626821771264076,0.46668046712875366,0.20383118093013763,-0.02773251198232174,0.4577009081840515,0.20498009026050568,0.06265849620103836,0.45397695899009705,0.20215240120887756,-0.07993628084659576,0.46639910340309143,0.23458686470985413,0.01761063188314438,0.4648563861846924,0.23303018510341644,-0.023351378738880157,0.42057520151138306,0.27125996351242065,0.16402246057987213,0.4352431893348694,0.2561265528202057,-0.16406169533729553,0.4138753414154053,0.38644903898239136,0.19497038424015045,0.43801283836364746,0.36542022228240967,-0.23949754238128662,0.42238086462020874,0.4851607382297516,0.15571896731853485,0.44579362869262695,0.4908139109611511,-0.26863840222358704,0.4245149493217468,0.5142102837562561,0.16353432834148407,0.4528789520263672,0.5186958909034729,-0.2985517382621765,0.4327811300754547,0.5135983228683472,0.13968220353126526,0.45741087198257446,0.5154504179954529,-0.28829455375671387,0.4306843876838684,0.5014724135398865,0.14322122931480408,0.4551924765110016,0.5066353678703308,-0.26378974318504333,0.4113650321960449,0.49362912774086,0.09881938993930817,0.4113728404045105,0.4858253002166748,-0.09894842654466629,0.4247879087924957,0.6536546945571899,0.07731997221708298,0.4170636236667633,0.6525350213050842,-0.08843859285116196,0.4340324401855469,0.8243944644927979,0.10055547952651978,0.421691358089447,0.8351336121559143,-0.07986464351415634,0.42561665177345276,0.8558294773101807,0.09816145151853561,0.41644492745399475,0.8637436032295227,-0.08550117909908295,0.4749867022037506,0.8461156487464905,0.046697936952114105,0.46451371908187866,0.8621605038642883,-0.15796606242656708
1781515889.8495831,plank,0.47059550881385803,0.2196197509765625,-0.02152848057448864,0.4683249592781067,0.2038927972316742,-0.009666936472058296,0.46778059005737305,0.2035151571035385,-0.009675894863903522,0.4671735167503357,0.20316249132156372,-0.009622856043279171,0.46683770418167114,0.20230437815189362,-0.03933313488960266,0.4652446210384369,0.2010454386472702,-0.03934844583272934,0.4633631110191345,0.19982798397541046,-0.039450209587812424,0.45601511001586914,0.20188209414482117,0.054373789578676224,0.4508064389228821,0.19858938455581665,-0.08062975108623505,0.46449798345565796,0.23040209710597992,0.006171799264848232,0.4627818167209625,0.2284950613975525,-0.033017177134752274,0.4228861331939697,0.27012142539024353,0.15969686210155487,0.4344352185726166,0.2535635530948639,-0.16514775156974792,0.41732722520828247,0.38468924164772034,0.19475246965885162,0.4382406771183014,0.3640483319759369,-0.2291247397661209,0.4293261170387268,0.48221394419670105,0.15178586542606354,0.44784218072891235,0.48879334330558777,-0.24199454486370087,0.4314979612827301,0.5123816728591919,0.1576860249042511,0.4548272490501404,0.5170283317565918,-0.26847192645072937,0.4379842281341553,0.5108678340911865,0.13408245146274567,0.4588955044746399,0.5144397020339966,-0.2578818202018738,0.43697819113731384,0.49832674860954285,0.1390521228313446,0.4560292661190033,0.5056158900260925,-0.23647478222846985,0.41631704568862915,0.492620050907135,0.09739227592945099,0.4125478267669678,0.4851512610912323,-0.09752362966537476,0.42818307876586914,0.6554510593414307,0.08323650062084198,0.4185262620449066,0.652485728263855,-0.08428798615932465,0.43502122163772583,0.8248648643493652,0.11148013919591904,0.4223594665527344,0.8337021470069885,-0.06447546929121017,0.4266037940979004,0.8561409711837769,0.10964465141296387,0.4159654676914215,0.8635498285293579,-0.06870602071285248,0.4765816628932953,0.8477227687835693,0.057984381914138794,0.46458157896995544,0.8614871501922607,-0.14594784379005432
1781515890.0378225,plank,0.46734923124313354,0.21539077162742615,-0.022145196795463562,0.46507102251052856,0.1999940723180771,-0.008031317964196205,0.46465787291526794,0.19970010221004486,-0.008041423745453358,0.4641365110874176,0.19936229288578033,-0.00800001434981823,0.4631560444831848,0.19855639338493347,-0.037719957530498505,0.4613896906375885,0.19745458662509918,-0.037734851241111755,0.4592468738555908,0.19630268216133118,-0.037829987704753876,0.45284503698349,0.19924767315387726,0.062168996781110764,0.4465130865573883,0.1962319314479828,-0.07266063988208771,0.46184054017066956,0.22698426246643066,0.007532231509685516,0.45961737632751465,0.2253870815038681,-0.031529080122709274,0.4215981364250183,0.271216481924057,0.16916276514530182,0.43274039030075073,0.2526959776878357,-0.15744519233703613,0.4145291745662689,0.38725101947784424,0.20506879687309265,0.43859797716140747,0.3661133944988251,-0.22023019194602966,0.4296962320804596,0.48327839374542236,0.16288188099861145,0.456381618976593,0.4855442941188812,-0.22299930453300476,0.42968711256980896,0.5133273005485535,0.16927345097064972,0.462688684463501,0.5154252052307129,-0.24802716076374054,0.436926931142807,0.5111672878265381,0.1474006026983261,0.4669856131076813,0.5129923224449158,-0.23739199340343475,0.43513497710227966,0.49947255849838257,0.15088795125484467,0.46396780014038086,0.5041344165802002,-0.21758262813091278,0.41975346207618713,0.4919760525226593,0.09753883630037308,0.4157576560974121,0.4845085144042969,-0.09771683812141418,0.4277428984642029,0.6561164259910583,0.08162202686071396,0.4189925193786621,0.652449905872345,-0.08897258341312408,0.43613505363464355,0.8251335024833679,0.11093796789646149,0.42246001958847046,0.8328905701637268,-0.07157082110643387,0.42875781655311584,0.8556960821151733,0.10961190611124039,0.41508930921554565,0.8639393448829651,-0.07526981830596924,0.4765044152736664,0.8481174111366272,0.059171855449676514,0.463259220123291,0.8614484071731567,-0.14787538349628448
1781515890.2257867,plank,0.4664337635040283,0.2227925807237625,-0.016272349283099174,0.4645434021949768,0.2053428441286087,-0.005156596191227436,0.4642161428928375,0.20431126654148102,-0.005165738053619862,0.46375155448913574,0.2032558172941208,-0.005108977202326059,0.4620634615421295,0.20424312353134155,-0.03705583140254021,0.46045055985450745,0.20257358253002167,-0.03707781061530113,0.45882448554039,0.2008129358291626,-0.03718871250748634,0.4531441628932953,0.19981051981449127,0.057673998177051544,0.4465107023715973,0.19749203324317932,-0.09179539978504181,0.46073466539382935,0.2342703640460968,0.009149735793471336,0.45874467492103577,0.23308919370174408,-0.032493118196725845,0.42200154066085815,0.2719807028770447,0.1609933078289032,0.4309542179107666,0.2539811432361603,-0.17739327251911163,0.41532865166664124,0.3880676329135895,0.1990845501422882,0.43750524520874023,0.3669646680355072,-0.23979595303535461,0.4266641139984131,0.48374760150909424,0.14750084280967712,0.454836905002594,0.4858628511428833,-0.24989557266235352,0.4265727400779724,0.5086475610733032,0.15350911021232605,0.46077480912208557,0.5144616365432739,-0.27931562066078186,0.434440553188324,0.5092672109603882,0.12983009219169617,0.46510547399520874,0.5121957063674927,-0.2635961174964905,0.43319058418273926,0.49882256984710693,0.13519909977912903,0.4622027277946472,0.5038768649101257,-0.24273614585399628,0.417438268661499,0.4923858642578125,0.09662201255559921,0.41496214270591736,0.48529380559921265,-0.09670764207839966,0.42831817269325256,0.6555757522583008,0.07552649080753326,0.41957491636276245,0.6512617468833923,-0.0882633775472641,0.43550997972488403,0.824461042881012,0.11065144836902618,0.42165836691856384,0.8322038650512695,-0.06657345592975616,0.42760688066482544,0.8552684187889099,0.10928690433502197,0.41331204771995544,0.8636391758918762,-0.07054124772548676,0.47606736421585083,0.8479371070861816,0.05687247961759567,0.46345072984695435,0.861205518245697,-0.1487726867198944
1781515890.4138093,plank,0.4669361710548401,0.2324526607990265,-0.014390160329639912,0.46577444672584534,0.2136172205209732,-0.004371758550405502,0.46518152952194214,0.2121579945087433,-0.004375825170427561,0.4644361436367035,0.2106422483921051,-0.0043095750734210014,0.4641718864440918,0.21258309483528137,-0.037049345672130585,0.46279826760292053,0.21056577563285828,-0.037077851593494415,0.4616852402687073,0.20852652192115784,-0.0371975414454937,0.45378875732421875,0.20326322317123413,0.05598010495305061,0.44951581954956055,0.20168395340442657,-0.09777776151895523,0.4610525965690613,0.24296404421329498,0.009929557330906391,0.4593300223350525,0.24165897071361542,-0.033144883811473846,0.4225223958492279,0.27211830019950867,0.15862400829792023,0.43036437034606934,0.25445741415023804,-0.18112221360206604,0.41286492347717285,0.38813918828964233,0.19484764337539673,0.43696314096450806,0.36719024181365967,-0.2498125284910202,0.4277274012565613,0.4841129779815674,0.1417759209871292,0.45231708884239197,0.48665207624435425,-0.27360379695892334,0.4268183708190918,0.5078972578048706,0.14641235768795013,0.4596506655216217,0.514687180519104,-0.3048664927482605,0.43477663397789,0.5088633894920349,0.12341450154781342,0.4638602137565613,0.5125030279159546,-0.28953203558921814,0.4335390627384186,0.4987497627735138,0.12959204614162445,0.4602397382259369,0.5043550729751587,-0.26678940653800964,0.4168790280818939,0.49318093061447144,0.09680962562561035,0.41309088468551636,0.48617562651634216,-0.0968564972281456,0.42910823225975037,0.6555184721946716,0.07323528826236725,0.4199659824371338,0.6512539982795715,-0.08835871517658234,0.4361996054649353,0.824157178401947,0.10745396465063095,0.4217684268951416,0.8319078087806702,-0.067359060049057,0.4278801381587982,0.8549003601074219,0.10612218081951141,0.41352027654647827,0.8634818196296692,-0.07148116081953049,0.47602003812789917,0.847682535648346,0.05225178599357605,0.463809072971344,0.8607563376426697,-0.15114638209342957
1781515890.600703,plank,0.49739089608192444,0.29645904898643494,-0.02765003778040409,0.5010527968406677,0.2771187424659729,-0.018539194017648697,0.5002785325050354,0.2755061089992523,-0.018513228744268417,0.49941524863243103,0.2738032639026642,-0.01840221881866455,0.5011096596717834,0.2762063443660736,-0.04972806200385094,0.500369668006897,0.27418601512908936,-0.04976921156048775,0.499545156955719,0.2721816897392273,-0.04985480383038521,0.48928171396255493,0.26172366738319397,0.025347206741571426,0.4892738461494446,0.26184606552124023,-0.11402144283056259,0.48921242356300354,0.30173659324645996,-0.007755786180496216,0.4894009530544281,0.2999878227710724,-0.04890844225883484,0.43546944856643677,0.2979320287704468,0.10640765726566315,0.45631009340286255,0.2911946177482605,-0.18419288098812103,0.4090438783168793,0.4047292470932007,0.12493254244327545,0.4331313967704773,0.3919893503189087,-0.2382824718952179,0.41585803031921387,0.5050504207611084,0.08736885339021683,0.43072205781936646,0.5117552876472473,-0.22706501185894012,0.4101758599281311,0.5365835428237915,0.09515039622783661,0.4275493621826172,0.5467684268951416,-0.2559966444969177,0.41816383600234985,0.5393431782722473,0.07196063548326492,0.4342728555202484,0.5474795699119568,-0.24239404499530792,0.42017993330955505,0.5261617302894592,0.07591462135314941,0.43512678146362305,0.5351265668869019,-0.22028782963752747,0.4023425579071045,0.511390745639801,0.09683088958263397,0.42165470123291016,0.5064982771873474,-0.09686658531427383,0.4215426445007324,0.6633666753768921,0.13488313555717468,0.434035062789917,0.6534257531166077,-0.04564955085515976,0.42511996626853943,0.8351494669914246,0.20629052817821503,0.45733505487442017,0.8242077231407166,0.013741865754127502,0.4158797860145569,0.8682330846786499,0.20896396040916443,0.45092862844467163,0.8573408126831055,0.015366549603641033,0.47075802087783813,0.8441522121429443,0.16931477189064026,0.4925641417503357,0.8345130681991577,-0.03976644575595856
1781515890.7856052,plank,0.514875590801239,0.3352864682674408,-0.07864974439144135,0.5183293223381042,0.31816157698631287,-0.07120873034000397,0.5176373720169067,0.3162912130355835,-0.07119064778089523,0.5169445276260376,0.31430599093437195,-0.07108882814645767,0.5187100172042847,0.3175677955150604,-0.10220923274755478,0.5181871652603149,0.3154546320438385,-0.10227000713348389,0.5176756978034973,0.3133854269981384,-0.1023377999663353,0.5083219408988953,0.29979410767555237,-0.028396885842084885,0.5091050267219543,0.30067968368530273,-0.16927126049995422,0.5066168904304504,0.3371816575527191,-0.05840929225087166,0.5070434808731079,0.33539173007011414,-0.09972138702869415,0.4539182186126709,0.3243046998977661,0.060536306351423264,0.4697731137275696,0.32199975848197937,-0.2244538962841034,0.4144137501716614,0.42264363169670105,0.09111746400594711,0.4409361779689789,0.4278668165206909,-0.2620037794113159,0.41661614179611206,0.5218520164489746,0.06491510570049286,0.4314099848270416,0.5406860113143921,-0.2517395317554474,0.41083794832229614,0.5579376816749573,0.07366316020488739,0.4260939061641693,0.5772771835327148,-0.2807370126247406,0.41748470067977905,0.5592674016952515,0.050139643251895905,0.43210798501968384,0.5791440010070801,-0.2677902579307556,0.42018771171569824,0.545269250869751,0.053453683853149414,0.433990478515625,0.5682170987129211,-0.24536266922950745,0.40595370531082153,0.5203490257263184,0.09184019267559052,0.42089301347732544,0.5175978541374207,-0.09184707701206207,0.43947115540504456,0.6640976667404175,0.03657831251621246,0.43180638551712036,0.6567391157150269,-0.10665000975131989,0.46970027685165405,0.8275609612464905,0.05968082696199417,0.421103298664093,0.83318692445755,-0.1024995669722557,0.46494364738464355,0.8607367873191833,0.05698923021554947,0.41208329796791077,0.8644421696662903,-0.1088821142911911,0.5079828500747681,0.8340665102005005,0.0029108207672834396,0.45827460289001465,0.8488524556159973,-0.19263510406017303
1781515890.9735434,plank,0.5563560128211975,0.46781179308891296,-0.058731742203235626,0.5631969571113586,0.4533463716506958,-0.051119208335876465,0.562610387802124,0.45113691687583923,-0.05117989331483841,0.5618602633476257,0.4483691453933716,-0.05128799006342888,0.5636866092681885,0.4526093900203705,-0.0749654620885849,0.5634484887123108,0.4505138695240021,-0.07490167766809464,0.5630546808242798,0.4482552409172058,-0.07490173727273941,0.5532699823379517,0.4285765290260315,-0.005798642057925463,0.5542713403701782,0.4329148232936859,-0.1419077217578888,0.5477924942970276,0.46778497099876404,-0.05579047650098801,0.5480977296829224,0.4658869504928589,-0.08236543834209442,0.49049630761146545,0.43243420124053955,0.08153391629457474,0.5145373940467834,0.45460090041160583,-0.19652532041072845,0.47618037462234497,0.5357245802879333,0.11249593645334244,0.5040798187255859,0.5792973637580872,-0.21007081866264343,0.4687589108943939,0.6345331072807312,0.1188918724656105,0.5144494771957397,0.6999572515487671,-0.1759985089302063,0.465786874294281,0.656890332698822,0.1317533701658249,0.5180691480636597,0.7307482361793518,-0.19344167411327362,0.4718528687953949,0.6638396978378296,0.11314696073532104,0.5216789245605469,0.7312774062156677,-0.18379589915275574,0.47252315282821655,0.6562905311584473,0.11168649047613144,0.5188289880752563,0.721222996711731,-0.1703873872756958,0.4508999288082123,0.5647570490837097,0.08122403919696808,0.4382118284702301,0.5623089075088501,-0.08147980272769928,0.4818057119846344,0.6514545679092407,-0.15382100641727448,0.40642017126083374,0.6877877712249756,-0.13163253664970398,0.4798871576786041,0.8243059515953064,-0.23069524765014648,0.3288797438144684,0.8095382452011108,-0.16410420835018158,0.4716406762599945,0.8582894206047058,-0.23992669582366943,0.3107846975326538,0.8220847249031067,-0.1709030568599701,0.5173848867416382,0.8351613283157349,-0.32272377610206604,0.33643341064453125,0.8713158369064331,-0.2529605031013489
1781515891.1599271,plank,0.5774012804031372,0.5475766062736511,-0.13668891787528992,0.583999752998352,0.5335516333580017,-0.13226079940795898,0.5832797288894653,0.5308262705802917,-0.1322994828224182,0.5824598670005798,0.5276016592979431,-0.13230760395526886,0.5844404697418213,0.5342237949371338,-0.1623678058385849,0.584062397480011,0.5324001908302307,-0.1624154895544052,0.5835503339767456,0.5302833318710327,-0.16246329247951508,0.5744615793228149,0.5061797499656677,-0.08469673246145248,0.5745064616203308,0.5109459161758423,-0.2222311794757843,0.5668457746505737,0.5458430647850037,-0.11321000754833221,0.5675753355026245,0.5459522604942322,-0.1535082757472992,0.5175686478614807,0.49366188049316406,0.017997022718191147,0.5369507670402527,0.5253604650497437,-0.26810747385025024,0.5137693881988525,0.6211630702018738,0.05090048164129257,0.5534399747848511,0.6552519202232361,-0.2911902666091919,0.5421614050865173,0.728211522102356,-0.0025928940158337355,0.5957151651382446,0.7545801997184753,-0.27906402945518494,0.5527440309524536,0.7401300072669983,0.0014903396368026733,0.6142586469650269,0.7792946696281433,-0.31503188610076904,0.555841863155365,0.743465781211853,-0.03226814419031143,0.6152831315994263,0.7702505588531494,-0.2989896237850189,0.5536577701568604,0.7398000359535217,-0.017481757327914238,0.6069272756576538,0.7627698183059692,-0.27338045835494995,0.44488391280174255,0.6048457026481628,0.0913238525390625,0.42751598358154297,0.6177387833595276,-0.09176326543092728,0.5100580453872681,0.609098494052887,0.08579139411449432,0.3590110242366791,0.7142916917800903,-0.04862593486905098,0.48430174589157104,0.7963911294937134,0.14285044372081757,0.27308815717697144,0.8086541295051575,0.04524113982915878,0.4707896113395691,0.8387891054153442,0.14875264465808868,0.25743207335472107,0.8164002299308777,0.05050916224718094,0.5208485722541809,0.8264631628990173,0.12941187620162964,0.2852918207645416,0.8852085471153259,-0.01580677554011345
1781515891.3476458,plank,0.5951359868049622,0.6110011339187622,-0.14397989213466644,0.6003330945968628,0.5951739549636841,-0.13594669103622437,0.6000756621360779,0.5930469632148743,-0.13598737120628357,0.5997291803359985,0.5906851291656494,-0.13600969314575195,0.5995354652404785,0.593712329864502,-0.16682828962802887,0.5987759828567505,0.591041088104248,-0.16685587167739868,0.5978962182998657,0.5882276296615601,-0.16687354445457458,0.5906068682670593,0.5739879608154297,-0.07289250195026398,0.5885933041572571,0.5726833939552307,-0.21349307894706726,0.5863281488418579,0.6107304692268372,-0.1162039190530777,0.5852611660957336,0.6074221134185791,-0.15726956725120544,0.5383017063140869,0.5568169355392456,0.030231326818466187,0.5528687238693237,0.5850586891174316,-0.26688534021377563,0.5543330907821655,0.6676989793777466,0.052793364971876144,0.6017183065414429,0.7066028118133545,-0.34017840027809143,0.5815098285675049,0.7513030767440796,-0.03847459331154823,0.6536096334457397,0.7964505553245544,-0.35687893629074097,0.5947532057762146,0.7572657465934753,-0.040125805884599686,0.6689673066139221,0.8090180158615112,-0.4061947464942932,0.5989397168159485,0.7621124386787415,-0.07622843235731125,0.6738436222076416,0.7970637083053589,-0.38296759128570557,0.5964142680168152,0.7640684247016907,-0.056010060012340546,0.6687489748001099,0.7934772968292236,-0.35087671875953674,0.4473215937614441,0.6239890456199646,0.08834310621023178,0.4195285439491272,0.6233124732971191,-0.08840443193912506,0.5214939117431641,0.6247639060020447,0.13288912177085876,0.3474171459674835,0.7266550064086914,-0.11273421347141266,0.48506960272789,0.8033559918403625,0.21978361904621124,0.2640317380428314,0.823546826839447,-0.08909115940332413,0.47218433022499084,0.8392500281333923,0.2253844439983368,0.24428758025169373,0.8281703591346741,-0.09153725206851959,0.5209752321243286,0.8290329575538635,0.20266394317150116,0.280796617269516,0.9061442017555237,-0.17170065641403198
1781515891.537753,plank,0.6106441020965576,0.6766812205314636,-0.14110490679740906,0.6186862587928772,0.6598177552223206,-0.13227275013923645,0.6185228228569031,0.6568596959114075,-0.13230028748512268,0.6183172464370728,0.6536190509796143,-0.13229654729366302,0.6184290647506714,0.659626305103302,-0.16382649540901184,0.6181344389915466,0.6569299697875977,-0.16383525729179382,0.6177988648414612,0.6539634466171265,-0.1638757288455963,0.6112402081489563,0.6358258128166199,-0.06707172840833664,0.6107487082481384,0.6373751163482666,-0.21132726967334747,0.6013893485069275,0.6715327501296997,-0.11311423778533936,0.6011137366294861,0.6704789996147156,-0.15511777997016907,0.5593757629394531,0.6136729121208191,0.03877803683280945,0.5703406929969788,0.6460263729095459,-0.2663951516151428,0.5842699408531189,0.7283350825309753,0.048346780240535736,0.6040628552436829,0.7981370687484741,-0.3307735025882721,0.6318185329437256,0.7836233377456665,-0.062266550958156586,0.6629974842071533,0.8187085390090942,-0.332875519990921,0.6514960527420044,0.7889023423194885,-0.06969398260116577,0.6804421544075012,0.8236367106437683,-0.37711620330810547,0.6503564715385437,0.7801668643951416,-0.09726928919553757,0.6806023716926575,0.8111364841461182,-0.36120396852493286,0.644387423992157,0.7868651747703552,-0.07772316783666611,0.6751738786697388,0.8091548681259155,-0.3285369277000427,0.4521525800228119,0.6485776901245117,0.09908784925937653,0.4302031993865967,0.6631807684898376,-0.0990576297044754,0.530561625957489,0.6786032915115356,0.2185189425945282,0.35300707817077637,0.7615872025489807,-0.10405176877975464,0.491193950176239,0.8014437556266785,0.3264308273792267,0.25573933124542236,0.8434488773345947,-0.07418493181467056,0.47749966382980347,0.8360792994499207,0.3333192765712738,0.2356874942779541,0.8444978594779968,-0.07603633403778076,0.5271755456924438,0.8339163064956665,0.31835871934890747,0.2826352119445801,0.9143949151039124,-0.145568385720253
1781515891.725748,plank,0.6163533329963684,0.6942135095596313,-0.1259625405073166,0.6241213083267212,0.6778506636619568,-0.11819545924663544,0.6239780783653259,0.6748248934745789,-0.11820340156555176,0.623789370059967,0.6715413928031921,-0.11819642782211304,0.6240441203117371,0.6779893040657043,-0.14783835411071777,0.6239261031150818,0.6751309037208557,-0.14786431193351746,0.6238061785697937,0.6720308661460876,-0.1479053795337677,0.6167267560958862,0.649879515171051,-0.056406863033771515,0.6173128485679626,0.6536900401115417,-0.19619670510292053,0.6070765256881714,0.6898064613342285,-0.0986480787396431,0.6068896055221558,0.6900830864906311,-0.13871070742607117,0.5628139972686768,0.6275567412376404,0.04853656142950058,0.5793525576591492,0.6816311478614807,-0.24480192363262177,0.5791443586349487,0.7508276104927063,0.0863577276468277,0.602143406867981,0.8239186406135559,-0.2796335816383362,0.6324830055236816,0.7856221795082092,0.0330808125436306,0.6614391803741455,0.8265003561973572,-0.2508210241794586,0.6427203416824341,0.7941300272941589,0.04208625108003616,0.6816489696502686,0.8302115797996521,-0.2865085303783417,0.6408363580703735,0.7910955548286438,0.025385979562997818,0.6807019710540771,0.814418375492096,-0.27359992265701294,0.6389325261116028,0.795212984085083,0.02520148456096649,0.6739664673805237,0.8121777772903442,-0.24666087329387665,0.45205897092819214,0.6370089054107666,0.09813599288463593,0.43973684310913086,0.6777923703193665,-0.09801286458969116,0.5369453430175781,0.7018541097640991,0.21382012963294983,0.35059067606925964,0.7740436792373657,-0.07893675565719604,0.48884373903274536,0.8017118573188782,0.3207199275493622,0.25324857234954834,0.8475859761238098,-0.061960309743881226,0.4776846766471863,0.8242393732070923,0.3294026553630829,0.23474404215812683,0.8510485887527466,-0.06374727934598923,0.5258272886276245,0.835482120513916,0.32962271571159363,0.2818196415901184,0.9124099612236023,-0.12656870484352112
1781515891.9132211,plank,0.6287512183189392,0.7092846035957336,-0.09125827252864838,0.6362528800964355,0.6954830884933472,-0.0821191743016243,0.6360393166542053,0.6934143304824829,-0.08212663233280182,0.635717511177063,0.6911887526512146,-0.08211937546730042,0.6360834836959839,0.6949347853660583,-0.11435137689113617,0.6358422636985779,0.6925171613693237,-0.11439312994480133,0.6355108022689819,0.6899017095565796,-0.11444099247455597,0.6270164251327515,0.6667302250862122,-0.019534729421138763,0.6276003122329712,0.671131432056427,-0.16599060595035553,0.6191707849502563,0.7066755294799805,-0.06377410888671875,0.6188516020774841,0.7060946822166443,-0.10680802166461945,0.5711533427238464,0.6493618488311768,0.08850399404764175,0.5862349271774292,0.6889352202415466,-0.21898004412651062,0.5899858474731445,0.7672514915466309,0.1169007271528244,0.6090834736824036,0.8339342474937439,-0.23824210464954376,0.6399790644645691,0.8033716678619385,0.06169933080673218,0.6618420481681824,0.826786994934082,-0.17314961552619934,0.6598941683769226,0.8045850992202759,0.06809371709823608,0.681627094745636,0.8287509679794312,-0.2032078504562378,0.6604598164558411,0.8004467487335205,0.05621014162898064,0.6792598962783813,0.8135972023010254,-0.19428998231887817,0.6513581275939941,0.8024589419364929,0.05447160080075264,0.671798586845398,0.8116477131843567,-0.16965767741203308,0.4535120129585266,0.6420884728431702,0.09958801418542862,0.45018625259399414,0.6855291724205017,-0.09946060925722122,0.5244158506393433,0.7186166644096375,0.24421687424182892,0.35994753241539,0.7806784510612488,-0.08397803455591202,0.4597291052341461,0.7930452227592468,0.37774088978767395,0.2544199824333191,0.8495893478393555,-0.09961629658937454,0.44754666090011597,0.8009663224220276,0.389546662569046,0.23545202612876892,0.8521678447723389,-0.1031562089920044,0.48745936155319214,0.8394404649734497,0.3955525755882263,0.28088387846946716,0.9159178137779236,-0.1759038269519806
1781515892.1027858,plank,0.6348817348480225,0.697586715221405,0.061867307871580124,0.6414188742637634,0.6810616254806519,0.06827959418296814,0.6410377025604248,0.6777288913726807,0.06827564537525177,0.6406213641166687,0.6741637587547302,0.06825817376375198,0.6415324807167053,0.6829076409339905,0.03915325552225113,0.6413429975509644,0.6811716556549072,0.039103519171476364,0.6411517858505249,0.6792214512825012,0.039018746465444565,0.6320767998695374,0.6534916162490845,0.10159052908420563,0.6332548260688782,0.6617744565010071,-0.028785597532987595,0.625328004360199,0.6959372162818909,0.07949112355709076,0.6253586411476135,0.6968667507171631,0.04101281240582466,0.574648380279541,0.6437011957168579,0.18482919037342072,0.591453492641449,0.7022170424461365,-0.09231125563383102,0.5848526358604431,0.7592156529426575,0.2245294749736786,0.6075465083122253,0.838482141494751,-0.0774543285369873,0.6372687816619873,0.7944669723510742,0.22690311074256897,0.6620793342590332,0.8271777033805847,0.017588015645742416,0.653475821018219,0.7966972589492798,0.2425919473171234,0.6823385953903198,0.8296505212783813,0.006819523870944977,0.6589998602867126,0.7933705449104309,0.23958806693553925,0.6804729700088501,0.8149850368499756,0.016578609123826027,0.6506508588790894,0.795770525932312,0.22543933987617493,0.6715428829193115,0.8123461604118347,0.023889165371656418,0.455217182636261,0.6590855121612549,0.09929551184177399,0.4547281861305237,0.7135467529296875,-0.09930478036403656,0.3883680999279022,0.7670265436172485,0.20809772610664368,0.36240506172180176,0.806512713432312,-0.10361473262310028,0.30219608545303345,0.7913690209388733,0.3144241273403168,0.25741809606552124,0.8514532446861267,-0.14048488438129425,0.2845393717288971,0.7890066504478455,0.32490697503089905,0.23653116822242737,0.8517747521400452,-0.146929532289505,0.30490681529045105,0.8515610694885254,0.3275611102581024,0.2796253561973572,0.9196399450302124,-0.19407689571380615
1781515892.2895858,plank,0.6353364586830139,0.7006632685661316,-0.00014144089072942734,0.642065703868866,0.6859920024871826,0.007735001388937235,0.6416417360305786,0.6836972832679749,0.00773075595498085,0.6411897540092468,0.6810175180435181,0.007748509291559458,0.6424155235290527,0.6859338283538818,-0.024439062923192978,0.6423117518424988,0.6837486624717712,-0.024433167651295662,0.6422086358070374,0.6813786625862122,-0.024471938610076904,0.632335901260376,0.658984363079071,0.05894186347723007,0.6336730718612671,0.6624627709388733,-0.08613762259483337,0.6254498958587646,0.7000709176063538,0.02424405887722969,0.6253045797348022,0.6996728181838989,-0.018318910151720047,0.5739269256591797,0.6605384945869446,0.15932174026966095,0.5888923406600952,0.6897252202033997,-0.14253577589988708,0.5897193551063538,0.768829345703125,0.1900666058063507,0.6090397238731384,0.8333070278167725,-0.16274991631507874,0.6452327966690063,0.7919052243232727,0.1421709507703781,0.6626178622245789,0.8238455653190613,-0.10409195721149445,0.661062479019165,0.7892046570777893,0.14838901162147522,0.682971715927124,0.8238206505775452,-0.1289614588022232,0.6630846858024597,0.7859710454940796,0.13956290483474731,0.679969072341919,0.8100677728652954,-0.11647246032953262,0.6574224233627319,0.7874540686607361,0.13631165027618408,0.671489417552948,0.8070353865623474,-0.09855644404888153,0.4532090723514557,0.683772087097168,0.09904392063617706,0.4546537399291992,0.7143110632896423,-0.09903384000062943,0.36427050828933716,0.7920337915420532,0.12083808332681656,0.36306384205818176,0.8063772320747375,-0.07671495527029037,0.270580530166626,0.828365683555603,0.16073337197303772,0.2606395483016968,0.8514683842658997,-0.04696818068623543,0.2491447925567627,0.8200873732566833,0.1628437638282776,0.23893149197101593,0.8517923951148987,-0.04723193496465683,0.28285250067710876,0.8973432779312134,0.13137272000312805,0.2792810797691345,0.9179680943489075,-0.09613172709941864
1781515892.4759266,plank,0.6371198892593384,0.7142643332481384,-0.014046075753867626,0.644289493560791,0.6972767114639282,-0.0067037371918559074,0.6439563035964966,0.6952637434005737,-0.006709433160722256,0.6435677409172058,0.6932491660118103,-0.006701282225549221,0.6441044807434082,0.6965884566307068,-0.03751375153660774,0.6437492370605469,0.6941614747047424,-0.037531085312366486,0.6433841586112976,0.6918109655380249,-0.03758513927459717,0.6344629526138306,0.6733949780464172,0.04507288336753845,0.6349857449531555,0.6757047176361084,-0.09667380154132843,0.627590000629425,0.7124831080436707,0.008859927766025066,0.6271443963050842,0.7119542360305786,-0.032352518290281296,0.5779680609703064,0.6727891564369202,0.14667081832885742,0.590592622756958,0.693867027759552,-0.15315145254135132,0.5949453711509705,0.7901776432991028,0.17123672366142273,0.6065427660942078,0.8328728675842285,-0.17508989572525024,0.6523388624191284,0.7996818423271179,0.12011358886957169,0.663236677646637,0.8227679133415222,-0.1209341436624527,0.6679104566574097,0.796913206577301,0.12522688508033752,0.6827713847160339,0.8227366209030151,-0.1458227038383484,0.6694996356964111,0.792094349861145,0.11648570001125336,0.6809583902359009,0.8104236125946045,-0.13295522332191467,0.6638497710227966,0.7924689650535583,0.11406787484884262,0.6733686327934265,0.8080050945281982,-0.11535116285085678,0.4524350166320801,0.696187436580658,0.09914956986904144,0.4534434378147125,0.7215731143951416,-0.0990837961435318,0.36265385150909424,0.7860665321350098,0.11187293380498886,0.36127573251724243,0.8017004132270813,-0.07838846743106842,0.2709333896636963,0.8286194801330566,0.14339670538902283,0.25694945454597473,0.8506752848625183,-0.05870915576815605,0.24828357994556427,0.8258199095726013,0.14423416554927826,0.23456159234046936,0.8517401218414307,-0.059879858046770096,0.2837047576904297,0.9015874862670898,0.10631708800792694,0.27792826294898987,0.9177512526512146,-0.09912102669477463
1781515892.6660497,plank,0.6340484023094177,0.7128225564956665,-0.02165052853524685,0.6409184336662292,0.6965963244438171,-0.013861460611224174,0.640624463558197,0.6945462822914124,-0.013863523490726948,0.6402759552001953,0.6925140619277954,-0.013849480077624321,0.6407297849655151,0.6961840391159058,-0.043888241052627563,0.6403981447219849,0.6938732862472534,-0.04389512166380882,0.6400420665740967,0.6916510462760925,-0.04392546787858009,0.6312925815582275,0.6739422082901001,0.04019693657755852,0.6316537857055664,0.6759534478187561,-0.0939718559384346,0.6246927380561829,0.7125824093818665,0.00309297489002347,0.624074399471283,0.7124148011207581,-0.036495812237262726,0.576931357383728,0.6742909550666809,0.141561821103096,0.588753879070282,0.7035418748855591,-0.14383074641227722,0.591493546962738,0.7803172469139099,0.19041119515895844,0.6047385931015015,0.8316070437431335,-0.17041389644145966,0.6468948125839233,0.7963648438453674,0.19032897055149078,0.6629287004470825,0.8228464722633362,-0.1239866241812706,0.6630846261978149,0.7993142008781433,0.2032475471496582,0.6815768480300903,0.822202205657959,-0.1501653790473938,0.6650553941726685,0.793293833732605,0.1922159194946289,0.679501473903656,0.8094170689582825,-0.13791880011558533,0.6593371033668518,0.7923964858055115,0.1851508915424347,0.6720541715621948,0.8072850704193115,-0.11869873106479645,0.45247936248779297,0.7139050960540771,0.09359516948461533,0.45290231704711914,0.7457262873649597,-0.09349140524864197,0.36498841643333435,0.787516713142395,0.11132566630840302,0.36053818464279175,0.804295003414154,-0.08012224733829498,0.2756390869617462,0.8276488184928894,0.1490004062652588,0.2583441138267517,0.8501885533332825,-0.07464230805635452,0.2550334334373474,0.8261357545852661,0.1507982611656189,0.235773965716362,0.8503385782241821,-0.07838170230388641,0.2842051684856415,0.9015640020370483,0.11992271989583969,0.2785014510154724,0.9179198145866394,-0.13306789100170135
1781515892.786294,plank,0.633159339427948,0.7111455202102661,-0.012385833077132702,0.6397337317466736,0.6951438188552856,-0.0046942937187850475,0.6394117474555969,0.6930190324783325,-0.004686214029788971,0.6390324831008911,0.6908417344093323,-0.004676332231611013,0.6395276188850403,0.6948364973068237,-0.03454609215259552,0.6391706466674805,0.6925544142723083,-0.034538980573415756,0.6387991309165955,0.6903361678123474,-0.03456268459558487,0.6296950578689575,0.6710821986198425,0.0488104447722435,0.6301132440567017,0.6738491654396057,-0.08588961511850357,0.6235279440879822,0.7115069031715393,0.012287525460124016,0.6228325366973877,0.7114099860191345,-0.027312021702528,0.5749441981315613,0.675410270690918,0.14875446259975433,0.5877411961555481,0.7032124996185303,-0.1401200145483017,0.590171217918396,0.7762907147407532,0.21035397052764893,0.6039249300956726,0.8293272852897644,-0.170781672000885,0.6439672112464905,0.7934783101081848,0.21685917675495148,0.6629887819290161,0.8234582543373108,-0.12867441773414612,0.6604706048965454,0.7983561158180237,0.23149406909942627,0.6810904145240784,0.821532666683197,-0.15493279695510864,0.6628777980804443,0.7923320531845093,0.2198784053325653,0.6789082288742065,0.8086951971054077,-0.13981842994689941,0.6570214033126831,0.790323793888092,0.21152226626873016,0.6716898679733276,0.8071489334106445,-0.12300638854503632,0.4523671269416809,0.7224636673927307,0.09285637736320496,0.4530586302280426,0.7506670355796814,-0.0927322581410408,0.36258000135421753,0.7941850423812866,0.09694229811429977,0.36058518290519714,0.8084024786949158,-0.0806727260351181,0.2711270749568939,0.830394983291626,0.12200566381216049,0.2589205205440521,0.8506614565849304,-0.07737576961517334,0.24920864403247833,0.8290638327598572,0.1221507340669632,0.23533304035663605,0.8513593077659607,-0.08106371015310287,0.2823277413845062,0.8997722864151001,0.08652974665164948,0.2781311273574829,0.9176455140113831,-0.1382753700017929
1781515892.9728246,plank,0.6326185464859009,0.7127531170845032,-0.013497190549969673,0.6389168500900269,0.6970537900924683,-0.00489551667124033,0.6386370658874512,0.6949663758277893,-0.0049032182432711124,0.6382968425750732,0.6927987933158875,-0.004901391454041004,0.6386057734489441,0.6964958906173706,-0.03615499660372734,0.6382243037223816,0.6940276026725769,-0.036149825900793076,0.6378194093704224,0.6915857791900635,-0.03617832064628601,0.6288074254989624,0.673089325428009,0.048825569450855255,0.6290366649627686,0.6758435368537903,-0.09056299179792404,0.6231552958488464,0.713408887386322,0.011252268217504025,0.6222919821739197,0.7129658460617065,-0.0298001766204834,0.5738784670829773,0.6776818037033081,0.14799073338508606,0.5862470865249634,0.7040706276893616,-0.14522720873355865,0.5890007019042969,0.784554123878479,0.19450880587100983,0.6012061238288879,0.8321762084960938,-0.174300417304039,0.6439971923828125,0.7931050658226013,0.18198050558567047,0.6618179082870483,0.8240289688110352,-0.13830816745758057,0.660978376865387,0.794635534286499,0.1933039128780365,0.679413378238678,0.8207311034202576,-0.16448473930358887,0.6628915071487427,0.7892659306526184,0.1844395101070404,0.6773643493652344,0.8081109523773193,-0.15209980309009552,0.656739354133606,0.7884140610694885,0.17730608582496643,0.6704388856887817,0.8070688247680664,-0.13368813693523407,0.45233988761901855,0.7237675189971924,0.09173989295959473,0.4537896513938904,0.7573484778404236,-0.09165210276842117,0.3624773621559143,0.7981083989143372,0.10909707844257355,0.3595375418663025,0.8138359189033508,-0.07642387598752975,0.2704703211784363,0.8319839239120483,0.14889711141586304,0.25838547945022583,0.8510953187942505,-0.056689273566007614,0.24891801178455353,0.8315276503562927,0.15081623196601868,0.2343634068965912,0.8532353043556213,-0.058236002922058105,0.2811961770057678,0.8981269001960754,0.11814884841442108,0.27682143449783325,0.9174032211303711,-0.11702430248260498
1781515893.1765869,plank,0.6394445300102234,0.7154402732849121,-0.01642782986164093,0.6457604765892029,0.6991978287696838,-0.008454659953713417,0.6454513669013977,0.6969383955001831,-0.008452557027339935,0.6450849771499634,0.6945911645889282,-0.008442627266049385,0.6454989314079285,0.6988664269447327,-0.03888766095042229,0.6450704336166382,0.6963527202606201,-0.038890693336725235,0.6446086168289185,0.6937793493270874,-0.03893095999956131,0.635974645614624,0.6750521063804626,0.04527398943901062,0.6357836723327637,0.6778420209884644,-0.09130311757326126,0.6288313269615173,0.7139905095100403,0.008422955870628357,0.6284323930740356,0.7137740254402161,-0.031660594046115875,0.5776090621948242,0.6797924041748047,0.1485554575920105,0.589313805103302,0.7052014470100403,-0.14520065486431122,0.589797854423523,0.7898864150047302,0.19790786504745483,0.601197361946106,0.836368203163147,-0.16739091277122498,0.6449083089828491,0.7982692122459412,0.18272517621517181,0.6622869968414307,0.8247745037078857,-0.12046762555837631,0.662656843662262,0.7939696311950684,0.1936008632183075,0.6791985630989075,0.8204032182693481,-0.1435621678829193,0.6649219393730164,0.7887872457504272,0.18684470653533936,0.6770903468132019,0.8077802062034607,-0.13501785695552826,0.6592224836349487,0.7890235185623169,0.17888577282428741,0.6708998680114746,0.806885838508606,-0.11644434928894043,0.4550457000732422,0.7308903336524963,0.09154005348682404,0.45624685287475586,0.7669955492019653,-0.09148143231868744,0.3602835536003113,0.8003612756729126,0.11169673502445221,0.3592000901699066,0.8167803287506104,-0.07192561030387878,0.2641112804412842,0.8333047032356262,0.15323926508426666,0.2584846317768097,0.851923942565918,-0.04453248158097267,0.2440475970506668,0.8322125673294067,0.15501639246940613,0.23509947955608368,0.8528510928153992,-0.04531435668468475,0.28051263093948364,0.8987753987312317,0.12037859112024307,0.277393639087677,0.9179737567901611,-0.10288498550653458
1781515893.381141,plank,0.642353892326355,0.7150931358337402,-0.020332295447587967,0.6490927934646606,0.6991803646087646,-0.013296244665980339,0.6487267017364502,0.6966748833656311,-0.013285182416439056,0.648313581943512,0.6940022110939026,-0.013268875889480114,0.6491376161575317,0.6994717121124268,-0.042109809815883636,0.6488735675811768,0.6971540451049805,-0.04212195426225662,0.6486302614212036,0.6947944164276123,-0.042163290083408356,0.6392234563827515,0.6735953688621521,0.038984619081020355,0.6400923728942871,0.678229033946991,-0.09227386862039566,0.6318227648735046,0.7126187086105347,0.0041463300585746765,0.6316837072372437,0.712756335735321,-0.033759571611881256,0.5809282064437866,0.6778704524040222,0.14487972855567932,0.5929871797561646,0.7052367925643921,-0.145982563495636,0.5907010436058044,0.790767252445221,0.19228848814964294,0.6014200448989868,0.8375831842422485,-0.16397173702716827,0.6466004848480225,0.8015414476394653,0.17558565735816956,0.6623996496200562,0.8245779275894165,-0.10865771770477295,0.6646195650100708,0.7973395586013794,0.184505894780159,0.6789778470993042,0.8201513290405273,-0.13007934391498566,0.666481614112854,0.7910827398300171,0.17894349992275238,0.6768406629562378,0.8075457215309143,-0.12150688469409943,0.6605687737464905,0.7910395860671997,0.17356742918491364,0.6709021329879761,0.8066057562828064,-0.10435007512569427,0.4565795958042145,0.7401044964790344,0.08991356939077377,0.45743149518966675,0.7764095067977905,-0.08990311622619629,0.362128347158432,0.8044342994689941,0.11316435039043427,0.35959333181381226,0.8256747722625732,-0.06039810925722122,0.2664859890937805,0.833721399307251,0.1602553427219391,0.2580108940601349,0.8540689945220947,-0.026454094797372818,0.24610920250415802,0.8322282433509827,0.16274309158325195,0.23677878081798553,0.8530759215354919,-0.026498695835471153,0.28148961067199707,0.9002803564071655,0.12989896535873413,0.27819961309432983,0.9196572303771973,-0.07907289266586304
1781515893.5650325,plank,0.6436413526535034,0.7139419317245483,-0.019912496209144592,0.6504241228103638,0.6985055804252625,-0.012796235270798206,0.6500636339187622,0.6961597204208374,-0.012785442173480988,0.6496859788894653,0.6936255693435669,-0.01276935450732708,0.6505640745162964,0.6985679268836975,-0.041135985404253006,0.6503536701202393,0.6962299346923828,-0.04114807769656181,0.6501948833465576,0.693795919418335,-0.04118900001049042,0.6407495141029358,0.6728755831718445,0.03905678540468216,0.6417752504348755,0.6768122315406799,-0.08931951224803925,0.6329402327537537,0.7115638852119446,0.004237551242113113,0.6328485608100891,0.7114815711975098,-0.03329439088702202,0.5835945010185242,0.6774256229400635,0.14279881119728088,0.5949961543083191,0.705740213394165,-0.14150263369083405,0.5920290350914001,0.7936357259750366,0.18504370748996735,0.6014100909233093,0.8390710353851318,-0.1531071960926056,0.6480797529220581,0.8036326169967651,0.1592658907175064,0.6621466875076294,0.8241186141967773,-0.0853649377822876,0.665372371673584,0.8008249998092651,0.16675080358982086,0.6787221431732178,0.8199933171272278,-0.10376187413930893,0.666742742061615,0.7939563989639282,0.16374875605106354,0.6766165494918823,0.8074754476547241,-0.09603065997362137,0.6607847213745117,0.793446958065033,0.1566726714372635,0.670590877532959,0.8064337968826294,-0.08098582178354263,0.45788073539733887,0.7439095973968506,0.08785144239664078,0.45776763558387756,0.7834935784339905,-0.08784767240285873,0.3643800914287567,0.8070616126060486,0.11412650346755981,0.3599173128604889,0.8330010175704956,-0.056933462619781494,0.26874664425849915,0.8327347040176392,0.16156557202339172,0.25884586572647095,0.8552860021591187,-0.025068338960409164,0.24945655465126038,0.8287747502326965,0.1639224737882614,0.2381400316953659,0.8527848124504089,-0.025258908048272133,0.28151100873947144,0.8994870781898499,0.13328450918197632,0.2779763638973236,0.9194289445877075,-0.07673785835504532
1781515893.722777,plank,0.6447035074234009,0.7164413332939148,-0.01768837496638298,0.6515732407569885,0.7015301585197449,-0.010479104705154896,0.6512540578842163,0.6991417407989502,-0.010470699518918991,0.6509290933609009,0.6966326236724854,-0.010460471734404564,0.6518260836601257,0.7019442319869995,-0.03863674774765968,0.6517209410667419,0.6997554898262024,-0.03864259272813797,0.6517053842544556,0.6975716948509216,-0.038692060858011246,0.6425918936729431,0.6758272647857666,0.04030808061361313,0.6442849040031433,0.6809977293014526,-0.08715878427028656,0.6336160898208618,0.7126775979995728,0.005910743959248066,0.6336565613746643,0.712852418422699,-0.03126297518610954,0.5837488770484924,0.6779715418815613,0.1456662118434906,0.5964583158493042,0.7067462801933289,-0.14165911078453064,0.5918393135070801,0.7951955795288086,0.18754132091999054,0.6015287041664124,0.8404713869094849,-0.1535569578409195,0.6474340558052063,0.8033004999160767,0.17177380621433258,0.6623221039772034,0.8241702318191528,-0.08941996842622757,0.6646196246147156,0.800700306892395,0.18257442116737366,0.6786500811576843,0.8200402855873108,-0.10873899608850479,0.6660052537918091,0.7942472696304321,0.17929092049598694,0.6764906644821167,0.807807981967926,-0.09961329400539398,0.6601318717002869,0.7939911484718323,0.16928978264331818,0.6704964637756348,0.8067545294761658,-0.0846836268901825,0.45884251594543457,0.741127610206604,0.08836875110864639,0.45851045846939087,0.7798132300376892,-0.08835723251104355,0.3653537929058075,0.8065386414527893,0.11044643074274063,0.3602767288684845,0.8293400406837463,-0.05810097977519035,0.2687532901763916,0.8319129347801208,0.14729605615139008,0.2594302296638489,0.8547142744064331,-0.0311716441065073,0.24766905605793,0.8285560011863708,0.14837120473384857,0.23845894634723663,0.852484405040741,-0.0331423357129097,0.28372880816459656,0.8990972638130188,0.11511542648077011,0.278089702129364,0.9183582067489624,-0.08756322413682938
1781515893.8496952,plank,0.6443422436714172,0.7166101336479187,-0.012398098595440388,0.6514745354652405,0.7017889618873596,-0.005087301600724459,0.651181161403656,0.6994558572769165,-0.0050787231884896755,0.6508839726448059,0.6969994902610779,-0.005074265878647566,0.651790201663971,0.7021253108978271,-0.03270597755908966,0.6517561674118042,0.6999392509460449,-0.032705970108509064,0.6518155932426453,0.6977539658546448,-0.03276301547884941,0.6431484222412109,0.6765525341033936,0.0446290597319603,0.644909679889679,0.681438684463501,-0.07953430712223053,0.6333951950073242,0.7127861976623535,0.010768940672278404,0.6334749460220337,0.7129344344139099,-0.025539580732584,0.5840060710906982,0.6777402758598328,0.15187004208564758,0.5977774858474731,0.7070337533950806,-0.13748501241207123,0.5916343927383423,0.7957637310028076,0.18943513929843903,0.601573646068573,0.8410291075706482,-0.14655259251594543,0.6471712589263916,0.8028600811958313,0.17303109169006348,0.6622666120529175,0.8241192102432251,-0.08004201948642731,0.6643037796020508,0.8006166219711304,0.18375375866889954,0.6782899498939514,0.8200204372406006,-0.09850305318832397,0.6656694412231445,0.7942577004432678,0.18048706650733948,0.6762115359306335,0.8079338073730469,-0.0894729271531105,0.6598010063171387,0.7940597534179688,0.17041821777820587,0.6703456044197083,0.8068667054176331,-0.07528997957706451,0.4595916271209717,0.7385480999946594,0.08945228159427643,0.4603140354156494,0.7739386558532715,-0.0894368439912796,0.3655426502227783,0.804524838924408,0.11115720123052597,0.3603571057319641,0.8244510889053345,-0.062235236167907715,0.26849761605262756,0.8297054767608643,0.14489535987377167,0.25943633913993835,0.8544853925704956,-0.04726734012365341,0.2484200894832611,0.8277358412742615,0.1456368863582611,0.23858919739723206,0.8525159955024719,-0.04990723356604576,0.28408271074295044,0.8987850546836853,0.11412326991558075,0.2784688472747803,0.918018102645874,-0.1060730442404747
1781515893.9549196,plank,0.6443458199501038,0.7166222333908081,-0.010762972757220268,0.6516616940498352,0.7017651200294495,-0.003024522913619876,0.6513860821723938,0.6994428634643555,-0.0030135002452880144,0.6511186957359314,0.696997880935669,-0.003003432648256421,0.6519837975502014,0.7020747065544128,-0.031356584280729294,0.6519597172737122,0.6998801231384277,-0.03136179596185684,0.6520395874977112,0.697691798210144,-0.031417619436979294,0.6436680555343628,0.6766415238380432,0.04854930564761162,0.6453251242637634,0.6814545392990112,-0.07910890877246857,0.6333609223365784,0.7127111554145813,0.012985373847186565,0.6334696412086487,0.7128044366836548,-0.024316079914569855,0.5841097235679626,0.6779723763465881,0.15854111313819885,0.5975092649459839,0.7067570090293884,-0.13826371729373932,0.591632068157196,0.7959417700767517,0.1966150552034378,0.6015753149986267,0.840901792049408,-0.14904779195785522,0.647007942199707,0.8026580810546875,0.1780073642730713,0.662234902381897,0.8241299390792847,-0.08278302848339081,0.6642056703567505,0.8004375100135803,0.18932856619358063,0.678122878074646,0.820007860660553,-0.10190607607364655,0.665583610534668,0.7941661477088928,0.18584603071212769,0.6761355400085449,0.807953953742981,-0.0927492156624794,0.6597636938095093,0.7940080165863037,0.1752312183380127,0.6703163385391235,0.8068946599960327,-0.07798001915216446,0.45944666862487793,0.7378631830215454,0.09216513484716415,0.4601113200187683,0.7693309187889099,-0.0921500101685524,0.36390164494514465,0.8024449944496155,0.10928903520107269,0.3603529930114746,0.8200846314430237,-0.06517540663480759,0.26858657598495483,0.8297015428543091,0.1393999457359314,0.25991249084472656,0.8544367551803589,-0.05260584503412247,0.24814698100090027,0.827766478061676,0.13968375325202942,0.23878543078899384,0.8528039455413818,-0.05545022338628769,0.28451377153396606,0.8987184166908264,0.10523921251296997,0.27993860840797424,0.9175819158554077,-0.1129048615694046
1781515894.0673404,plank,0.6445971727371216,0.7167788743972778,-0.007058604620397091,0.6518840193748474,0.7020224332809448,0.0007869370165280998,0.6516155004501343,0.6997056603431702,0.0007975012995302677,0.6513524055480957,0.6972636580467224,0.0008049175958149135,0.6521965265274048,0.7022537589073181,-0.027777325361967087,0.6521693468093872,0.700011670589447,-0.027781832963228226,0.6522372961044312,0.6977730989456177,-0.02783699706196785,0.643852949142456,0.6765706539154053,0.052366822957992554,0.6454868912696838,0.6813439726829529,-0.07600859552621841,0.6336137056350708,0.7128024697303772,0.016717763617634773,0.6337563991546631,0.7128080725669861,-0.02084469236433506,0.5840253829956055,0.6780709624290466,0.16194024682044983,0.5976637005805969,0.7065442800521851,-0.13678592443466187,0.5915812849998474,0.7967958450317383,0.19815503060817719,0.6015783548355103,0.8410212397575378,-0.14476068317890167,0.6468997001647949,0.8026444315910339,0.1798892766237259,0.6622169017791748,0.8241978287696838,-0.07271744310855865,0.6641159057617188,0.8004567623138428,0.19118300080299377,0.6780401468276978,0.8200209140777588,-0.09069151431322098,0.6655132174491882,0.7941647171974182,0.1883784383535385,0.6759977340698242,0.8079608678817749,-0.08166656643152237,0.6596836447715759,0.7940703630447388,0.17731934785842896,0.6702511310577393,0.8068976402282715,-0.06783020496368408,0.45937538146972656,0.7355520725250244,0.09341462701559067,0.46022287011146545,0.7652368545532227,-0.09339165687561035,0.36401402950286865,0.8014518022537231,0.10958930104970932,0.3603600561618805,0.8175230026245117,-0.06735716760158539,0.26863741874694824,0.8296682834625244,0.1389656811952591,0.25992828607559204,0.854399561882019,-0.05647432804107666,0.2480829507112503,0.8277752995491028,0.13928282260894775,0.23874516785144806,0.8528019189834595,-0.05934254452586174,0.28480178117752075,0.8986761569976807,0.10636430978775024,0.2799730896949768,0.9175790548324585,-0.11670880019664764
1781515894.2560744,plank,0.6448928713798523,0.7222834229469299,-0.00930161215364933,0.6521768569946289,0.7065264582633972,-0.0017372278962284327,0.6519292593002319,0.703929603099823,-0.0017278004670515656,0.651694118976593,0.7012335658073425,-0.001718932413496077,0.6523429751396179,0.7064143419265747,-0.03027254343032837,0.6522429585456848,0.7037864923477173,-0.030276600271463394,0.6522327065467834,0.7010984420776367,-0.03032795526087284,0.6443221569061279,0.6804665327072144,0.050325848162174225,0.6454154253005981,0.6845354437828064,-0.07848852872848511,0.6339246034622192,0.717460036277771,0.014433029107749462,0.6339901685714722,0.71715247631073,-0.023126661777496338,0.5855100154876709,0.6788918972015381,0.1590985506772995,0.597798228263855,0.7060986757278442,-0.14005963504314423,0.5927024483680725,0.7996852397918701,0.1941514015197754,0.6015876531600952,0.8411897420883179,-0.14806729555130005,0.6481858491897583,0.8046294450759888,0.15983277559280396,0.6618767976760864,0.8247359991073608,-0.07605771720409393,0.665420413017273,0.8030784726142883,0.16769835352897644,0.6773069500923157,0.820494532585144,-0.09471370279788971,0.6666446924209595,0.7965895533561707,0.1650482714176178,0.6757752895355225,0.8087620139122009,-0.08562343567609787,0.66094571352005,0.7967660427093506,0.156580850481987,0.6701678037643433,0.8079348802566528,-0.07116297632455826,0.45945674180984497,0.7221360206604004,0.09459152817726135,0.4611378610134125,0.7458447813987732,-0.09456166625022888,0.36708253622055054,0.7952975034713745,0.10956524312496185,0.3650363087654114,0.8076754808425903,-0.06806792318820953,0.2686910033226013,0.8284420371055603,0.14289750158786774,0.26060986518859863,0.8506689071655273,-0.05279158800840378,0.24784211814403534,0.8251913189888,0.14362695813179016,0.23950552940368652,0.8509824275970459,-0.054975010454654694,0.2829451262950897,0.8985399007797241,0.11097460985183716,0.27920258045196533,0.9170984029769897,-0.11190491914749146
1781515894.4289572,plank,0.6448474526405334,0.7313589453697205,-0.024495964869856834,0.6523935198783875,0.7163023948669434,-0.016044508665800095,0.6522406339645386,0.7136260271072388,-0.016052832826972008,0.6521235108375549,0.7110543847084045,-0.016062110662460327,0.65241539478302,0.7161448001861572,-0.04511898010969162,0.6522718667984009,0.7132810950279236,-0.04511401429772377,0.6522161960601807,0.7104929685592651,-0.04514949396252632,0.6455661654472351,0.6900548934936523,0.03893145173788071,0.6457338333129883,0.6918697953224182,-0.09150847792625427,0.6340301036834717,0.7253104448318481,0.0005000398377887905,0.6340066194534302,0.72520911693573,-0.03763170167803764,0.5874947905540466,0.678963303565979,0.14968056976795197,0.5978676676750183,0.7059131860733032,-0.15042296051979065,0.5945085883140564,0.8010585308074951,0.17737579345703125,0.6016066670417786,0.8415006995201111,-0.1583959311246872,0.6499277353286743,0.8063340783119202,0.13513094186782837,0.6618126630783081,0.8257043361663818,-0.07847534120082855,0.6661623120307922,0.8043720722198486,0.14085498452186584,0.6772316098213196,0.8213841915130615,-0.09682103991508484,0.6672760248184204,0.7981332540512085,0.1386834979057312,0.6757561564445496,0.8097056746482849,-0.08803056925535202,0.6619703769683838,0.7981523871421814,0.13180014491081238,0.6701220273971558,0.8090035915374756,-0.07351849228143692,0.4597930312156677,0.7172536849975586,0.09484051913022995,0.4615030884742737,0.7398115992546082,-0.09481223672628403,0.36789438128471375,0.7909432053565979,0.11078373342752457,0.3666631877422333,0.8036749958992004,-0.06797830015420914,0.26903918385505676,0.827411413192749,0.1455124467611313,0.2625109553337097,0.8492897152900696,-0.04914943128824234,0.24823693931102753,0.8240006566047668,0.14636430144309998,0.2411690652370453,0.8495877385139465,-0.05077216774225235,0.2827194333076477,0.8983292579650879,0.11231200397014618,0.2796984910964966,0.9170684218406677,-0.10816659033298492
1781515894.6160722,plank,0.6448012590408325,0.7298662066459656,-0.02552688680589199,0.6524012088775635,0.7147847414016724,-0.01761084981262684,0.6522606611251831,0.7122459411621094,-0.017616745084524155,0.6521581411361694,0.7097831964492798,-0.01762356050312519,0.6523994207382202,0.7147176861763,-0.04652520641684532,0.6522476673126221,0.7120680212974548,-0.04651975631713867,0.6521825194358826,0.7094867825508118,-0.046555109322071075,0.6456219553947449,0.6894354820251465,0.035487450659275055,0.6457539796829224,0.6917409896850586,-0.09443017840385437,0.6341202855110168,0.7246181964874268,-0.0009949281811714172,0.6340371370315552,0.7245855331420898,-0.03900621086359024,0.5878775715827942,0.6788315773010254,0.14370527863502502,0.5982071757316589,0.7059561610221863,-0.15011389553546906,0.5945038795471191,0.800549328327179,0.17741841077804565,0.6013590097427368,0.8414133787155151,-0.15920810401439667,0.6504749655723572,0.8062920570373535,0.1430308073759079,0.6616679430007935,0.8257949948310852,-0.08292914181947708,0.6668853759765625,0.8041359186172485,0.15063604712486267,0.6775068640708923,0.821564257144928,-0.10205148160457611,0.6680408716201782,0.7980338335037231,0.14755642414093018,0.6760996580123901,0.8098757266998291,-0.09383201599121094,0.6626744270324707,0.7981323003768921,0.13986016809940338,0.6704121232032776,0.8091420531272888,-0.07824695110321045,0.45953369140625,0.713071882724762,0.09412150084972382,0.46145907044410706,0.7405940294265747,-0.09409237653017044,0.36689090728759766,0.7889404892921448,0.11499444395303726,0.3665178120136261,0.8026514053344727,-0.062310583889484406,0.2685759663581848,0.827697217464447,0.15709075331687927,0.2632424831390381,0.8487638831138611,-0.03209461644291878,0.24830374121665955,0.8246821165084839,0.158662348985672,0.24270722270011902,0.8481771945953369,-0.032691773027181625,0.2820836007595062,0.8989317417144775,0.12446539103984833,0.27988865971565247,0.9175100326538086,-0.08715786039829254
1781515894.8072383,plank,0.6449459791183472,0.7290757894515991,-0.02620372548699379,0.6525086760520935,0.7139151692390442,-0.01847473718225956,0.6523822546005249,0.7113836407661438,-0.01847993955016136,0.6522920727729797,0.7089182734489441,-0.01848379336297512,0.6524987816810608,0.7138445377349854,-0.04714249074459076,0.6523569822311401,0.7112089395523071,-0.04714275524020195,0.6522995233535767,0.7086503505706787,-0.04717822000384331,0.6459473371505737,0.6884336471557617,0.033847447484731674,0.6460627913475037,0.6910216808319092,-0.0949721708893776,0.6343899965286255,0.7239487767219543,-0.002015843987464905,0.6343030333518982,0.7238664627075195,-0.03971969336271286,0.5882010459899902,0.6780186295509338,0.14096692204475403,0.598607063293457,0.7058777809143066,-0.15000899136066437,0.5943368673324585,0.7999935746192932,0.17495550215244293,0.6013444662094116,0.8413350582122803,-0.15783697366714478,0.6500794887542725,0.8061797022819519,0.14318731427192688,0.6612842082977295,0.8257863521575928,-0.07496141642332077,0.6667829751968384,0.8039629459381104,0.15092815458774567,0.677276611328125,0.8215795755386353,-0.092653788626194,0.6679805517196655,0.7978715896606445,0.14815214276313782,0.6758947372436523,0.8098441958427429,-0.08640975505113602,0.66253662109375,0.7979667782783508,0.14022985100746155,0.6702336072921753,0.8091121912002563,-0.07088152319192886,0.45991072058677673,0.7122917175292969,0.09320191293954849,0.46203652024269104,0.742121696472168,-0.09316655993461609,0.3665875792503357,0.7882633805274963,0.11301745474338531,0.3669028580188751,0.803070604801178,-0.061953354626894,0.26805824041366577,0.8273612260818481,0.15025697648525238,0.2637617588043213,0.8487098813056946,-0.03526173532009125,0.24905279278755188,0.8250618577003479,0.15115009248256683,0.24377202987670898,0.846927285194397,-0.03639071434736252,0.28215569257736206,0.898238480091095,0.11528199911117554,0.28044593334198,0.9178026914596558,-0.09127137064933777
1781515894.9918067,plank,0.6446376442909241,0.7287268042564392,-0.02750936709344387,0.6523389220237732,0.7134616374969482,-0.01992332935333252,0.6522315740585327,0.710942804813385,-0.019928067922592163,0.6521477103233337,0.7084890007972717,-0.019929353147745132,0.6523030996322632,0.7133979797363281,-0.04862096533179283,0.6521643996238708,0.7107754945755005,-0.04862365871667862,0.6520931720733643,0.7082388401031494,-0.04865976795554161,0.6458613872528076,0.6881008148193359,0.032141052186489105,0.6459833383560181,0.6906646490097046,-0.09676503390073776,0.6342092156410217,0.7236729264259338,-0.0033243312500417233,0.6341145634651184,0.7235860228538513,-0.041081152856349945,0.5880284905433655,0.677275538444519,0.13833920657634735,0.5987440347671509,0.7058220505714417,-0.14994877576828003,0.5941800475120544,0.7976754307746887,0.17250405251979828,0.6012726426124573,0.8411943316459656,-0.15779337286949158,0.6497702598571777,0.8050392270088196,0.14146646857261658,0.660866379737854,0.8255375623703003,-0.08003129065036774,0.6665138006210327,0.8026107549667358,0.14915290474891663,0.6767762899398804,0.8214175701141357,-0.09902767091989517,0.6678964495658875,0.7969000339508057,0.145823135972023,0.6755150556564331,0.8095313310623169,-0.0923711284995079,0.662440836429596,0.7971082329750061,0.13836340606212616,0.6698870062828064,0.8087332844734192,-0.07613492012023926,0.4598406255245209,0.7118489742279053,0.09198430925607681,0.4620051383972168,0.7428516149520874,-0.09195242077112198,0.366840124130249,0.7878450155258179,0.11198339611291885,0.3670697510242462,0.8035979270935059,-0.06076573207974434,0.26820412278175354,0.8273293375968933,0.15064804255962372,0.26406317949295044,0.8486581444740295,-0.03381573408842087,0.24928298592567444,0.8250084519386292,0.15189415216445923,0.2442701756954193,0.8461701273918152,-0.03494841605424881,0.28228068351745605,0.8982064127922058,0.1172640323638916,0.2806969881057739,0.9180157780647278,-0.08999037742614746
1781515895.1782553,plank,0.6443890333175659,0.7284664511680603,-0.027760306373238564,0.6521655321121216,0.7131806015968323,-0.020196598023176193,0.6520649194717407,0.710654616355896,-0.020200524479150772,0.6519819498062134,0.7081907391548157,-0.020200226455926895,0.6521199941635132,0.7131708860397339,-0.04888742417097092,0.6519798636436462,0.7105753421783447,-0.04889030009508133,0.6518948674201965,0.7080792188644409,-0.04892679303884506,0.6457198262214661,0.6878321766853333,0.031966838985681534,0.6458593606948853,0.6904608011245728,-0.09700438380241394,0.633997917175293,0.7234004735946655,-0.003580315737053752,0.6339082717895508,0.7232911586761475,-0.04133806750178337,0.5878113508224487,0.6772097945213318,0.13832838833332062,0.598678708076477,0.7054115533828735,-0.15043196082115173,0.5941186547279358,0.7976274490356445,0.1723303496837616,0.6012330055236816,0.8411595821380615,-0.15910573303699493,0.6495933532714844,0.8049402236938477,0.1415320187807083,0.660537838935852,0.8254900574684143,-0.08662210404872894,0.6663045287132263,0.8021965622901917,0.14926165342330933,0.6763578653335571,0.8213577270507812,-0.10641678422689438,0.6677553057670593,0.7966063618659973,0.14588840305805206,0.675186276435852,0.8094406127929688,-0.09880518168210983,0.6623045206069946,0.796907901763916,0.13840080797672272,0.6696098446846008,0.8086481690406799,-0.08245372027158737,0.45925450325012207,0.7119420170783997,0.09160815179347992,0.46148452162742615,0.7433634996414185,-0.09157084673643112,0.366604208946228,0.7881222367286682,0.11186406761407852,0.3668362498283386,0.803815484046936,-0.060645271092653275,0.26807552576065063,0.8273319602012634,0.15082183480262756,0.2638729214668274,0.8484914898872375,-0.03399306535720825,0.24941666424274445,0.8250344395637512,0.15211829543113708,0.24425697326660156,0.8454886674880981,-0.035101938992738724,0.28233736753463745,0.8985636234283447,0.11706956475973129,0.28082966804504395,0.9183264970779419,-0.0904882624745369
1781515895.3661644,plank,0.6444145441055298,0.728033185005188,-0.02096582017838955,0.6521574258804321,0.7128612995147705,-0.01302867941558361,0.6520520448684692,0.71034836769104,-0.013012923300266266,0.6519632339477539,0.7078701257705688,-0.013002870604395866,0.6521163582801819,0.7128601670265198,-0.04186177998781204,0.6519746780395508,0.710295557975769,-0.04186883196234703,0.6518880128860474,0.7077964544296265,-0.041901566088199615,0.6456815004348755,0.6874792575836182,0.04057089239358902,0.6458227634429932,0.6902872920036316,-0.08910328149795532,0.6340106129646301,0.7230652570724487,0.003621228039264679,0.6339132189750671,0.7229808568954468,-0.03434184566140175,0.5878496766090393,0.6772331595420837,0.14807306230068207,0.5984855890274048,0.7053812742233276,-0.1463993489742279,0.5941973924636841,0.7982990741729736,0.1807861477136612,0.6012405753135681,0.8411616086959839,-0.1461218297481537,0.6495614647865295,0.8054596185684204,0.1520015001296997,0.6603136658668518,0.8255249857902527,-0.051582206040620804,0.666252851486206,0.8023023009300232,0.1600230634212494,0.6760783791542053,0.8213464617729187,-0.0665159747004509,0.667725145816803,0.7967710494995117,0.1592799425125122,0.6749973893165588,0.8094331622123718,-0.06081501394510269,0.6622654795646667,0.7972433567047119,0.14983239769935608,0.6694756746292114,0.8086363077163696,-0.04726162552833557,0.4587257504463196,0.7123943567276001,0.0925164520740509,0.46057456731796265,0.7451825737953186,-0.09249429404735565,0.36182349920272827,0.7861270308494568,0.11566047370433807,0.36140140891075134,0.8018398880958557,-0.059139519929885864,0.2680622637271881,0.8259121179580688,0.15253910422325134,0.2602892518043518,0.8465585708618164,-0.034677743911743164,0.2492077648639679,0.823887825012207,0.1536654680967331,0.23868021368980408,0.8431275486946106,-0.03576011583209038,0.28130143880844116,0.8964605331420898,0.12067357450723648,0.2755100727081299,0.918516993522644,-0.09131092578172684
1781515895.5356905,plank,0.6440314650535583,0.7276257872581482,-0.01785271428525448,0.6518567800521851,0.7122459411621094,-0.010300897061824799,0.6517463326454163,0.7097246646881104,-0.01029198244214058,0.6516400575637817,0.7072061896324158,-0.010279346257448196,0.6518445611000061,0.7122949361801147,-0.03903784602880478,0.6517237424850464,0.7097752094268799,-0.039050064980983734,0.6516475677490234,0.7072733640670776,-0.039084527641534805,0.6452834010124207,0.6866588592529297,0.042574863880872726,0.6455256938934326,0.6898528337478638,-0.08695299178361893,0.6337484121322632,0.7227869033813477,0.0065265195444226265,0.6337051391601562,0.7227901220321655,-0.03135756403207779,0.5873409509658813,0.6771020293235779,0.1479637324810028,0.5983358025550842,0.7046700716018677,-0.1422252357006073,0.5940932631492615,0.7979007363319397,0.18583160638809204,0.601320207118988,0.8410955667495728,-0.14661814272403717,0.6488563418388367,0.8049278259277344,0.16501861810684204,0.6603705286979675,0.8255147337913513,-0.061983950436115265,0.6656002998352051,0.801686704158783,0.17322620749473572,0.6760529279708862,0.8212709426879883,-0.07882006466388702,0.6673247218132019,0.7963694334030151,0.16972920298576355,0.674970805644989,0.8093386888504028,-0.0733635351061821,0.6618969440460205,0.7969147562980652,0.1619221717119217,0.6694773435592651,0.8085851073265076,-0.05819637328386307,0.4587682783603668,0.7233047485351562,0.09202109277248383,0.46094194054603577,0.7553710341453552,-0.09200074523687363,0.3620886206626892,0.7881142497062683,0.11455267667770386,0.3608833849430084,0.804388165473938,-0.06130615621805191,0.26774248480796814,0.8268646001815796,0.15149159729480743,0.26008424162864685,0.8468858599662781,-0.036772582679986954,0.2489933967590332,0.8244656324386597,0.15246330201625824,0.23900553584098816,0.8425880670547485,-0.03823660686612129,0.27771714329719543,0.896859884262085,0.1173509955406189,0.2711203098297119,0.9205353856086731,-0.0961177721619606
1781515895.7211823,plank,0.6431695818901062,0.7258292436599731,-0.012706102803349495,0.651189923286438,0.7106403112411499,-0.005347983445972204,0.6510723829269409,0.7081114053726196,-0.005338548216968775,0.6509549617767334,0.7055591940879822,-0.005323882680386305,0.6512022018432617,0.7108100652694702,-0.03342748433351517,0.651098370552063,0.7083590030670166,-0.033441212028265,0.6510330438613892,0.7059021592140198,-0.03348391875624657,0.6443704962730408,0.6850420236587524,0.0463268868625164,0.6447001695632935,0.688978910446167,-0.0803215503692627,0.6331047415733337,0.7213767766952515,0.011112397536635399,0.6330646276473999,0.7214102149009705,-0.025973504409193993,0.5853989124298096,0.677345871925354,0.14901374280452728,0.5979734659194946,0.7055632472038269,-0.13521461188793182,0.5934693217277527,0.7979678511619568,0.18795086443424225,0.601376473903656,0.8411158323287964,-0.14468449354171753,0.6476109027862549,0.8045057654380798,0.17304910719394684,0.6603285074234009,0.8256779313087463,-0.08013006299734116,0.664263129234314,0.8010504841804504,0.183018758893013,0.6759926080703735,0.8213745355606079,-0.0994153767824173,0.6659159064292908,0.7958241105079651,0.17893177270889282,0.6749364733695984,0.8093976378440857,-0.09225605428218842,0.6606149673461914,0.7965074181556702,0.17016351222991943,0.6694475412368774,0.8086724281311035,-0.07624566555023193,0.4590170383453369,0.7249220013618469,0.09103740006685257,0.46143823862075806,0.7618347406387329,-0.0910244956612587,0.36186614632606506,0.7888806462287903,0.10906686633825302,0.3611963987350464,0.806519627571106,-0.06506454199552536,0.2663842737674713,0.8273835778236389,0.14283344149589539,0.259981632232666,0.847575306892395,-0.04448128864169121,0.2479996383190155,0.8244901299476624,0.14333315193653107,0.23922502994537354,0.8426425457000732,-0.04654661566019058,0.27514177560806274,0.8969019651412964,0.10656438022851944,0.27022820711135864,0.9211183190345764,-0.10568110644817352
1781515895.8939044,plank,0.6428406834602356,0.7252301573753357,-0.012044860050082207,0.6509218811988831,0.7102917432785034,-0.004274940118193626,0.6508104801177979,0.7077903151512146,-0.004259493201971054,0.6506975293159485,0.7052503228187561,-0.004239847417920828,0.6509313583374023,0.7103897333145142,-0.03272173926234245,0.6508362293243408,0.7079250812530518,-0.032729897648096085,0.6507757902145386,0.7054428458213806,-0.03276463970541954,0.6441377401351929,0.6846743822097778,0.04702046513557434,0.6444331407546997,0.6886352896690369,-0.08109838515520096,0.6328905820846558,0.7209205627441406,0.012174369767308235,0.63282310962677,0.7208511233329773,-0.02517557516694069,0.5854771733283997,0.6789717674255371,0.15070736408233643,0.597804844379425,0.7054187059402466,-0.13573379814624786,0.5936071276664734,0.8001891374588013,0.18866777420043945,0.6014193892478943,0.8410656452178955,-0.1454724669456482,0.6482268571853638,0.804573118686676,0.165907084941864,0.6603326201438904,0.8256297707557678,-0.06848426163196564,0.6643470525741577,0.8009475469589233,0.17346486449241638,0.6761225461959839,0.8213673830032349,-0.0844714343547821,0.6659324169158936,0.7955676317214966,0.17247594892978668,0.674985945224762,0.8092331886291504,-0.07853396236896515,0.6606499552726746,0.7962202429771423,0.1636166274547577,0.6694484949111938,0.8084925413131714,-0.0644150972366333,0.45988503098487854,0.7287330627441406,0.09113246947526932,0.4621613919734955,0.7621950507164001,-0.09111669659614563,0.3616560995578766,0.7905582189559937,0.10881948471069336,0.36121565103530884,0.8079342246055603,-0.06582383811473846,0.26615363359451294,0.828283429145813,0.14271225035190582,0.2601052224636078,0.8480212688446045,-0.044538334012031555,0.2478770911693573,0.8249127864837646,0.14302055537700653,0.2392663061618805,0.842816174030304,-0.04657409340143204,0.2745102345943451,0.8979067206382751,0.10477092117071152,0.270355761051178,0.9221376180648804,-0.10619445145130157
1781515896.0811927,plank,0.6430563926696777,0.7291408181190491,-0.013136831112205982,0.651115894317627,0.7143481969833374,-0.005127286072820425,0.6510369777679443,0.7117674946784973,-0.005110727623105049,0.6509820222854614,0.7092105150222778,-0.005087420344352722,0.6511104702949524,0.7142123579978943,-0.03349883481860161,0.651013970375061,0.7114858627319336,-0.033510733395814896,0.650974452495575,0.7088032960891724,-0.03354210406541824,0.6449403166770935,0.6886906623840332,0.046800337731838226,0.6450428366661072,0.6913092136383057,-0.08179306238889694,0.6331733465194702,0.7238393425941467,0.011237871833145618,0.6330367922782898,0.7236117720603943,-0.02590865269303322,0.5868887305259705,0.6803099513053894,0.1527772843837738,0.5980527997016907,0.7054010629653931,-0.13786451518535614,0.594530463218689,0.8027769923210144,0.1812105029821396,0.6013737916946411,0.8411463499069214,-0.14562250673770905,0.6493563652038574,0.8060122728347778,0.14446724951267242,0.6604440212249756,0.8257135152816772,-0.05954809859395027,0.6651756167411804,0.8030973076820374,0.15007594227790833,0.6765698194503784,0.8216518759727478,-0.07452302426099777,0.6665650606155396,0.7971458435058594,0.15005597472190857,0.6752759218215942,0.8095438480377197,-0.06859800964593887,0.6612170934677124,0.7972701787948608,0.14206562936306,0.6696199774742126,0.8087133765220642,-0.05525616928935051,0.46107015013694763,0.7281293869018555,0.09216032922267914,0.4629703164100647,0.7570592164993286,-0.09211980551481247,0.36258989572525024,0.7900345921516418,0.10779478400945663,0.3620726466178894,0.806384801864624,-0.06944452226161957,0.26606959104537964,0.8280687928199768,0.13929301500320435,0.2602141499519348,0.8471912145614624,-0.04979167878627777,0.24769310653209686,0.8245532512664795,0.13911932706832886,0.2393355667591095,0.8425009846687317,-0.052096009254455566,0.27388280630111694,0.8984192609786987,0.09941249340772629,0.27000483870506287,0.922669529914856,-0.11382244527339935
1781515896.2678337,plank,0.643614649772644,0.72967529296875,-0.014753500930964947,0.651610255241394,0.7149624228477478,-0.006628802511841059,0.6515389084815979,0.7123915553092957,-0.006619428750127554,0.6515024900436401,0.7098652720451355,-0.006604364607483149,0.6515998244285583,0.7149131894111633,-0.035340435802936554,0.6514990925788879,0.7122284770011902,-0.03535075858235359,0.6514742374420166,0.7096046805381775,-0.03538826107978821,0.6456524133682251,0.6894932985305786,0.046360474079847336,0.6457346677780151,0.6920083165168762,-0.0837252140045166,0.6335582733154297,0.724274754524231,0.009778408333659172,0.6333821415901184,0.7242056131362915,-0.027807191014289856,0.5874592065811157,0.6804036498069763,0.15331773459911346,0.5984509587287903,0.7056532502174377,-0.1428852379322052,0.5949687957763672,0.8028148412704468,0.1852632462978363,0.6014258861541748,0.8414830565452576,-0.15016759932041168,0.6493551731109619,0.8064559698104858,0.15412798523902893,0.6605014204978943,0.8260772824287415,-0.06282947212457657,0.665322482585907,0.8033934831619263,0.1617000252008438,0.6770750284194946,0.8218711018562317,-0.07896082103252411,0.6667631268501282,0.7976903915405273,0.1605907529592514,0.6756743788719177,0.8100900650024414,-0.07276743650436401,0.661435067653656,0.7979515194892883,0.15151748061180115,0.6699222922325134,0.809287428855896,-0.058486681431531906,0.4611147344112396,0.7271488904953003,0.09323491156101227,0.4631863236427307,0.756537139415741,-0.09319303929805756,0.3632913827896118,0.7894958257675171,0.10778119415044785,0.36349648237228394,0.8053645491600037,-0.06900864839553833,0.26609325408935547,0.8279039263725281,0.13942746818065643,0.26085564494132996,0.846573531627655,-0.04840919375419617,0.24726426601409912,0.8246101140975952,0.13941475749015808,0.2395283281803131,0.8424704670906067,-0.050590880215168,0.2739821970462799,0.8985563516616821,0.10035604238510132,0.2706712484359741,0.92256098985672,-0.11098842322826385
1781515896.455957,plank,0.6443513631820679,0.7296373248100281,-0.014692632481455803,0.652084469795227,0.7150776982307434,-0.006515045650303364,0.6520025134086609,0.7125899195671082,-0.00650995597243309,0.6519527435302734,0.7101407647132874,-0.006500408984720707,0.6520550847053528,0.7149418592453003,-0.03535056486725807,0.6519303321838379,0.7122653722763062,-0.035359226167201996,0.651880145072937,0.7096412777900696,-0.03540089353919029,0.6461432576179504,0.689950168132782,0.04705275595188141,0.6461623311042786,0.692108690738678,-0.08318166434764862,0.6341639161109924,0.7244455814361572,0.009837513789534569,0.6339555978775024,0.7243232727050781,-0.027994539588689804,0.5882077813148499,0.6805432438850403,0.15476971864700317,0.5988491177558899,0.70599365234375,-0.14283564686775208,0.5951908826828003,0.8027711510658264,0.18868373334407806,0.60155189037323,0.8415782451629639,-0.1498248279094696,0.6492384672164917,0.8068902492523193,0.1620902717113495,0.660638689994812,0.8265655636787415,-0.06352902203798294,0.6653853058815002,0.8037919998168945,0.17025449872016907,0.6777094602584839,0.8225440382957458,-0.07977192103862762,0.6668722629547119,0.7981447577476501,0.1685296595096588,0.6761063933372498,0.810798704624176,-0.0737181305885315,0.6614933013916016,0.7984839677810669,0.1594458520412445,0.6702016592025757,0.810028612613678,-0.05931546539068222,0.461655855178833,0.7267210483551025,0.09363914281129837,0.46357783675193787,0.7564483880996704,-0.09359957277774811,0.3639240860939026,0.7902743220329285,0.10711641609668732,0.36390015482902527,0.806770920753479,-0.0704084187746048,0.26612991094589233,0.8279189467430115,0.1374085396528244,0.26136255264282227,0.8465687036514282,-0.05128994584083557,0.24725277721881866,0.8245898485183716,0.13712505996227264,0.23975101113319397,0.8424188494682312,-0.05370108410716057,0.2739996314048767,0.8993257880210876,0.09706903994083405,0.27059412002563477,0.9232344627380371,-0.1148090809583664
1781515896.6309307,plank,0.6444303393363953,0.7295607924461365,-0.014805227518081665,0.6521419882774353,0.7149950861930847,-0.006656660232692957,0.6520588397979736,0.7125214338302612,-0.006652026437222958,0.6520023941993713,0.7100885510444641,-0.006643468048423529,0.6520959734916687,0.7148759365081787,-0.035479504615068436,0.6519626379013062,0.7122107744216919,-0.03548790141940117,0.6519004106521606,0.7095991969108582,-0.03553159534931183,0.6461328268051147,0.6899277567863464,0.04738684371113777,0.6461586952209473,0.6920644044876099,-0.08320654928684235,0.6342377662658691,0.724418044090271,0.009717922657728195,0.6340126395225525,0.7242797017097473,-0.028140177950263023,0.588252604007721,0.6808794736862183,0.15487006306648254,0.5988864898681641,0.7061543464660645,-0.14291787147521973,0.5953553915023804,0.8029965162277222,0.18973690271377563,0.6016527414321899,0.8417583703994751,-0.15224964916706085,0.6492866277694702,0.8073405623435974,0.16674008965492249,0.6611776351928711,0.8267669677734375,-0.07707126438617706,0.6655228137969971,0.8041253685951233,0.17580460011959076,0.6783655881881714,0.8229092955589294,-0.09510117769241333,0.6670566201210022,0.798617959022522,0.17330120503902435,0.6767386794090271,0.8112838864326477,-0.08766467869281769,0.6617038249969482,0.7990974187850952,0.16397163271903992,0.6707959175109863,0.8105332255363464,-0.07271181792020798,0.4621085524559021,0.7266076803207397,0.09398296475410461,0.4638027548789978,0.7564331293106079,-0.09394023567438126,0.3644249737262726,0.7909220457077026,0.10723749548196793,0.3641873896121979,0.8089762330055237,-0.0720612034201622,0.2661229968070984,0.8278864622116089,0.13792172074317932,0.26116493344306946,0.8465116620063782,-0.05382252857089043,0.24709348380565643,0.82430100440979,0.13777536153793335,0.2393827885389328,0.8420148491859436,-0.05636373907327652,0.27420592308044434,0.89955073595047,0.09830737859010696,0.2704448103904724,0.9236577153205872,-0.11825696378946304
1781515896.8029463,plank,0.6443226337432861,0.7293561100959778,-0.01339943241328001,0.6520739793777466,0.7146115899085999,-0.005357297603040934,0.6519870758056641,0.7121627926826477,-0.005353718064725399,0.6519221067428589,0.7097305655479431,-0.005347094498574734,0.6520363092422485,0.7144833207130432,-0.03388577699661255,0.6519042253494263,0.7118499875068665,-0.03388935700058937,0.6518374085426331,0.7092202305793762,-0.03393346816301346,0.6459864974021912,0.6896873712539673,0.04836117476224899,0.6460374593734741,0.6917756199836731,-0.08021966367959976,0.6341903805732727,0.7243678569793701,0.011004239320755005,0.6339905858039856,0.7241867780685425,-0.02651369199156761,0.5880839824676514,0.6810182929039001,0.15472671389579773,0.5988366603851318,0.7058413028717041,-0.13813534379005432,0.5953839421272278,0.8036051392555237,0.1871517300605774,0.6016920804977417,0.8418934345245361,-0.14669862389564514,0.6491795778274536,0.8075205683708191,0.16203051805496216,0.661095917224884,0.8268063068389893,-0.07195355743169785,0.66548752784729,0.8042195439338684,0.17010915279388428,0.6781866550445557,0.822785496711731,-0.08963643014431,0.666941225528717,0.7987931966781616,0.1684073507785797,0.6765924692153931,0.8112486004829407,-0.08248236030340195,0.6616119146347046,0.7993025779724121,0.15958578884601593,0.670709490776062,0.8105207085609436,-0.06775017082691193,0.46244674921035767,0.7266131043434143,0.093142069876194,0.46433860063552856,0.7555367350578308,-0.09309983253479004,0.36485180258750916,0.7912798523902893,0.1068166121840477,0.36478033661842346,0.8096256852149963,-0.07071453332901001,0.2661907970905304,0.8278725743293762,0.13714155554771423,0.26124733686447144,0.8465515971183777,-0.0507553331553936,0.2470521479845047,0.8242253661155701,0.13701876997947693,0.23937945067882538,0.842056930065155,-0.05292873457074165,0.27442461252212524,0.8995102047920227,0.09748165309429169,0.27045220136642456,0.9237016439437866,-0.11303351819515228
1781515896.9448862,plank,0.6440319418907166,0.7292070984840393,-0.011610656976699829,0.6518990993499756,0.7143165469169617,-0.0037636621855199337,0.6518238186836243,0.7118861675262451,-0.003759657498449087,0.6517646908760071,0.7094538807868958,-0.0037528215907514095,0.651878833770752,0.7141650915145874,-0.03200538456439972,0.6517676115036011,0.7115535140037537,-0.032007597386837006,0.6517146825790405,0.7089149355888367,-0.03205248340964317,0.6458212733268738,0.6894697546958923,0.04916995391249657,0.6459069848060608,0.6915449500083923,-0.07807153463363647,0.6340441107749939,0.7243290543556213,0.0125358235090971,0.6338734030723572,0.7241216897964478,-0.024652790278196335,0.5879563093185425,0.6810210943222046,0.15459558367729187,0.5988180637359619,0.7055215239524841,-0.13489066064357758,0.595374345779419,0.8036645650863647,0.1861739158630371,0.6017269492149353,0.8419038653373718,-0.1447984129190445,0.6490534543991089,0.8074827194213867,0.16067665815353394,0.6610840559005737,0.8267818093299866,-0.0711352601647377,0.6654515862464905,0.8041833639144897,0.16867443919181824,0.6781112551689148,0.8226686120033264,-0.08872856199741364,0.6668391227722168,0.7987871766090393,0.16683386266231537,0.676512598991394,0.811155378818512,-0.08177731186151505,0.6615356802940369,0.7992770671844482,0.1582312285900116,0.6706826686859131,0.8104223608970642,-0.06697805970907211,0.46254071593284607,0.7266734838485718,0.09213855117559433,0.46462446451187134,0.755239725112915,-0.0921040028333664,0.3650638461112976,0.7913597226142883,0.1069493442773819,0.3650670349597931,0.8102427124977112,-0.06870915740728378,0.2663336992263794,0.8277772665023804,0.13804009556770325,0.2614133358001709,0.8465574383735657,-0.04719143733382225,0.24710723757743835,0.8240627646446228,0.1380993276834488,0.23949524760246277,0.8420712947845459,-0.04905856400728226,0.2748779356479645,0.8994479775428772,0.09924836456775665,0.2707093358039856,0.923709511756897,-0.10783706605434418
1781515897.0705867,plank,0.643801748752594,0.7291424870491028,-0.010958260856568813,0.6517167091369629,0.7142444849014282,-0.003051080973818898,0.6516643166542053,0.7118212580680847,-0.003047456033527851,0.6516218185424805,0.7093906402587891,-0.0030410552863031626,0.6516850590705872,0.7140898108482361,-0.031441979110240936,0.6515921354293823,0.7114890217781067,-0.03144223242998123,0.6515510678291321,0.7088541388511658,-0.03148653358221054,0.6456995606422424,0.6893933415412903,0.0498843640089035,0.6457661390304565,0.6914891004562378,-0.07780414074659348,0.6339391469955444,0.7242680191993713,0.013203633017838001,0.6337674260139465,0.7240542769432068,-0.02419203147292137,0.5879258513450623,0.6809638738632202,0.15469247102737427,0.5987935662269592,0.7053349614143372,-0.13525433838367462,0.5953946709632874,0.8033364415168762,0.18627871572971344,0.6017764210700989,0.841931164264679,-0.14508578181266785,0.6485902667045593,0.8071914911270142,0.16076649725437164,0.6610881090164185,0.8268178105354309,-0.07505501061677933,0.6650680899620056,0.8038864135742188,0.16883286833763123,0.6781364679336548,0.8226884007453918,-0.09312285482883453,0.6663971543312073,0.7986099123954773,0.16684384644031525,0.6764892339706421,0.8111357688903809,-0.08568781614303589,0.6611177921295166,0.7990843653678894,0.15823206305503845,0.6706555485725403,0.8103959560394287,-0.07076466083526611,0.46309274435043335,0.726432740688324,0.092119961977005,0.4651297628879547,0.7549729347229004,-0.09208504110574722,0.3653374910354614,0.7916131615638733,0.10586490482091904,0.3653782904148102,0.8104121685028076,-0.06912918388843536,0.26668184995651245,0.8276588320732117,0.13540856540203094,0.26186150312423706,0.8461141586303711,-0.04943206161260605,0.24747046828269958,0.823678731918335,0.1352316439151764,0.24004411697387695,0.8414246439933777,-0.05156458169221878,0.27504080533981323,0.8994596600532532,0.0958404466509819,0.2707517147064209,0.9235513210296631,-0.11081759631633759
1781515897.1937852,plank,0.6435568332672119,0.7291173934936523,-0.010614241473376751,0.6515437364578247,0.714223325252533,-0.002785151358693838,0.6515130996704102,0.7118024230003357,-0.002782288705930114,0.6514886617660522,0.7093751430511475,-0.0027755177579820156,0.6515153646469116,0.714074432849884,-0.031072402372956276,0.6514443755149841,0.7114847898483276,-0.03107406757771969,0.6514228582382202,0.7088680863380432,-0.031118836253881454,0.6456508636474609,0.6893689036369324,0.0498504638671875,0.6457046270370483,0.6914969682693481,-0.07752928882837296,0.633823037147522,0.7242055535316467,0.013373332098126411,0.633648693561554,0.724030077457428,-0.02390418015420437,0.587849497795105,0.6808116436004639,0.15452072024345398,0.5987687706947327,0.7055368423461914,-0.13506154716014862,0.5954398512840271,0.8023340106010437,0.18674978613853455,0.6018686890602112,0.8419458270072937,-0.14532709121704102,0.6484756469726562,0.8067281246185303,0.1642621010541916,0.6611501574516296,0.8268025517463684,-0.07451285421848297,0.6649553179740906,0.8036139607429504,0.17322710156440735,0.6781631708145142,0.8227149844169617,-0.09226219356060028,0.6662329435348511,0.7983471155166626,0.17077799141407013,0.6764863133430481,0.8111298680305481,-0.08492421358823776,0.6610110998153687,0.7987434267997742,0.16169747710227966,0.6706571578979492,0.8103406429290771,-0.07021718472242355,0.4632551074028015,0.7263243198394775,0.09207327663898468,0.46539777517318726,0.7552656531333923,-0.09204182028770447,0.36552274227142334,0.7922730445861816,0.1051795706152916,0.3656403720378876,0.8108590841293335,-0.06988607347011566,0.26706361770629883,0.8279922604560852,0.13408775627613068,0.2622066140174866,0.8460814356803894,-0.05159081891179085,0.24766218662261963,0.8237475752830505,0.13381920754909515,0.24035915732383728,0.8412681818008423,-0.05393405631184578,0.27516430616378784,0.8995281457901001,0.09433262795209885,0.27075570821762085,0.9234225749969482,-0.11392875760793686
1781515897.3184402,plank,0.6433531641960144,0.729129433631897,-0.010629348456859589,0.6513943076133728,0.7142984867095947,-0.0027871080674231052,0.6513813734054565,0.7118634581565857,-0.002784566255286336,0.6513760685920715,0.7094236016273499,-0.002777843037620187,0.6513813138008118,0.7141942977905273,-0.031133020296692848,0.651333749294281,0.7116243243217468,-0.031134823337197304,0.651337742805481,0.7090383172035217,-0.031179960817098618,0.6456419229507446,0.6893995404243469,0.04981584474444389,0.6456959843635559,0.6916341185569763,-0.07764261960983276,0.6337379813194275,0.7241494655609131,0.01335921697318554,0.6335772275924683,0.723992645740509,-0.024002455174922943,0.5876755118370056,0.6808062195777893,0.15446659922599792,0.5987684726715088,0.7057347893714905,-0.13516612350940704,0.5954512357711792,0.8022216558456421,0.18650683760643005,0.6019073724746704,0.8421175479888916,-0.1453680545091629,0.6483864188194275,0.806622326374054,0.16283480823040009,0.6610961556434631,0.8267636895179749,-0.07049916684627533,0.6648486852645874,0.8033815026283264,0.17140261828899384,0.6780015230178833,0.8226998448371887,-0.087135449051857,0.6660807132720947,0.7981076836585999,0.16941800713539124,0.6762746572494507,0.8110877871513367,-0.08026627451181412,0.6609289050102234,0.7985620498657227,0.16030903160572052,0.6704998016357422,0.8102689385414124,-0.06624911725521088,0.4632278084754944,0.7264558672904968,0.09219463914632797,0.4654180407524109,0.755551815032959,-0.09216621518135071,0.3656825125217438,0.7930797338485718,0.10487639904022217,0.3658626973628998,0.8109765648841858,-0.07015346735715866,0.2673425078392029,0.8283015489578247,0.13336117565631866,0.2624901533126831,0.8461633324623108,-0.052731938660144806,0.24780213832855225,0.8238953351974487,0.13299812376499176,0.24071422219276428,0.8412078022956848,-0.05520324036478996,0.2753632664680481,0.8996430039405823,0.09367866069078445,0.27085188031196594,0.9231923222541809,-0.11412455141544342
1781515897.4454923,plank,0.643290638923645,0.7295284867286682,-0.011126172728836536,0.6513537168502808,0.7148357033729553,-0.003173053963109851,0.6513449549674988,0.712367594242096,-0.0031715496443212032,0.6513429284095764,0.7099142670631409,-0.0031655761413276196,0.6513424515724182,0.7147636413574219,-0.03138687461614609,0.6512975692749023,0.7121824622154236,-0.031388040632009506,0.6513051986694336,0.7096105813980103,-0.031432561576366425,0.645639955997467,0.6898515224456787,0.04944625496864319,0.6456906795501709,0.6920258402824402,-0.07773663103580475,0.633700966835022,0.7243489623069763,0.012797030620276928,0.6335380673408508,0.724223256111145,-0.024345356971025467,0.5876926183700562,0.6809234023094177,0.15382209420204163,0.5987703204154968,0.7057904005050659,-0.13530728220939636,0.5955914855003357,0.8024370670318604,0.18179216980934143,0.601970911026001,0.8421996831893921,-0.14454549551010132,0.648379385471344,0.8065604567527771,0.15112045407295227,0.6610546112060547,0.8267577886581421,-0.06424610316753387,0.6648159623146057,0.8032498955726624,0.15795063972473145,0.6779229044914246,0.8226826190948486,-0.08010680228471756,0.6660152673721313,0.79795902967453,0.15697486698627472,0.6761292815208435,0.811060905456543,-0.07371699064970016,0.6608856916427612,0.7984399795532227,0.14870938658714294,0.6703628301620483,0.8102166652679443,-0.06005199998617172,0.46325188875198364,0.7261300086975098,0.0922241061925888,0.4654397964477539,0.7552416324615479,-0.09219567477703094,0.3657893240451813,0.793260931968689,0.10488627105951309,0.36595478653907776,0.8110596537590027,-0.07015235722064972,0.2675815522670746,0.828361451625824,0.13321630656719208,0.2627447247505188,0.8462546467781067,-0.052598875015974045,0.24793533980846405,0.8238309025764465,0.13277047872543335,0.24094171822071075,0.8412078022956848,-0.055054713040590286,0.2753440737724304,0.8996440172195435,0.09333017468452454,0.2707802653312683,0.9231939315795898,-0.11371403932571411
1781515897.569844,plank,0.643258273601532,0.7299655675888062,-0.011218572035431862,0.6513460278511047,0.7153688073158264,-0.003204524517059326,0.6513381600379944,0.7128785252571106,-0.003203346161171794,0.6513363718986511,0.7104214429855347,-0.0031976487953215837,0.6513355374336243,0.7152939438819885,-0.03138338774442673,0.6512908935546875,0.7126902341842651,-0.03138471022248268,0.651298463344574,0.7101161479949951,-0.031429339200258255,0.6456493735313416,0.6903471946716309,0.04948516935110092,0.6456946134567261,0.6923957467079163,-0.07739831507205963,0.6336750984191895,0.7245906591415405,0.012698319740593433,0.6335097551345825,0.7244868874549866,-0.0243731327354908,0.5877240896224976,0.6810363531112671,0.1537265032529831,0.598771333694458,0.7056992650032043,-0.1354617178440094,0.5957252383232117,0.8027128577232361,0.18035051226615906,0.6020264029502869,0.8422077894210815,-0.14337897300720215,0.6483643651008606,0.8065804243087769,0.14841188490390778,0.6609952449798584,0.826755166053772,-0.06003802269697189,0.66480952501297,0.8032880425453186,0.15501469373703003,0.6778404712677002,0.8226585388183594,-0.07553808391094208,0.6659803986549377,0.7979611158370972,0.1541866511106491,0.6759980320930481,0.8110321164131165,-0.06929470598697662,0.6608374714851379,0.7984276413917542,0.14601752161979675,0.6702333092689514,0.8101615309715271,-0.05582435801625252,0.46329522132873535,0.7258946895599365,0.09222859144210815,0.4654880166053772,0.7550376653671265,-0.09219993650913239,0.3657967448234558,0.7932684421539307,0.10481828451156616,0.3659585118293762,0.8111291527748108,-0.07017561793327332,0.267609179019928,0.8283091187477112,0.13256439566612244,0.2628153860569,0.8462560176849365,-0.052506107836961746,0.2479768991470337,0.8236931562423706,0.13197389245033264,0.24100379645824432,0.8411452174186707,-0.05492879077792168,0.2751065194606781,0.8996152877807617,0.09223848581314087,0.2704874575138092,0.9231884479522705,-0.11378878355026245
1781515897.6971688,plank,0.643243670463562,0.7304126024246216,-0.010512852109968662,0.6513365507125854,0.715851366519928,-0.0022995201870799065,0.6513292193412781,0.7133175134658813,-0.002299172105267644,0.6513293981552124,0.710824728012085,-0.002294489648193121,0.6513293981552124,0.7158344984054565,-0.030426841229200363,0.6512851715087891,0.7132243514060974,-0.03042789176106453,0.6512932181358337,0.7106603980064392,-0.030473023653030396,0.645656943321228,0.6907082796096802,0.05067308619618416,0.6456990242004395,0.6929022669792175,-0.07579674571752548,0.6336542963981628,0.7248764634132385,0.01338951289653778,0.6334909200668335,0.7248328328132629,-0.02360132709145546,0.587736964225769,0.6810362339019775,0.1551094800233841,0.5988166332244873,0.7058246731758118,-0.13521787524223328,0.5957483649253845,0.8028066158294678,0.18095029890537262,0.6020058989524841,0.8423323631286621,-0.14159689843654633,0.6481995582580566,0.8066118955612183,0.1498848795890808,0.6608742475509644,0.8269032835960388,-0.054273027926683426,0.6646087169647217,0.8032965660095215,0.15646973252296448,0.6776710152626038,0.8227577805519104,-0.06899340450763702,0.6657992005348206,0.798010528087616,0.15581263601779938,0.6758772134780884,0.8111460208892822,-0.06320532411336899,0.6606725454330444,0.7984583377838135,0.14750513434410095,0.6701265573501587,0.8102491497993469,-0.050097305327653885,0.4636097848415375,0.7257975935935974,0.09254879504442215,0.4659428596496582,0.7549902200698853,-0.09251884371042252,0.36592981219291687,0.7935916185379028,0.10267820209264755,0.3662084937095642,0.8111855387687683,-0.0714811384677887,0.2676736116409302,0.8284217119216919,0.12653407454490662,0.263161301612854,0.8462603092193604,-0.0563591793179512,0.24802403151988983,0.8237197995185852,0.125384122133255,0.24130253493785858,0.8410769701004028,-0.05909593775868416,0.27479657530784607,0.8998442888259888,0.08421401679515839,0.2701362669467926,0.9232587218284607,-0.11874423921108246
1781515897.8227484,plank,0.6432250738143921,0.7305192947387695,-0.009781083092093468,0.6512848138809204,0.7159594297409058,-0.0015160276088863611,0.6512802839279175,0.7134166955947876,-0.0015154711436480284,0.6512858271598816,0.7109137773513794,-0.0015106748323887587,0.6512724161148071,0.7159602046012878,-0.029530981555581093,0.6512265205383301,0.7133548259735107,-0.029531139880418777,0.6512366533279419,0.7107971906661987,-0.029575487598776817,0.6456398367881775,0.690813422203064,0.0515238419175148,0.6456745862960815,0.6931028366088867,-0.07444872707128525,0.6336461901664734,0.7249422073364258,0.014084914699196815,0.6334832310676575,0.7249214053153992,-0.02276705577969551,0.5876646041870117,0.6810068488121033,0.15557126700878143,0.5988520383834839,0.705964982509613,-0.13427147269248962,0.5957386493682861,0.80280601978302,0.18125730752944946,0.602043628692627,0.8424184322357178,-0.14024101197719574,0.6479467153549194,0.8065903782844543,0.15159867703914642,0.6608636975288391,0.8270760178565979,-0.053504616022109985,0.6642899513244629,0.8032060265541077,0.15860308706760406,0.6776606440544128,0.8229522705078125,-0.06833740323781967,0.6655251383781433,0.7979905009269714,0.15770164132118225,0.6758613586425781,0.8112951517105103,-0.0628076046705246,0.6604260206222534,0.7984382510185242,0.1492052972316742,0.6701112985610962,0.8103882074356079,-0.04928434640169144,0.4636808931827545,0.7258042097091675,0.09255383163690567,0.46625247597694397,0.7552481889724731,-0.0925242081284523,0.3658812940120697,0.7936244606971741,0.10070861876010895,0.3663588762283325,0.811187207698822,-0.07197510451078415,0.2676573097705841,0.8284731507301331,0.12333734333515167,0.26320603489875793,0.8463516235351562,-0.058101586997509,0.24774453043937683,0.8237575888633728,0.12216582149267197,0.24140486121177673,0.8411906957626343,-0.060957688838243484,0.2747540771961212,0.8998465538024902,0.08103778213262558,0.2701346278190613,0.9233054518699646,-0.12061433494091034
1781515897.9484398,plank,0.6433523297309875,0.7307426333427429,-0.009946754202246666,0.6513482332229614,0.7162575721740723,-0.0017655662959441543,0.6513386964797974,0.7136862874031067,-0.0017651928355917335,0.6513424515724182,0.7111523747444153,-0.0017609605565667152,0.6513234376907349,0.7162867188453674,-0.029681343585252762,0.6512621641159058,0.7136646509170532,-0.029680272564291954,0.6512617468833923,0.7110928297042847,-0.02972276881337166,0.6456778049468994,0.6909552216529846,0.05068982392549515,0.6456969380378723,0.6933232545852661,-0.07465197890996933,0.633764386177063,0.7251139283180237,0.013777914457023144,0.6335901021957397,0.7251161336898804,-0.02295054867863655,0.5878710150718689,0.6811668872833252,0.1542646586894989,0.5988873243331909,0.7061987519264221,-0.13386806845664978,0.5957486629486084,0.8030535578727722,0.18090702593326569,0.6019872426986694,0.8427053689956665,-0.13971932232379913,0.6479635238647461,0.8068403601646423,0.15255329012870789,0.660681962966919,0.8273544311523438,-0.0574466772377491,0.6642968058586121,0.803283154964447,0.16012071073055267,0.6776117086410522,0.8231006860733032,-0.07326899468898773,0.665520966053009,0.7980466485023499,0.15902553498744965,0.6758385896682739,0.8114985823631287,-0.06652039289474487,0.6604134440422058,0.798492968082428,0.15023858845233917,0.670045018196106,0.8106689453125,-0.053088463842868805,0.46371379494667053,0.7248888611793518,0.09223295748233795,0.4662458300590515,0.754569411277771,-0.09220264852046967,0.36588412523269653,0.793607234954834,0.10094402730464935,0.36632204055786133,0.8111076354980469,-0.0708826407790184,0.26774120330810547,0.8284671306610107,0.1251414567232132,0.2632366120815277,0.846290647983551,-0.05523232743144035,0.2478691041469574,0.8237396478652954,0.1242661327123642,0.2415199726819992,0.8411620259284973,-0.05782387778162956,0.2747998833656311,0.8998381495475769,0.08426011353731155,0.27018430829048157,0.9232844114303589,-0.11619659513235092
1781515898.0741181,plank,0.643362283706665,0.730866551399231,-0.009560232982039452,0.6513519883155823,0.716436505317688,-0.001379445195198059,0.6513399481773376,0.7138482928276062,-0.001378908520564437,0.6513427495956421,0.7112955451011658,-0.001375452266074717,0.6513288021087646,0.7164873480796814,-0.02918248251080513,0.6512655019760132,0.7138627767562866,-0.029181599617004395,0.6512641906738281,0.7112901210784912,-0.029223430901765823,0.6456902027130127,0.6910429000854492,0.050789542496204376,0.6457134485244751,0.6934881210327148,-0.07399142533540726,0.6337798237800598,0.7252058982849121,0.01405294705182314,0.6336151361465454,0.7252241373062134,-0.022513942793011665,0.5879577398300171,0.6812134385108948,0.15451745688915253,0.5989447832107544,0.7063094973564148,-0.13344672322273254,0.5956902503967285,0.8031166791915894,0.18110156059265137,0.6018980741500854,0.8428305983543396,-0.1380564421415329,0.6478034257888794,0.8069018721580505,0.152313232421875,0.6605120897293091,0.8274678587913513,-0.05247583985328674,0.6641777753829956,0.8032905459403992,0.159543976187706,0.6774947047233582,0.8231769800186157,-0.06724148988723755,0.6654099225997925,0.7980577349662781,0.1587372124195099,0.6757292151451111,0.8116223812103271,-0.061230696737766266,0.660271942615509,0.7985143065452576,0.15003465116024017,0.6699133515357971,0.8108363747596741,-0.048253413289785385,0.4638358950614929,0.7244225144386292,0.09224449098110199,0.4664255678653717,0.7542635798454285,-0.09221456944942474,0.36590367555618286,0.7937037944793701,0.10163481533527374,0.3663223385810852,0.8110411167144775,-0.07076331973075867,0.2678554058074951,0.8283894062042236,0.12686893343925476,0.2632535696029663,0.8461731672286987,-0.05538983270525932,0.24799640476703644,0.8236320614814758,0.1260058730840683,0.24158784747123718,0.8411282896995544,-0.05804448574781418,0.2748372554779053,0.8998119831085205,0.08652347326278687,0.27022233605384827,0.9232047200202942,-0.11669300496578217
1781515898.2039785,plank,0.6433910131454468,0.7309272885322571,-0.009906942024827003,0.6513684391975403,0.7165320515632629,-0.001704660477116704,0.6513510942459106,0.7139523029327393,-0.0017034293850883842,0.6513503789901733,0.711411714553833,-0.0017000561347231269,0.651344895362854,0.7165760397911072,-0.029438991099596024,0.6512769460678101,0.7139542698860168,-0.029439052566885948,0.6512722373008728,0.7113842368125916,-0.029481524601578712,0.6456913948059082,0.6911664009094238,0.050499431788921356,0.6457071900367737,0.6935549974441528,-0.07411441951990128,0.6338167786598206,0.7253090143203735,0.013709800317883492,0.6336573958396912,0.7253227829933167,-0.022728459909558296,0.5880371332168579,0.6813632845878601,0.154346764087677,0.5989589691162109,0.7064089775085449,-0.13351377844810486,0.5956734418869019,0.803820788860321,0.18058553338050842,0.6019338369369507,0.8428487181663513,-0.13800624012947083,0.6476946473121643,0.8069406151771545,0.1499609351158142,0.660399317741394,0.8274521827697754,-0.049733858555555344,0.664117693901062,0.8032572269439697,0.15635749697685242,0.6774150729179382,0.823169469833374,-0.0639345794916153,0.6653159856796265,0.7980318665504456,0.15614047646522522,0.6756731271743774,0.8116428852081299,-0.058310367166996,0.6601366996765137,0.7985185384750366,0.14776335656642914,0.6698412895202637,0.8108353614807129,-0.04556397348642349,0.4639741778373718,0.725054919719696,0.09229539334774017,0.4664297103881836,0.7545112371444702,-0.09226430952548981,0.3658377528190613,0.7936867475509644,0.10267402976751328,0.3659594655036926,0.8109948039054871,-0.07073579728603363,0.26832303404808044,0.8284426927566528,0.1283428966999054,0.2632633447647095,0.8461148738861084,-0.056340284645557404,0.24864289164543152,0.8237543702125549,0.12752029299736023,0.2415817230939865,0.8411500453948975,-0.05917791649699211,0.2749059796333313,0.8998194932937622,0.08887189626693726,0.2699280083179474,0.9235036969184875,-0.11859003454446793
1781515898.3464513,plank,0.6434921622276306,0.730908215045929,-0.010004389099776745,0.6514109969139099,0.7164545059204102,-0.0018075499683618546,0.6513839364051819,0.7139033079147339,-0.0018060312140733004,0.6513742804527283,0.7113821506500244,-0.0018028909107670188,0.6513867378234863,0.7164502739906311,-0.029514288529753685,0.6513102650642395,0.713828980922699,-0.029514849185943604,0.651297390460968,0.7112500667572021,-0.02955763414502144,0.6456809639930725,0.6912180781364441,0.05042130500078201,0.6457041501998901,0.6935261487960815,-0.07420112937688828,0.6339272856712341,0.7253808975219727,0.013603230006992817,0.6337672472000122,0.7253410220146179,-0.022801248356699944,0.5880621671676636,0.6820257306098938,0.15427975356578827,0.5990481376647949,0.7065162062644958,-0.1336677521467209,0.5956984162330627,0.8041596412658691,0.180540531873703,0.6020368933677673,0.8428228497505188,-0.1376562863588333,0.6476931571960449,0.8069382309913635,0.1500522345304489,0.660408079624176,0.827429473400116,-0.05184366554021835,0.6641475558280945,0.8033415675163269,0.15658053755760193,0.677406370639801,0.8231812119483948,-0.06696857511997223,0.6653346419334412,0.7981278896331787,0.15596505999565125,0.6756669878959656,0.8116746544837952,-0.061172448098659515,0.6601320505142212,0.7985826134681702,0.1477639377117157,0.6698364019393921,0.8108565211296082,-0.047811370342969894,0.46411246061325073,0.7255157232284546,0.0924585610628128,0.46655553579330444,0.7548863887786865,-0.09242693334817886,0.3660990595817566,0.7938214540481567,0.10406665503978729,0.36605125665664673,0.8110138177871704,-0.07067831605672836,0.26888078451156616,0.8283892869949341,0.13122406601905823,0.26346948742866516,0.8460021018981934,-0.05589744448661804,0.2493729144334793,0.8236995935440063,0.13069254159927368,0.24175775051116943,0.8411276340484619,-0.058616168797016144,0.2749132215976715,0.8998185992240906,0.0930873230099678,0.2697371244430542,0.923656702041626,-0.11803580820560455
1781515898.4777951,plank,0.6436272859573364,0.7308520078659058,-0.01158433873206377,0.6514772772789001,0.7163500189781189,-0.0036752496380358934,0.6514438390731812,0.7138198018074036,-0.0036730971187353134,0.651427149772644,0.7113096714019775,-0.0036699313204735518,0.651444673538208,0.7163153886795044,-0.031322065740823746,0.6513578295707703,0.7136975526809692,-0.03132132440805435,0.6513352990150452,0.711112916469574,-0.03136355057358742,0.6457073092460632,0.691189169883728,0.048095203936100006,0.6457211375236511,0.6934700608253479,-0.07627760618925095,0.6340576410293579,0.7253707647323608,0.011975469999015331,0.6338866353034973,0.7253151535987854,-0.02439161017537117,0.5881523489952087,0.6820212602615356,0.15181531012058258,0.5990319848060608,0.7072471380233765,-0.13435712456703186,0.5957618951797485,0.8038104772567749,0.1804458200931549,0.6020967960357666,0.842818558216095,-0.13893936574459076,0.6477291584014893,0.8069469928741455,0.15336811542510986,0.6604544520378113,0.8275367021560669,-0.05846722796559334,0.6641787886619568,0.8033987879753113,0.16088531911373138,0.6774715185165405,0.8234547972679138,-0.07442377507686615,0.6653662919998169,0.7982181310653687,0.15987460315227509,0.6757286787033081,0.8119737505912781,-0.06846465170383453,0.6601657867431641,0.79862380027771,0.15111447870731354,0.6699086427688599,0.8111017942428589,-0.05454080179333687,0.46416574716567993,0.7257630825042725,0.09203673899173737,0.46655431389808655,0.7556451559066772,-0.09200392663478851,0.3661072850227356,0.7936786413192749,0.1050291508436203,0.3660617172718048,0.8110430240631104,-0.07006536424160004,0.2691425681114197,0.8283470273017883,0.13374555110931396,0.26366299390792847,0.8460553288459778,-0.053881000727415085,0.24961109459400177,0.8236290216445923,0.13344088196754456,0.24190017580986023,0.8412678837776184,-0.05641782283782959,0.27503305673599243,0.8997323513031006,0.09609441459178925,0.2697673439979553,0.9237436056137085,-0.11564705520868301
1781515898.6384115,plank,0.6437486410140991,0.7307610511779785,-0.01264277845621109,0.6515556573867798,0.7162109613418579,-0.004788634367287159,0.6515215635299683,0.7136890888214111,-0.004786571022123098,0.6515030264854431,0.7111764550209045,-0.004783194977790117,0.6515185236930847,0.7161825299263,-0.0325227752327919,0.6514284610748291,0.7135806679725647,-0.03252274543046951,0.6514013409614563,0.7110047936439514,-0.0325651541352272,0.6458183526992798,0.6910987496376038,0.0469493493437767,0.6458206176757812,0.6934238076210022,-0.0776619240641594,0.6341907382011414,0.7253243327140808,0.010980278253555298,0.6340121030807495,0.7252715229988098,-0.025503793731331825,0.588239312171936,0.6820250749588013,0.15127965807914734,0.5989975929260254,0.7078851461410522,-0.13544222712516785,0.5957844257354736,0.8035761713981628,0.18089362978935242,0.602080225944519,0.8428545594215393,-0.1403195708990097,0.6477214097976685,0.8069632053375244,0.15484125912189484,0.6605352163314819,0.8275927305221558,-0.06017529219388962,0.6641469597816467,0.8034316301345825,0.16259653866291046,0.6775348782539368,0.8235973715782166,-0.07611898332834244,0.6653385758399963,0.7982601523399353,0.16149742901325226,0.675786018371582,0.8121309280395508,-0.07014350593090057,0.660148561000824,0.7986444234848022,0.15259799361228943,0.6699817180633545,0.811235785484314,-0.05622801184654236,0.46424412727355957,0.7257983088493347,0.09201301634311676,0.4665279984474182,0.7558790445327759,-0.09198008477687836,0.36601880192756653,0.7935567498207092,0.10535190999507904,0.36600786447525024,0.8110793828964233,-0.06990278512239456,0.2692105174064636,0.8284171223640442,0.1342300921678543,0.2637316584587097,0.8461357355117798,-0.05329708382487297,0.24960458278656006,0.8236437439918518,0.1339227259159088,0.2419135868549347,0.8414015769958496,-0.05582546442747116,0.2752123475074768,0.8997125625610352,0.09647206962108612,0.2698868215084076,0.9238399863243103,-0.11526922881603241
1781515898.744466,plank,0.6437603235244751,0.730721116065979,-0.012037638574838638,0.6515694856643677,0.7161855101585388,-0.004030559211969376,0.6515383124351501,0.7136762142181396,-0.004029006697237492,0.651523768901825,0.7111729383468628,-0.004025334492325783,0.6515301465988159,0.7161345481872559,-0.03197576105594635,0.6514415144920349,0.7135363221168518,-0.031977519392967224,0.6514161825180054,0.710966944694519,-0.03202023357152939,0.6458719372749329,0.6910991072654724,0.048468489199876785,0.6458708643913269,0.6934044361114502,-0.0772009789943695,0.6342133283615112,0.7253177165985107,0.011804359033703804,0.6340299248695374,0.7252466082572937,-0.024951297789812088,0.5883499383926392,0.682034432888031,0.15346476435661316,0.5991066098213196,0.707656741142273,-0.1353360116481781,0.5956596732139587,0.8037320375442505,0.18215098977088928,0.6020666360855103,0.8428574204444885,-0.1400025188922882,0.6475223302841187,0.8069663047790527,0.1547529250383377,0.6605359315872192,0.827610969543457,-0.05805496126413345,0.6639496684074402,0.803314745426178,0.16249217092990875,0.6775294542312622,0.8235714435577393,-0.0735955759882927,0.6651666760444641,0.79815673828125,0.16136705875396729,0.675771951675415,0.8120318055152893,-0.06778930127620697,0.6599923372268677,0.7986065149307251,0.1525031179189682,0.6699784398078918,0.8111789226531982,-0.05404622480273247,0.4642984867095947,0.7258318662643433,0.09211096167564392,0.46656593680381775,0.7559678554534912,-0.09207771718502045,0.3659820258617401,0.7935605645179749,0.10502170026302338,0.36600369215011597,0.8110935688018799,-0.07023134082555771,0.2692122757434845,0.8285508751869202,0.13265398144721985,0.2637344300746918,0.8461636304855347,-0.05410853773355484,0.24952349066734314,0.823772668838501,0.13214445114135742,0.2419131100177765,0.8414981365203857,-0.05668342858552933,0.27530473470687866,0.8997970819473267,0.09364225715398788,0.2699209451675415,0.9239658117294312,-0.11644532531499863
1781515898.852735,plank,0.6437531113624573,0.7307625412940979,-0.011826849542558193,0.6515708565711975,0.7162190079689026,-0.0037793475203216076,0.6515399217605591,0.7137005925178528,-0.0037786676548421383,0.6515258550643921,0.7111940383911133,-0.003775231074541807,0.6515309810638428,0.7161967158317566,-0.03157946094870567,0.6514428853988647,0.7136039733886719,-0.031582046300172806,0.6514176726341248,0.7110440731048584,-0.031623393297195435,0.6459013223648071,0.6911066174507141,0.04854214936494827,0.6458927392959595,0.6934385299682617,-0.07636953145265579,0.634215235710144,0.7253407835960388,0.01190819963812828,0.6340315341949463,0.7252946496009827,-0.02468234673142433,0.5886531472206116,0.6819302439689636,0.15339908003807068,0.5991358160972595,0.7076057195663452,-0.13471560180187225,0.5956641435623169,0.803743839263916,0.17931914329528809,0.6019989252090454,0.8428570032119751,-0.1380758285522461,0.6475094556808472,0.806982696056366,0.14678974449634552,0.6604693531990051,0.8276144862174988,-0.051719971001148224,0.663948655128479,0.8033310770988464,0.15304692089557648,0.6774141788482666,0.8235288262367249,-0.06612779200077057,0.6651598215103149,0.7981718182563782,0.15284906327724457,0.6756905317306519,0.8119940161705017,-0.060406625270843506,0.6599794030189514,0.7986308336257935,0.14459289610385895,0.6699160933494568,0.8111546635627747,-0.04758887737989426,0.4643632769584656,0.7252903580665588,0.0920700877904892,0.4665704369544983,0.7556619644165039,-0.09203647077083588,0.36600586771965027,0.7935909628868103,0.10469051450490952,0.366006076335907,0.8110944032669067,-0.07001493871212006,0.2693200707435608,0.8286052346229553,0.13158349692821503,0.26377570629119873,0.8461663722991943,-0.05419660732150078,0.24963144958019257,0.8238142132759094,0.13094079494476318,0.2419891059398651,0.8415196537971497,-0.05681503936648369,0.27562257647514343,0.8998225927352905,0.09270596504211426,0.27015480399131775,0.9239766597747803,-0.11644838005304337
1781515899.0091383,plank,0.6437652707099915,0.7308485507965088,-0.01236458495259285,0.6516336798667908,0.7162562608718872,-0.004260496236383915,0.6516039967536926,0.7137274146080017,-0.004261624068021774,0.6515948176383972,0.7112181186676025,-0.004258683882653713,0.6516040563583374,0.716256856918335,-0.03215456381440163,0.6515220403671265,0.7136651873588562,-0.0321580246090889,0.6515064835548401,0.7111125588417053,-0.03220159560441971,0.6460317373275757,0.6911427974700928,0.04818365350365639,0.6460183262825012,0.6935234665870667,-0.07713718712329865,0.6342131495475769,0.7253856062889099,0.011385233141481876,0.6340333223342896,0.7253631353378296,-0.02531062439084053,0.5888618230819702,0.6818509101867676,0.15284904837608337,0.5993090867996216,0.7074196338653564,-0.13613536953926086,0.5957001447677612,0.8038190007209778,0.1788886934518814,0.6019859910011292,0.8429187536239624,-0.14035584032535553,0.6477154493331909,0.8070225119590759,0.14708469808101654,0.6604791879653931,0.8276176452636719,-0.05311957746744156,0.6642094850540161,0.8033391237258911,0.1533997654914856,0.6774035692214966,0.8234745264053345,-0.06759656965732574,0.6653456687927246,0.7981420755386353,0.15308064222335815,0.6756805181503296,0.8119325637817383,-0.06210356205701828,0.6601036190986633,0.7985567450523376,0.1448015421628952,0.6699097752571106,0.8111017942428589,-0.049063317477703094,0.46444955468177795,0.7256753444671631,0.0920710563659668,0.46657663583755493,0.7557567358016968,-0.09203727543354034,0.36596280336380005,0.7935910820960999,0.10473623126745224,0.3658965528011322,0.8110068440437317,-0.0700022354722023,0.26933789253234863,0.8286092281341553,0.13178297877311707,0.2638278901576996,0.8460918664932251,-0.053897060453891754,0.24970145523548126,0.8237630128860474,0.13115304708480835,0.24206654727458954,0.8413748145103455,-0.05649266391992569,0.27559894323349,0.8997601866722107,0.09282897412776947,0.27008652687072754,0.9239850640296936,-0.11615107208490372
1781515899.1332767,plank,0.6438579559326172,0.730890154838562,-0.01294360775500536,0.6517773866653442,0.7163023948669434,-0.004768491722643375,0.6517460346221924,0.7137670516967773,-0.004770180676132441,0.6517350077629089,0.7112573385238647,-0.004768408834934235,0.6517385244369507,0.7163256406784058,-0.03276006132364273,0.6516501903533936,0.7137375473976135,-0.03276373818516731,0.6516289710998535,0.7111942768096924,-0.032809045165777206,0.6461352109909058,0.6911645531654358,0.04779766872525215,0.6461132764816284,0.6935871839523315,-0.07792995870113373,0.6342470049858093,0.7254143357276917,0.0108195710927248,0.6340576410293579,0.7254132628440857,-0.02598116174340248,0.5892117619514465,0.6815950870513916,0.1525905728340149,0.5993221998214722,0.7072038054466248,-0.13756218552589417,0.595802903175354,0.8039061427116394,0.17909099161624908,0.6019367575645447,0.8429133296012878,-0.14149631559848785,0.6479430198669434,0.807100772857666,0.1473342478275299,0.6602135896682739,0.8276311159133911,-0.053104985505342484,0.6644375920295715,0.8033563494682312,0.15345223248004913,0.6771579384803772,0.8234819769859314,-0.06712136417627335,0.6654853224754333,0.7981085181236267,0.15324102342128754,0.6755720376968384,0.8119159936904907,-0.06172345206141472,0.660194993019104,0.7985094785690308,0.14501753449440002,0.6697932481765747,0.8110887408256531,-0.04896213859319687,0.46466726064682007,0.7259551882743835,0.0921768918633461,0.46662265062332153,0.755979061126709,-0.09214170277118683,0.36605343222618103,0.7938809990882874,0.10493526607751846,0.36587920784950256,0.8109959959983826,-0.07029393315315247,0.2693328261375427,0.8286112546920776,0.1321963667869568,0.26383426785469055,0.8460719585418701,-0.0545012541115284,0.24973151087760925,0.8236539959907532,0.13154833018779755,0.24208638072013855,0.8412764072418213,-0.0571543350815773,0.2754462659358978,0.8997521996498108,0.09334640204906464,0.2698151767253876,0.9242830276489258,-0.1172248125076294
1781515899.2564588,plank,0.6444340944290161,0.7312076091766357,-0.014287635684013367,0.6522888541221619,0.7165548801422119,-0.006225955672562122,0.6522372364997864,0.7139698266983032,-0.006229667458683252,0.6522074341773987,0.7114351987838745,-0.006231379695236683,0.6522377133369446,0.7166988849639893,-0.03435667231678963,0.6521218419075012,0.7140944600105286,-0.03435882553458214,0.6520706415176392,0.7115452885627747,-0.03440428525209427,0.64643394947052,0.6912333369255066,0.04582974314689636,0.6464113593101501,0.6937620639801025,-0.08049362897872925,0.634559690952301,0.725632905960083,0.009349863044917583,0.6343466639518738,0.7257353663444519,-0.027606824412941933,0.5898495316505432,0.6812505722045898,0.15076276659965515,0.5994192361831665,0.7072448134422302,-0.13903731107711792,0.5958425998687744,0.8038955926895142,0.1790926605463028,0.6018779873847961,0.8429340720176697,-0.142893984913826,0.6479257941246033,0.8074243068695068,0.1482274830341339,0.6601933836936951,0.827791154384613,-0.05577336624264717,0.664463222026825,0.8034937381744385,0.15500301122665405,0.6771470904350281,0.8236300945281982,-0.0703560933470726,0.6654703617095947,0.798072874546051,0.1547527015209198,0.6755694150924683,0.8120118975639343,-0.06451518833637238,0.6601299047470093,0.7985743880271912,0.14603005349636078,0.6697867512702942,0.8112172484397888,-0.05155722424387932,0.4648066461086273,0.7256066799163818,0.09215033799409866,0.46668505668640137,0.756385862827301,-0.09211529046297073,0.3664248287677765,0.794353723526001,0.10573114454746246,0.3662046790122986,0.811317503452301,-0.06981195509433746,0.2693929076194763,0.8286440372467041,0.13593924045562744,0.26389625668525696,0.8460752964019775,-0.051913946866989136,0.2498636245727539,0.8234797716140747,0.13569338619709015,0.24227145314216614,0.8411284685134888,-0.05426890775561333,0.2753567397594452,0.899566113948822,0.0983315259218216,0.2696239650249481,0.9242849349975586,-0.11379072815179825
1781515899.426336,plank,0.6446999907493591,0.7312262654304504,-0.014899437315762043,0.6526651382446289,0.7165583968162537,-0.006790390703827143,0.6526095867156982,0.7139687538146973,-0.006793379783630371,0.6525805592536926,0.7114335894584656,-0.006794786546379328,0.6526239514350891,0.7167256474494934,-0.03490791842341423,0.6525130271911621,0.714125394821167,-0.03491050750017166,0.6524695158004761,0.7115854620933533,-0.034954704344272614,0.6467450261116028,0.6912065744400024,0.0455031618475914,0.6467483639717102,0.69377601146698,-0.0808287113904953,0.63469398021698,0.7256609797477722,0.008833806030452251,0.6344963908195496,0.7258067727088928,-0.02809460461139679,0.5899739265441895,0.6810696721076965,0.15024955570697784,0.5995582342147827,0.707112729549408,-0.13909605145454407,0.595818042755127,0.803981363773346,0.1793970763683319,0.601826548576355,0.84306800365448,-0.14305028319358826,0.6478887796401978,0.8074783086776733,0.1509682834148407,0.6601546406745911,0.8278217911720276,-0.055894456803798676,0.6645200252532959,0.8035762310028076,0.1580563336610794,0.6771277785301208,0.8236080408096313,-0.07034854590892792,0.665490984916687,0.798042356967926,0.15757620334625244,0.6755620837211609,0.8120052814483643,-0.06444670259952545,0.6601024866104126,0.7985787987709045,0.14873117208480835,0.6697625517845154,0.8112218976020813,-0.05164550617337227,0.46481338143348694,0.7262541651725769,0.09200924634933472,0.4667739272117615,0.7580795884132385,-0.09197325259447098,0.3664228022098541,0.7945827841758728,0.10565610975027084,0.3662683665752411,0.8115555644035339,-0.06882219016551971,0.2694006562232971,0.8286728858947754,0.13565191626548767,0.26413974165916443,0.8461909890174866,-0.05021234601736069,0.2498483955860138,0.8232846856117249,0.13530945777893066,0.24238327145576477,0.8412447571754456,-0.052568428218364716,0.27548742294311523,0.8994952440261841,0.09688311815261841,0.2699151635169983,0.9243324398994446,-0.11209335178136826
1781515899.6295133,plank,0.6453266739845276,0.730469822883606,-0.013397651724517345,0.6530647873878479,0.7157981991767883,-0.005427761934697628,0.652978777885437,0.7132734656333923,-0.005430667195469141,0.6529175043106079,0.7107702493667603,-0.00543109979480505,0.6530430316925049,0.7160464525222778,-0.03329598903656006,0.6529219746589661,0.7135607600212097,-0.03329669311642647,0.6528688073158264,0.7111236453056335,-0.033339209854602814,0.6470263600349426,0.690929114818573,0.04623037576675415,0.6470983624458313,0.6937134861946106,-0.07902529835700989,0.6351428031921387,0.7251967787742615,0.010075930505990982,0.634959876537323,0.7254505753517151,-0.026547003537416458,0.5899672508239746,0.680931806564331,0.15059176087379456,0.5996869802474976,0.7081571817398071,-0.13722573220729828,0.5955377817153931,0.803604781627655,0.18079495429992676,0.6017331480979919,0.8433181643486023,-0.14007937908172607,0.647379457950592,0.8073548078536987,0.1575966626405716,0.6597946882247925,0.8278690576553345,-0.05394400283694267,0.6640444993972778,0.8034487366676331,0.16576313972473145,0.6766706109046936,0.8236215114593506,-0.06852156668901443,0.6651049852371216,0.7980093359947205,0.1650806963443756,0.6751166582107544,0.8119615316390991,-0.06271664053201675,0.6596916317939758,0.7985889911651611,0.1554804891347885,0.6693295836448669,0.8112013339996338,-0.04982206970453262,0.46484827995300293,0.7260738015174866,0.0918123871088028,0.4667983651161194,0.7585136294364929,-0.09177454560995102,0.36612093448638916,0.7946202754974365,0.1030852198600769,0.3661192059516907,0.811658501625061,-0.06821215897798538,0.2693658471107483,0.8288867473602295,0.129928320646286,0.26418536901474,0.8464342951774597,-0.051221150904893875,0.24964921176433563,0.823348343372345,0.12934693694114685,0.2423895299434662,0.8415025472640991,-0.0538485050201416,0.27606266736984253,0.8992713093757629,0.09098219126462936,0.27063387632369995,0.9243375062942505,-0.11280056089162827
1781515899.7864232,plank,0.6457813382148743,0.7296900153160095,-0.012711587361991405,0.6533538103103638,0.7150576114654541,-0.004664722364395857,0.6532419919967651,0.7126083970069885,-0.0046669733710587025,0.6531580686569214,0.7101514339447021,-0.004666695836931467,0.6533358693122864,0.71509850025177,-0.03253058344125748,0.6532012224197388,0.7125785946846008,-0.03253275528550148,0.6531349420547485,0.7100642919540405,-0.032575059682130814,0.6471783518791199,0.6903880834579468,0.047535061836242676,0.64725661277771,0.6930813193321228,-0.07763732969760895,0.6355190277099609,0.724837064743042,0.010909019038081169,0.6353553533554077,0.7248880863189697,-0.02571714296936989,0.5898571610450745,0.6808823347091675,0.15200991928577423,0.5998823642730713,0.7079243659973145,-0.13607683777809143,0.595327615737915,0.8039993047714233,0.18224050104618073,0.6017224192619324,0.8433709740638733,-0.1389802247285843,0.647049069404602,0.8068004250526428,0.1592569500207901,0.6597912311553955,0.8278477191925049,-0.05309676378965378,0.6637712717056274,0.8029464483261108,0.16723155975341797,0.6765183210372925,0.8234096169471741,-0.06772768497467041,0.664929986000061,0.7977567911148071,0.16683001816272736,0.6750227808952332,0.8116484880447388,-0.06203962489962578,0.6595228314399719,0.7984002232551575,0.15724696218967438,0.6692880392074585,0.81099534034729,-0.0490298718214035,0.4650678038597107,0.7261945009231567,0.09177367389202118,0.4671204686164856,0.7583425641059875,-0.09173399955034256,0.36598265171051025,0.794559121131897,0.10112806409597397,0.36606404185295105,0.8116469383239746,-0.06853226572275162,0.26921290159225464,0.8291336894035339,0.12552200257778168,0.26396968960762024,0.8465901017189026,-0.054259199649095535,0.24929702281951904,0.823468029499054,0.12465713918209076,0.24218912422657013,0.8415333032608032,-0.05722622945904732,0.2763517498970032,0.8992434144020081,0.0850612074136734,0.27075326442718506,0.9241735935211182,-0.11696486175060272
1781515899.9102907,plank,0.6460358500480652,0.7285280227661133,-0.012678230181336403,0.6534699201583862,0.7140067219734192,-0.004719979595392942,0.6533518433570862,0.711563766002655,-0.004722090438008308,0.6532610058784485,0.7090789079666138,-0.004721561912447214,0.6534422636032104,0.7139727473258972,-0.03258736804127693,0.653301477432251,0.7114550471305847,-0.03258933871984482,0.6532285809516907,0.708902895450592,-0.032631613314151764,0.6472370624542236,0.6894071102142334,0.046926099807024,0.6473279595375061,0.6921764016151428,-0.07813522219657898,0.635789155960083,0.7237352728843689,0.010922743007540703,0.635594367980957,0.7236942052841187,-0.025724902749061584,0.5898898839950562,0.6796709895133972,0.15079179406166077,0.5998695492744446,0.707578718662262,-0.1360880732536316,0.5953338742256165,0.8022242784500122,0.1835726648569107,0.6018465757369995,0.8431304693222046,-0.14104843139648438,0.6470440030097961,0.8061097264289856,0.16475626826286316,0.6602435111999512,0.8277579545974731,-0.06348501890897751,0.6637836694717407,0.8024828433990479,0.17349225282669067,0.6767128109931946,0.8233762979507446,-0.07956539839506149,0.6649264693260193,0.7973377704620361,0.17210112512111664,0.675179123878479,0.811626672744751,-0.07307605445384979,0.6595190763473511,0.7981207370758057,0.16253341734409332,0.669479250907898,0.8109721541404724,-0.059357982128858566,0.46490055322647095,0.7257815599441528,0.0914723351597786,0.46684303879737854,0.7582991123199463,-0.09143407642841339,0.3655555546283722,0.7943636775016785,0.10417692363262177,0.36519211530685425,0.8117900490760803,-0.06798821687698364,0.2692526578903198,0.8292009830474854,0.1329653114080429,0.2636425793170929,0.8466505408287048,-0.05191250517964363,0.24931231141090393,0.8235907554626465,0.13276031613349915,0.24185988306999207,0.841555118560791,-0.05459000542759895,0.2771937847137451,0.8991843461990356,0.09556837379932404,0.2709246277809143,0.9241746664047241,-0.11370792239904404
1781515900.0384965,plank,0.646324098110199,0.7282896041870117,-0.011197684332728386,0.6536685228347778,0.7138091325759888,-0.0032626010943204165,0.6535493731498718,0.711367130279541,-0.0032645906321704388,0.6534598469734192,0.7088690996170044,-0.0032647419720888138,0.6536373496055603,0.7137657999992371,-0.031206825748085976,0.6534956693649292,0.7112495303153992,-0.03120744600892067,0.6534260511398315,0.7086933851242065,-0.03125200793147087,0.6474453210830688,0.6889891028404236,0.048339955508708954,0.6475529670715332,0.6918570399284363,-0.07711106538772583,0.6360934972763062,0.7234581708908081,0.012353414669632912,0.6358974575996399,0.7234153151512146,-0.024363279342651367,0.5899834036827087,0.6789522171020508,0.15227073431015015,0.5999522805213928,0.7071584463119507,-0.13545557856559753,0.5952330231666565,0.8016993999481201,0.1843256652355194,0.6019473075866699,0.842887282371521,-0.14094769954681396,0.6471235752105713,0.8057861924171448,0.16289624571800232,0.6604844331741333,0.8277254104614258,-0.06236782670021057,0.6638752222061157,0.8022608160972595,0.17114797234535217,0.6768679618835449,0.8233739137649536,-0.07810748368501663,0.6649863123893738,0.7970798015594482,0.17013557255268097,0.6753250360488892,0.8116274476051331,-0.07170313596725464,0.6595920324325562,0.7979384660720825,0.1607222557067871,0.6696658730506897,0.8109737634658813,-0.058136530220508575,0.4650575518608093,0.725604236125946,0.09152780473232269,0.4670688211917877,0.7578151226043701,-0.09148911386728287,0.3657173812389374,0.7942830324172974,0.10616272687911987,0.365278422832489,0.8117557764053345,-0.06840485334396362,0.26932743191719055,0.8292208909988403,0.1364528238773346,0.2634485363960266,0.8464468121528625,-0.052236855030059814,0.24960322678089142,0.8236435651779175,0.13636547327041626,0.24182255566120148,0.841496467590332,-0.05479862540960312,0.27727532386779785,0.8995394110679626,0.09955942630767822,0.2709478437900543,0.9240178465843201,-0.11427728086709976
1781515900.1657317,plank,0.6465363502502441,0.7281434535980225,-0.011253750883042812,0.653799295425415,0.7136451601982117,-0.00335235008969903,0.6536763310432434,0.7112088799476624,-0.003354523330926895,0.6535859107971191,0.7087126970291138,-0.00335526280105114,0.6537610292434692,0.7135909795761108,-0.03134794160723686,0.6536123752593994,0.711074709892273,-0.03134874254465103,0.6535393595695496,0.7085137963294983,-0.031394533812999725,0.647547721862793,0.6888000965118408,0.048168160021305084,0.64765465259552,0.6916342377662659,-0.0775623545050621,0.6362718343734741,0.7232692241668701,0.012284697964787483,0.6360695958137512,0.7232192754745483,-0.024493589997291565,0.5900384187698364,0.6788216233253479,0.15207380056381226,0.5999574661254883,0.7071322202682495,-0.13569091260433197,0.59522545337677,0.8013582825660706,0.1842181235551834,0.6020753979682922,0.8427489995956421,-0.14139540493488312,0.6472654342651367,0.805795431137085,0.16199162602424622,0.6607499718666077,0.8276843428611755,-0.061943721026182175,0.6640158891677856,0.8022657036781311,0.17009404301643372,0.6770938634872437,0.8233724236488342,-0.07767771184444427,0.6650967001914978,0.7970734238624573,0.1691572070121765,0.6755207777023315,0.8116292953491211,-0.07130452245473862,0.6597042083740234,0.7979323267936707,0.15981709957122803,0.6698777675628662,0.8109713792800903,-0.05776272341609001,0.46512681245803833,0.7255023717880249,0.09153364598751068,0.4670689105987549,0.7577229142189026,-0.09149494767189026,0.3659294545650482,0.7941985130310059,0.10761456191539764,0.36538031697273254,0.8117484450340271,-0.06839554756879807,0.26945462822914124,0.8291565179824829,0.1388975977897644,0.2632818818092346,0.8461940288543701,-0.05148661136627197,0.24997182190418243,0.823647141456604,0.13892513513565063,0.24178960919380188,0.8414363265037537,-0.05390779301524162,0.27734553813934326,0.8996230363845825,0.10255251824855804,0.2709518074989319,0.9239166378974915,-0.11332990229129791
1781515900.2901063,plank,0.646694540977478,0.7279865741729736,-0.012363950721919537,0.6539345979690552,0.7134929299354553,-0.004428340122103691,0.6538108587265015,0.7110543847084045,-0.0044302805326879025,0.6537212133407593,0.708550751209259,-0.0044316500425338745,0.6539078950881958,0.7134236097335815,-0.03241727501153946,0.6537690162658691,0.7109019160270691,-0.03241775184869766,0.6537089943885803,0.7083290219306946,-0.03246155381202698,0.6476606726646423,0.6885906457901001,0.0472879633307457,0.6477989554405212,0.6913957595825195,-0.07836548984050751,0.6364314556121826,0.7231272459030151,0.011230322532355785,0.6362199187278748,0.7230837345123291,-0.025525033473968506,0.5900498628616333,0.6787770986557007,0.15160934627056122,0.5999212861061096,0.7068880796432495,-0.13635677099227905,0.5953019857406616,0.8013689517974854,0.18346618115901947,0.6020779609680176,0.8426942825317383,-0.1416121870279312,0.6476564407348633,0.8057988286018372,0.16010567545890808,0.6607524752616882,0.8275960087776184,-0.06169749051332474,0.6643827557563782,0.8022992610931396,0.1678149700164795,0.6770728826522827,0.82337486743927,-0.07738695293664932,0.6653329133987427,0.7970592975616455,0.16702596843242645,0.6755102872848511,0.8116234540939331,-0.07099128514528275,0.6599966287612915,0.7979077696800232,0.1579286903142929,0.6698772311210632,0.8109630942344666,-0.05749990791082382,0.4651295244693756,0.7255006432533264,0.09153459221124649,0.4670656621456146,0.7577105760574341,-0.09149588644504547,0.36591070890426636,0.7939475178718567,0.10790754854679108,0.36534637212753296,0.811712384223938,-0.06804078072309494,0.26948994398117065,0.8291569352149963,0.13918955624103546,0.2632159888744354,0.8461925983428955,-0.05030682682991028,0.24997885525226593,0.8236923813819885,0.13916434347629547,0.24173948168754578,0.8414457440376282,-0.05272394418716431,0.2773614823818207,0.8996714353561401,0.10236968845129013,0.2709521949291229,0.9239559769630432,-0.1123814582824707
1781515900.396817,plank,0.6466767191886902,0.7277464866638184,-0.012903174385428429,0.6539353132247925,0.7133321166038513,-0.0050400858744978905,0.6538118720054626,0.7108781337738037,-0.00504112197086215,0.6537222266197205,0.7083572745323181,-0.005041524302214384,0.6539099216461182,0.7133148908615112,-0.03302518650889397,0.6537714600563049,0.7108114361763,-0.03302552551031113,0.6537115573883057,0.708251416683197,-0.03306899219751358,0.6476655006408691,0.688369631767273,0.04644947499036789,0.6478031873703003,0.6913264393806458,-0.07920694351196289,0.6364257335662842,0.7228923439979553,0.010642427019774914,0.6362186670303345,0.722883939743042,-0.026122605428099632,0.5900511145591736,0.6785793900489807,0.15077047049999237,0.5999222993850708,0.7068825364112854,-0.1368079036474228,0.595330536365509,0.8009032607078552,0.18345099687576294,0.6021052598953247,0.8427202105522156,-0.1436406522989273,0.6476577520370483,0.805752158164978,0.1605689376592636,0.660783588886261,0.8275880813598633,-0.06735323369503021,0.664391040802002,0.802318811416626,0.1686580330133438,0.6771242618560791,0.8234788775444031,-0.08401106297969818,0.665343165397644,0.7970571517944336,0.16732008755207062,0.6755813956260681,0.8117246031761169,-0.07695594429969788,0.6600173711776733,0.7979013323783875,0.15826618671417236,0.6699305176734924,0.8110345602035522,-0.06304215639829636,0.4651336073875427,0.7253962755203247,0.09148609638214111,0.4670126438140869,0.7579207420349121,-0.09144917130470276,0.3659124970436096,0.7936729192733765,0.10831383615732193,0.3653326630592346,0.811712920665741,-0.06760939210653305,0.2695505619049072,0.8291266560554504,0.14091001451015472,0.26321959495544434,0.8461936712265015,-0.04882350191473961,0.24997928738594055,0.8236894607543945,0.1410628706216812,0.24172064661979675,0.8414469957351685,-0.05115750432014465,0.2773634195327759,0.8996058106422424,0.10446766763925552,0.270943284034729,0.923980712890625,-0.11056122928857803
1781515900.6020825,plank,0.6465717554092407,0.7277172803878784,-0.013226442039012909,0.653888463973999,0.7133151292800903,-0.005507008172571659,0.6537694334983826,0.7108476161956787,-0.005509174894541502,0.6536805629730225,0.708309531211853,-0.005510925315320492,0.6538613438606262,0.7133162021636963,-0.03348168730735779,0.6537255048751831,0.7108162641525269,-0.03348434343934059,0.6536634564399719,0.7082632184028625,-0.03352921083569527,0.6476291418075562,0.688194751739502,0.04512578621506691,0.6477400064468384,0.6912806630134583,-0.08042460680007935,0.6363222599029541,0.7227590084075928,0.010106010362505913,0.6361132860183716,0.7228297591209412,-0.026643570512533188,0.5901366472244263,0.677980363368988,0.14878793060779572,0.5998696088790894,0.706306517124176,-0.13745126128196716,0.5954093337059021,0.799741268157959,0.18379268050193787,0.6021119356155396,0.84250807762146,-0.14473018050193787,0.6476529836654663,0.804298996925354,0.16354694962501526,0.6608203649520874,0.8270490765571594,-0.06757354736328125,0.6644346117973328,0.8010969161987305,0.17227832973003387,0.6771968007087708,0.8232380151748657,-0.08358322083950043,0.6653955578804016,0.7958148717880249,0.17057326436042786,0.6756091117858887,0.8112971186637878,-0.076755091547966,0.6600746512413025,0.796709418296814,0.16126355528831482,0.6699432134628296,0.8105315566062927,-0.06325588375329971,0.4650980532169342,0.725380003452301,0.09130944311618805,0.4666159152984619,0.7581719160079956,-0.09127960354089737,0.3659142553806305,0.793418288230896,0.1108766570687294,0.3650514483451843,0.8117215633392334,-0.06607060134410858,0.27005669474601746,0.8287162184715271,0.14725467562675476,0.2629152238368988,0.8455017805099487,-0.04618823900818825,0.25082215666770935,0.8229746222496033,0.1479768007993698,0.2416161596775055,0.8408986330032349,-0.048342812806367874,0.2773591876029968,0.8992559909820557,0.11451330035924911,0.27037766575813293,0.9239835143089294,-0.10685960948467255
1781515900.705527,plank,0.6465898752212524,0.7277067303657532,-0.013266226276755333,0.6539122462272644,0.713309645652771,-0.005543832667171955,0.6537874937057495,0.7108402252197266,-0.005545915104448795,0.6536927223205566,0.708299994468689,-0.005547439679503441,0.6538935303688049,0.7133147120475769,-0.033565256744623184,0.6537562608718872,0.7108153104782104,-0.03356762230396271,0.6536904573440552,0.7082630395889282,-0.03361285477876663,0.6476458311080933,0.6881913542747498,0.04514291137456894,0.6477617025375366,0.691277801990509,-0.08052120357751846,0.6363409757614136,0.7227253317832947,0.010099677368998528,0.6361478567123413,0.7227935194969177,-0.02669675275683403,0.590118408203125,0.6782214045524597,0.1488027125597,0.5999765992164612,0.706301748752594,-0.13751575350761414,0.5954200029373169,0.8001185655593872,0.18375661969184875,0.6021192073822021,0.8424437642097473,-0.14540410041809082,0.647980809211731,0.8046689629554749,0.16303768754005432,0.6608403921127319,0.8270187973976135,-0.06971259415149689,0.6646088361740112,0.801543653011322,0.17171403765678406,0.6771984696388245,0.8232147097587585,-0.08621098101139069,0.6655608415603638,0.7960944175720215,0.16998924314975739,0.6756246089935303,0.8112723231315613,-0.07917194068431854,0.6603054404258728,0.7969258427619934,0.1607220321893692,0.6699787974357605,0.8105165362358093,-0.06540559977293015,0.4651203751564026,0.7255443334579468,0.09129254519939423,0.46667060256004333,0.7588619589805603,-0.09126230329275131,0.3659144937992096,0.7934417128562927,0.11073537915945053,0.36507588624954224,0.8117489218711853,-0.06613264977931976,0.2700576186180115,0.8287246823310852,0.14588364958763123,0.2629178464412689,0.8454930782318115,-0.04647538810968399,0.25081872940063477,0.8232610821723938,0.14636960625648499,0.241694837808609,0.8409172892570496,-0.04868008941411972,0.27726608514785767,0.8990952372550964,0.11224408447742462,0.2702981233596802,0.9237245321273804,-0.10728888213634491
1781515900.8164263,plank,0.6465948820114136,0.7276923060417175,-0.013308173045516014,0.6539236307144165,0.7133030295372009,-0.0055728936567902565,0.6537958979606628,0.7108331322669983,-0.005574890878051519,0.6536979675292969,0.7082926034927368,-0.005576261319220066,0.653908908367157,0.7133108973503113,-0.033629320561885834,0.6537707448005676,0.7108122706413269,-0.033631689846515656,0.6537026166915894,0.7082613110542297,-0.033677343279123306,0.6476548314094543,0.6881880164146423,0.045177169144153595,0.6477723717689514,0.6912739276885986,-0.08054852485656738,0.6363478302955627,0.7226956486701965,0.010094518773257732,0.6361633539199829,0.7227568626403809,-0.026736676692962646,0.5901108384132385,0.6784029006958008,0.1489521563053131,0.600032389163971,0.7062942385673523,-0.1375943273305893,0.5954264402389526,0.8003987669944763,0.18373273313045502,0.6021255850791931,0.8423919677734375,-0.1456957906484604,0.6482048630714417,0.8049119114875793,0.16189855337142944,0.660865843296051,0.8269848227500916,-0.06966196000576019,0.6647249460220337,0.8018453121185303,0.17023271322250366,0.6771999597549438,0.8231790065765381,-0.08609528839588165,0.6656716465950012,0.7962821125984192,0.16870027780532837,0.6756358742713928,0.8112456202507019,-0.0791839212179184,0.66046541929245,0.7970679998397827,0.15957510471343994,0.670009434223175,0.8104968667030334,-0.06538964062929153,0.46514892578125,0.7257454991340637,0.09129241853952408,0.4666898846626282,0.7591927647590637,-0.0912621021270752,0.365913063287735,0.7934389710426331,0.11053653806447983,0.36507564783096313,0.8117812871932983,-0.06623601913452148,0.27006953954696655,0.8287195563316345,0.14499051868915558,0.262895405292511,0.8454800248146057,-0.046632420271635056,0.25083020329475403,0.8232629299163818,0.14537745714187622,0.24170882999897003,0.840937614440918,-0.04887496307492256,0.27722907066345215,0.8989414572715759,0.11054037511348724,0.27012211084365845,0.9236488342285156,-0.10737023502588272
1781515901.0027294,plank,0.6468380689620972,0.7262853980064392,-0.014033908024430275,0.6543563604354858,0.7111577391624451,-0.00626832339912653,0.6542256474494934,0.7086121439933777,-0.006269739009439945,0.6541109681129456,0.706098198890686,-0.006269657518714666,0.6543571352958679,0.7111902832984924,-0.034479714930057526,0.6542391777038574,0.7086573839187622,-0.03448302671313286,0.6541821956634521,0.7061089873313904,-0.03452901169657707,0.6477605104446411,0.6862150430679321,0.04503790661692619,0.6479383707046509,0.6895793676376343,-0.08138954639434814,0.6365368962287903,0.721578061580658,0.009583937004208565,0.6363751292228699,0.7215007543563843,-0.027468254789710045,0.5900160074234009,0.678443431854248,0.14902067184448242,0.6000664234161377,0.7058994770050049,-0.1381465494632721,0.5953461527824402,0.8013508319854736,0.18313391506671906,0.6022491455078125,0.8425377607345581,-0.14628885686397552,0.6484253406524658,0.8058964014053345,0.1610744297504425,0.6608625650405884,0.8270828127861023,-0.07072995603084564,0.6651200652122498,0.8026643395423889,0.1695682555437088,0.6771385073661804,0.8231799006462097,-0.08759765326976776,0.6660390496253967,0.796961784362793,0.1681433618068695,0.6755914688110352,0.8112391233444214,-0.08022582530975342,0.6607757210731506,0.7978360652923584,0.15879914164543152,0.6700260639190674,0.8105208277702332,-0.06637109071016312,0.46511968970298767,0.7269084453582764,0.09126792848110199,0.46671733260154724,0.7602556943893433,-0.09123655408620834,0.36577337980270386,0.7935698628425598,0.11060039699077606,0.36505836248397827,0.8118376135826111,-0.06516493856906891,0.27038952708244324,0.8288218975067139,0.14586549997329712,0.2634592652320862,0.8454246520996094,-0.043926455080509186,0.25072652101516724,0.823434591293335,0.1465003788471222,0.24195246398448944,0.8409170508384705,-0.04597451910376549,0.27722781896591187,0.8987816572189331,0.11117666959762573,0.2701822817325592,0.9233805537223816,-0.10482092946767807
1781515901.124917,plank,0.6473783254623413,0.7257351279258728,-0.014042246155440807,0.6547966003417969,0.7101690769195557,-0.006262439303100109,0.6546458601951599,0.7075627446174622,-0.006263817194849253,0.6544994115829468,0.7050254344940186,-0.00626367935910821,0.654811680316925,0.7102183699607849,-0.03447893634438515,0.654700756072998,0.7076548933982849,-0.034482281655073166,0.6546387076377869,0.705105185508728,-0.034528378397226334,0.647859513759613,0.6852458715438843,0.04513663426041603,0.64808189868927,0.6887209415435791,-0.08136127889156342,0.6370189189910889,0.7212550044059753,0.009588431566953659,0.6368973255157471,0.7211821675300598,-0.02747413143515587,0.5900357961654663,0.6785454750061035,0.14942346513271332,0.6000999808311462,0.7058444023132324,-0.1383362114429474,0.5953458547592163,0.8013429641723633,0.18312382698059082,0.6023106575012207,0.842531144618988,-0.1462356597185135,0.6483729481697083,0.8068915605545044,0.1603280007839203,0.6608635783195496,0.827325701713562,-0.07059244811534882,0.6653046011924744,0.8036633133888245,0.16868378221988678,0.677125096321106,0.8232028484344482,-0.08735091239213943,0.6662050485610962,0.7975636720657349,0.1671266257762909,0.6755930185317993,0.8112804889678955,-0.08007469028234482,0.6608389019966125,0.7985275983810425,0.15796037018299103,0.670033872127533,0.8106397986412048,-0.06624721735715866,0.4651183485984802,0.7270957231521606,0.0913124829530716,0.4667183458805084,0.7602509260177612,-0.09127970039844513,0.36583465337753296,0.7935898900032043,0.11108921468257904,0.36508670449256897,0.8118454813957214,-0.06493111699819565,0.2706286311149597,0.8288246989250183,0.14687666296958923,0.2640862464904785,0.8453410863876343,-0.042973995208740234,0.250984787940979,0.8232797384262085,0.14757785201072693,0.24247756600379944,0.8408385515213013,-0.04485880210995674,0.2772214710712433,0.8987547159194946,0.11224649101495743,0.2704109251499176,0.9228920936584473,-0.10329397022724152
1781515901.310691,plank,0.6482439041137695,0.725260853767395,-0.01511085219681263,0.6556711792945862,0.7093452215194702,-0.007163486443459988,0.6554967761039734,0.706721305847168,-0.007165783084928989,0.6553107500076294,0.7041709423065186,-0.007165706250816584,0.6556986570358276,0.7093645334243774,-0.03542909771203995,0.6555944681167603,0.706781804561615,-0.035434406250715256,0.6555241942405701,0.7042104005813599,-0.03548203408718109,0.6482818722724915,0.6844993829727173,0.04487333446741104,0.6485661268234253,0.6878899335861206,-0.08183275163173676,0.6378002166748047,0.7209901809692383,0.008720532059669495,0.6376793384552002,0.7209197282791138,-0.02839774824678898,0.5901597738265991,0.6786579489707947,0.14970239996910095,0.6002389788627625,0.7058127522468567,-0.13936257362365723,0.595416247844696,0.8019847273826599,0.1810975968837738,0.6024844646453857,0.8426116704940796,-0.14603370428085327,0.6485347747802734,0.808880090713501,0.1552807092666626,0.660907506942749,0.8276837468147278,-0.06443746387958527,0.6659032702445984,0.8055879473686218,0.16314741969108582,0.677117645740509,0.8232507705688477,-0.08012764155864716,0.6668007969856262,0.7986514568328857,0.16247738897800446,0.6755945682525635,0.8113638758659363,-0.07335322350263596,0.6611826419830322,0.7997095584869385,0.15312594175338745,0.6700442433357239,0.8108670711517334,-0.06009847670793533,0.4650959372520447,0.727390468120575,0.09151683002710342,0.466707319021225,0.760497510433197,-0.09148181974887848,0.3658750653266907,0.7937449812889099,0.11148317158222198,0.36512455344200134,0.8118536472320557,-0.06479226052761078,0.27079057693481445,0.829217791557312,0.1470750868320465,0.2645738422870636,0.845396101474762,-0.04263635352253914,0.25116094946861267,0.8238102197647095,0.14769354462623596,0.24289365112781525,0.8409140706062317,-0.044529471546411514,0.2772955596446991,0.8987535238265991,0.11209006607532501,0.2707405388355255,0.9224931597709656,-0.1029953584074974
1781515901.4855676,plank,0.6484854817390442,0.7252005934715271,-0.01632782630622387,0.6561581492424011,0.709166944026947,-0.00813423004001379,0.655997633934021,0.7065263390541077,-0.008136747404932976,0.6558234691619873,0.7039552927017212,-0.008136722259223461,0.6561554670333862,0.7091963887214661,-0.036617159843444824,0.6560506224632263,0.7066124081611633,-0.036624323576688766,0.6559813618659973,0.7040306925773621,-0.036675069481134415,0.6487075090408325,0.6843038201332092,0.044489841908216476,0.6489672064781189,0.6876288652420044,-0.08294222503900528,0.6379995942115784,0.7209987044334412,0.0077682784758508205,0.6378369331359863,0.7209144830703735,-0.029626945033669472,0.5902942419052124,0.6787151098251343,0.1502339094877243,0.6003662347793579,0.7054016590118408,-0.1419413536787033,0.5956894159317017,0.8043400049209595,0.18003682792186737,0.6026063561439514,0.8426335453987122,-0.14788655936717987,0.6498385667800903,0.8105403184890747,0.1497473120689392,0.6613117456436157,0.8277047276496887,-0.06217207759618759,0.6670824289321899,0.8069331645965576,0.15625737607479095,0.6772601008415222,0.8233239054679871,-0.07759343832731247,0.6680361032485962,0.7998971939086914,0.15534797310829163,0.6757914423942566,0.8116117715835571,-0.07069528847932816,0.6624733209609985,0.8009840250015259,0.14717687666416168,0.6703618764877319,0.8111620545387268,-0.05762280896306038,0.4648357033729553,0.728624701499939,0.09239233285188675,0.4666665196418762,0.7622032165527344,-0.09235836565494537,0.36582279205322266,0.7951561808586121,0.11199269443750381,0.3652200400829315,0.8123593926429749,-0.06535498052835464,0.2705226540565491,0.82965087890625,0.14786316454410553,0.2645818591117859,0.8458071947097778,-0.04263363406062126,0.2506349980831146,0.8245832920074463,0.1483350247144699,0.24292592704296112,0.8414156436920166,-0.04454798251390457,0.276984304189682,0.8992542028427124,0.1117573231458664,0.2706301212310791,0.9230384230613708,-0.10327867418527603
1781515901.5905082,plank,0.6485472917556763,0.725132167339325,-0.01634320430457592,0.6562471985816956,0.7091184854507446,-0.008124398067593575,0.6560975313186646,0.7064862847328186,-0.008126815780997276,0.6559358835220337,0.7039120197296143,-0.00812677200883627,0.6562398076057434,0.7091302871704102,-0.036641933023929596,0.6561439633369446,0.7065484523773193,-0.03664916008710861,0.6560875773429871,0.7039585709571838,-0.036700017750263214,0.6488402485847473,0.6842480301856995,0.044570326805114746,0.6491042375564575,0.6875584721565247,-0.08300404250621796,0.6380623579025269,0.7209504842758179,0.007778827100992203,0.6379030346870422,0.7208627462387085,-0.02966371551156044,0.5905013680458069,0.6788261532783508,0.1509362757205963,0.6005275249481201,0.7053983807563782,-0.14246591925621033,0.5957822203636169,0.8043267130851746,0.18149730563163757,0.6026591062545776,0.8426413536071777,-0.14812977612018585,0.6501107215881348,0.81050044298172,0.15106460452079773,0.6614466309547424,0.8276973962783813,-0.06247542053461075,0.6674569845199585,0.8069047927856445,0.15742145478725433,0.6773816347122192,0.8233158588409424,-0.07795895636081696,0.6684408187866211,0.7998932003974915,0.15637895464897156,0.6759552955627441,0.8116174340248108,-0.07087554782629013,0.6628915071487427,0.8009776473045349,0.1483743041753769,0.6705520153045654,0.8111714124679565,-0.057918816804885864,0.46483540534973145,0.7286471724510193,0.09287330508232117,0.46666592359542847,0.7618900537490845,-0.09284327924251556,0.36583513021469116,0.7951590418815613,0.11235859245061874,0.3652198314666748,0.8123411536216736,-0.06557842344045639,0.2704809606075287,0.8296535015106201,0.1487760841846466,0.26456379890441895,0.8458408713340759,-0.042760852724313736,0.2506707012653351,0.8245714902877808,0.149337500333786,0.24293208122253418,0.8414804339408875,-0.04469078779220581,0.2767880856990814,0.8995299339294434,0.11267508566379547,0.2706291973590851,0.9230585694313049,-0.10343732684850693
1781515901.7788806,plank,0.649002730846405,0.7246019244194031,-0.022084686905145645,0.6566540002822876,0.7085281610488892,-0.013611434027552605,0.6565001010894775,0.7059165835380554,-0.013615511357784271,0.6563302278518677,0.703355073928833,-0.013618340715765953,0.6566592454910278,0.7084572911262512,-0.042856454849243164,0.6565693616867065,0.7058497071266174,-0.042863763868808746,0.6565097570419312,0.7032371163368225,-0.04291339963674545,0.6491919755935669,0.6837131977081299,0.041259609162807465,0.6494454145431519,0.6869689226150513,-0.08981345593929291,0.6384626030921936,0.7205153703689575,0.002829201053828001,0.6383073329925537,0.7203592658042908,-0.03553394228219986,0.5908025503158569,0.6788731217384338,0.15034666657447815,0.6006050109863281,0.7049793004989624,-0.14830583333969116,0.5958661437034607,0.803770124912262,0.18199387192726135,0.6027129292488098,0.8426236510276794,-0.15350119769573212,0.6503794193267822,0.8097193241119385,0.1523917317390442,0.6617342233657837,0.8276215195655823,-0.06861060112714767,0.6675785779953003,0.8060672283172607,0.15886852145195007,0.6775121092796326,0.8227846622467041,-0.0852331891655922,0.6684520244598389,0.7985827326774597,0.15729466080665588,0.6759670972824097,0.8105407953262329,-0.07858447730541229,0.6629616618156433,0.7995713353157043,0.14961525797843933,0.6706430912017822,0.8103309869766235,-0.06436686962842941,0.4648646414279938,0.7287042140960693,0.09342410415410995,0.46664315462112427,0.7608101963996887,-0.09339548647403717,0.3658312261104584,0.7953113913536072,0.11482642590999603,0.3651641011238098,0.8121894598007202,-0.06503022462129593,0.270332008600235,0.8296712040901184,0.15581168234348297,0.2645125985145569,0.8458177447319031,-0.037981707602739334,0.25085213780403137,0.824586808681488,0.15705138444900513,0.24315312504768372,0.841500997543335,-0.03940457105636597,0.27630192041397095,0.8999885320663452,0.1208997517824173,0.2705969214439392,0.9230238199234009,-0.0993112176656723
1781515901.9667835,plank,0.6493292450904846,0.7246031165122986,-0.02112780138850212,0.6569864153862,0.7085466384887695,-0.012761806137859821,0.6568247079849243,0.7059342861175537,-0.01276479847729206,0.6566544771194458,0.7033694982528687,-0.012766823172569275,0.657020092010498,0.708471417427063,-0.04162970930337906,0.6569401621818542,0.705856442451477,-0.041637007147073746,0.6568987965583801,0.7032343745231628,-0.041686348617076874,0.6495653390884399,0.6836962103843689,0.041377514600753784,0.6498768329620361,0.6868547201156616,-0.08818589895963669,0.6388131380081177,0.7205278873443604,0.003424496855586767,0.6386803388595581,0.7203695774078369,-0.03445518761873245,0.5909310579299927,0.6788979768753052,0.14939942955970764,0.6006296277046204,0.7046411633491516,-0.14675837755203247,0.5958731770515442,0.8037455081939697,0.1800440400838852,0.6027042269706726,0.8426310420036316,-0.1520731896162033,0.6502367258071899,0.8098369240760803,0.150858074426651,0.6616705060005188,0.827632486820221,-0.06466551870107651,0.6675959825515747,0.8061326146125793,0.1578284502029419,0.6774314641952515,0.8227440714836121,-0.08032430708408356,0.6685193181037903,0.7986949682235718,0.15681003034114838,0.6759346723556519,0.8105645775794983,-0.07355348020792007,0.6629436612129211,0.7997676134109497,0.1483900249004364,0.6706337332725525,0.8103511333465576,-0.060222648084163666,0.4647294580936432,0.7289807796478271,0.09348209947347641,0.4665682911872864,0.7607290744781494,-0.09345288574695587,0.365823894739151,0.7949910759925842,0.11603602021932602,0.36510246992111206,0.8119950294494629,-0.06290049850940704,0.2702396512031555,0.8294874429702759,0.15685516595840454,0.26449570059776306,0.8458272218704224,-0.035011813044548035,0.2509751319885254,0.8243139386177063,0.158028706908226,0.24326637387275696,0.8416372537612915,-0.03636474162340164,0.27619466185569763,0.8999362587928772,0.12259101867675781,0.2706364691257477,0.9230194091796875,-0.09505616128444672
1781515902.1533353,plank,0.6493082046508789,0.7246960997581482,-0.022756000980734825,0.657005250453949,0.7087697982788086,-0.014308671467006207,0.6568586826324463,0.7061696648597717,-0.014311602339148521,0.6567069292068481,0.7035890221595764,-0.014314284548163414,0.6570326685905457,0.7086911797523499,-0.043172892183065414,0.6569621562957764,0.706085205078125,-0.043181344866752625,0.6569344401359558,0.7034594416618347,-0.04323127493262291,0.6497641801834106,0.6838460564613342,0.03997783362865448,0.6499993205070496,0.6869469881057739,-0.08946672081947327,0.6388106942176819,0.7205765843391418,0.001826539053581655,0.6386765837669373,0.720412015914917,-0.036040760576725006,0.591278076171875,0.6800172328948975,0.14838561415672302,0.6006292104721069,0.7046881914138794,-0.14863033592700958,0.5969266295433044,0.8059925436973572,0.18003949522972107,0.602929949760437,0.8427488803863525,-0.1532641351222992,0.651538610458374,0.8104473352432251,0.15138117969036102,0.6617857813835144,0.8275744318962097,-0.06431214511394501,0.6686641573905945,0.8067572712898254,0.15847203135490417,0.6772283911705017,0.8224526047706604,-0.07958591729402542,0.6692638397216797,0.7988758683204651,0.1574975997209549,0.6758118867874146,0.8102053999900818,-0.07328289747238159,0.6639410257339478,0.7999036908149719,0.14895331859588623,0.6706334352493286,0.810074508190155,-0.059950221329927444,0.46481314301490784,0.7294698357582092,0.09373264014720917,0.46655815839767456,0.7611210346221924,-0.0937059298157692,0.3659890294075012,0.795226514339447,0.11597517877817154,0.36512982845306396,0.8120061159133911,-0.06312655657529831,0.2702903151512146,0.8296792507171631,0.1567525416612625,0.26448389887809753,0.8458268642425537,-0.036112360656261444,0.25135302543640137,0.8243675827980042,0.15796323120594025,0.24337807297706604,0.8416678309440613,-0.037603724747896194,0.2760818898677826,0.9003303647041321,0.1223515123128891,0.2706260085105896,0.9230164289474487,-0.09636413305997849
1781515902.2619996,plank,0.649325430393219,0.7247252464294434,-0.020897233858704567,0.6570202112197876,0.7088473439216614,-0.012384362518787384,0.6568770408630371,0.7062684297561646,-0.012384939007461071,0.6567302942276001,0.7036972045898438,-0.01238709781318903,0.6570470929145813,0.7087253928184509,-0.040917765349149704,0.6569791436195374,0.7061087489128113,-0.040925852954387665,0.6569558382034302,0.7034704685211182,-0.04097280651330948,0.6498551964759827,0.6839770674705505,0.04194507747888565,0.6500935554504395,0.6869577765464783,-0.08586623519659042,0.6388697028160095,0.7206085324287415,0.003595782443881035,0.6387400031089783,0.7204203009605408,-0.03381370007991791,0.5913993120193481,0.6800330877304077,0.1496773511171341,0.6008409857749939,0.7046801447868347,-0.14544561505317688,0.5968655943870544,0.8059742450714111,0.17983825504779816,0.6029276251792908,0.8426511287689209,-0.1471765786409378,0.6512449979782104,0.8107354044914246,0.14984437823295593,0.6615743637084961,0.827567458152771,-0.054314833134412766,0.6685613393783569,0.8071194887161255,0.15636906027793884,0.6769298315048218,0.8224228024482727,-0.0683131068944931,0.6690109968185425,0.7992005348205566,0.1561887115240097,0.6755651235580444,0.8102033138275146,-0.06264849007129669,0.6635742783546448,0.8001847863197327,0.1475989818572998,0.6704041361808777,0.8100776076316833,-0.05002061277627945,0.465031236410141,0.7296909093856812,0.09370123594999313,0.46679478883743286,0.7614900469779968,-0.0936727225780487,0.36599019169807434,0.7952262163162231,0.1137951985001564,0.3652915358543396,0.8123136758804321,-0.06461197882890701,0.27020519971847534,0.8296980261802673,0.1481359899044037,0.2645767033100128,0.8464406132698059,-0.04175746068358421,0.25130990147590637,0.8244112730026245,0.14827954769134521,0.24355706572532654,0.8422240614891052,-0.043767135590314865,0.2760433256626129,0.900081992149353,0.11072902381420135,0.2707035541534424,0.9230355024337769,-0.10348532348871231
1781515902.450366,plank,0.6493023633956909,0.7248448729515076,-0.02072018012404442,0.6570239663124084,0.708977222442627,-0.012254545465111732,0.6568878889083862,0.7063846588134766,-0.012255862355232239,0.6567518711090088,0.7037996649742126,-0.012257968075573444,0.6570405960083008,0.7088903784751892,-0.0408162996172905,0.656970202922821,0.706273078918457,-0.04082416370511055,0.6569501757621765,0.7036312818527222,-0.040871743112802505,0.6499127149581909,0.6840160489082336,0.04196608066558838,0.6501377820968628,0.6870017647743225,-0.08606988191604614,0.638888955116272,0.7206858396530151,0.0037377583794295788,0.6387581825256348,0.7205167412757874,-0.03370913863182068,0.5915141105651855,0.6797104477882385,0.14955563843250275,0.600909411907196,0.7046405076980591,-0.14552947878837585,0.5969101786613464,0.8055047988891602,0.17927445471286774,0.6031109690666199,0.8425893783569336,-0.14897778630256653,0.6511651277542114,0.8107725977897644,0.14879976212978363,0.6615460515022278,0.8275631666183472,-0.061679381877183914,0.6685073375701904,0.8071812391281128,0.15525075793266296,0.6768624782562256,0.8224282264709473,-0.07741065323352814,0.6689954996109009,0.7993624210357666,0.15468475222587585,0.6755402088165283,0.8102869391441345,-0.0710441917181015,0.6634255647659302,0.8003696203231812,0.14639362692832947,0.6703716516494751,0.8101390600204468,-0.0574222132563591,0.46504920721054077,0.7298262715339661,0.0936833992600441,0.4667119085788727,0.7618614435195923,-0.09365399181842804,0.3660798668861389,0.7953879237174988,0.11300568282604218,0.36544305086135864,0.8126046657562256,-0.06521405279636383,0.2701943516731262,0.8299084901809692,0.14844314754009247,0.2650192677974701,0.8465692400932312,-0.04179438203573227,0.2512882351875305,0.8244673013687134,0.14877347648143768,0.24405816197395325,0.8424348831176758,-0.04376232624053955,0.27604299783706665,0.8996800184249878,0.11121104657649994,0.2708887457847595,0.9228852391242981,-0.10379139333963394
1781515902.6229503,plank,0.6492820382118225,0.7248865962028503,-0.02068740501999855,0.6569944620132446,0.7090780735015869,-0.012176642194390297,0.6568630337715149,0.7064902782440186,-0.012178166769444942,0.6567332148551941,0.7039092779159546,-0.012180049903690815,0.657009482383728,0.7090156674385071,-0.040735699236392975,0.656941294670105,0.7064018845558167,-0.04074318706989288,0.6569265127182007,0.7037582993507385,-0.040790725499391556,0.6499185562133789,0.684181272983551,0.04252114146947861,0.6501415967941284,0.6870778203010559,-0.08550014346837997,0.6388964056968689,0.7206858992576599,0.003870689542964101,0.6387761831283569,0.7205162048339844,-0.03357135131955147,0.5915669798851013,0.6796156764030457,0.15040530264377594,0.6010400056838989,0.7046094536781311,-0.14543285965919495,0.5969426035881042,0.805578351020813,0.1787160336971283,0.6031380891799927,0.8425977826118469,-0.14945271611213684,0.6510365009307861,0.8108988404273987,0.14611800014972687,0.6614176034927368,0.8275580406188965,-0.06243676692247391,0.6684160232543945,0.8075563311576843,0.1520335078239441,0.676638662815094,0.8224513530731201,-0.07829125225543976,0.6689831018447876,0.800060510635376,0.15123629570007324,0.6754163503646851,0.8104671835899353,-0.07190167158842087,0.6632935404777527,0.8009418845176697,0.1434687227010727,0.6702665090560913,0.8102808594703674,-0.058180730789899826,0.4653185307979584,0.7301095724105835,0.09385281801223755,0.4669462740421295,0.7621574401855469,-0.09382063150405884,0.3663087487220764,0.7954891920089722,0.11195526272058487,0.3658371567726135,0.8127565383911133,-0.06692637503147125,0.2701598107814789,0.8302780985832214,0.14701086282730103,0.2652299404144287,0.8467643857002258,-0.04392165690660477,0.2511308789253235,0.8248592019081116,0.14720118045806885,0.24420206248760223,0.842656135559082,-0.045997440814971924,0.2760186493396759,0.899670422077179,0.10791967809200287,0.2709517478942871,0.9228585362434387,-0.10739414393901825
1781515902.7810547,plank,0.6493691205978394,0.7251687049865723,-0.020476290956139565,0.657069742679596,0.7095196843147278,-0.01190290879458189,0.6569477915763855,0.7069651484489441,-0.01190447248518467,0.6568268537521362,0.7043917775154114,-0.011906740255653858,0.6570756435394287,0.7094393372535706,-0.0406155101954937,0.6570057272911072,0.7068146467208862,-0.04062248766422272,0.6569873690605164,0.7041468024253845,-0.04067159444093704,0.6500683426856995,0.6847422122955322,0.04287613183259964,0.6502382159233093,0.6874061822891235,-0.08567176014184952,0.6390200853347778,0.7209625840187073,0.004167531151324511,0.6388944387435913,0.7207894921302795,-0.03347203508019447,0.5918682813644409,0.6801985502243042,0.1506238430738449,0.6012488007545471,0.7048861384391785,-0.14579766988754272,0.5971457362174988,0.8061255812644958,0.1794278919696808,0.603147029876709,0.8427435159683228,-0.14989162981510162,0.6509993672370911,0.8111034035682678,0.14906153082847595,0.6612518429756165,0.827534556388855,-0.06198146939277649,0.668523371219635,0.8077964782714844,0.1557208001613617,0.6765804886817932,0.8224660158157349,-0.07746504247188568,0.6690725088119507,0.8005340695381165,0.15473100543022156,0.6754122376441956,0.8106178045272827,-0.0712803453207016,0.6633749604225159,0.8012713193893433,0.14649733901023865,0.670249342918396,0.8104046583175659,-0.057719238102436066,0.4654160439968109,0.7312194108963013,0.09389577805995941,0.4671911597251892,0.7628577947616577,-0.09386210888624191,0.36635449528694153,0.7959486842155457,0.1119018942117691,0.365954726934433,0.8130627870559692,-0.06706760823726654,0.26999545097351074,0.8304533958435059,0.14700065553188324,0.26523134112358093,0.84699946641922,-0.0441456064581871,0.25108471512794495,0.8248513340950012,0.14722010493278503,0.24430108070373535,0.8429349064826965,-0.04619060084223747,0.27595824003219604,0.8996007442474365,0.10823829472064972,0.2708481550216675,0.922803521156311,-0.10755592584609985
1781515902.9336207,plank,0.6494096517562866,0.7255690097808838,-0.019071431830525398,0.6570726037025452,0.7101873755455017,-0.010541967116296291,0.6569504141807556,0.7075909972190857,-0.010545282624661922,0.6568294763565063,0.7049459218978882,-0.010547931306064129,0.6570817828178406,0.7102285623550415,-0.03936682641506195,0.6570127010345459,0.7076204419136047,-0.03937074914574623,0.6569956541061401,0.7049500346183777,-0.03942125290632248,0.6501048803329468,0.6850530505180359,0.044117216020822525,0.6502982378005981,0.6878629922866821,-0.084927037358284,0.6390944123268127,0.7211875319480896,0.0055696358904242516,0.6389669179916382,0.7211085557937622,-0.032219722867012024,0.5918691158294678,0.6802521347999573,0.15214981138706207,0.6015138626098633,0.705217182636261,-0.14549732208251953,0.5971269011497498,0.8059629797935486,0.18076050281524658,0.6032151579856873,0.84276282787323,-0.14991597831249237,0.6507813930511475,0.8111092448234558,0.15001365542411804,0.6612377762794495,0.8275859355926514,-0.06297570466995239,0.6684545874595642,0.8077654242515564,0.1566268652677536,0.6766901612281799,0.8226737380027771,-0.07894571125507355,0.6690479516983032,0.800634503364563,0.15548056364059448,0.6755023002624512,0.8109675049781799,-0.07240444421768188,0.6632968783378601,0.8015120029449463,0.14728757739067078,0.6703053712844849,0.810693085193634,-0.05865808576345444,0.4655233323574066,0.7312179803848267,0.09429981559515,0.46755966544151306,0.7629027366638184,-0.09426647424697876,0.3663955330848694,0.7960835099220276,0.1115875095129013,0.3662327527999878,0.8132277727127075,-0.06892599910497665,0.2698468863964081,0.8305230736732483,0.1461031436920166,0.26522934436798096,0.8470276594161987,-0.04670203477144241,0.2508814334869385,0.8247517943382263,0.14616642892360687,0.24431243538856506,0.8429344296455383,-0.04885745793581009,0.27582642436027527,0.8995113968849182,0.10647793859243393,0.2704559862613678,0.9225789308547974,-0.11051005125045776
1781515903.0425246,plank,0.6494110822677612,0.7257565259933472,-0.018569039180874825,0.657073438167572,0.7105234265327454,-0.010104888118803501,0.6569513082504272,0.7079652547836304,-0.010108409449458122,0.6568311452865601,0.7053568959236145,-0.010111043229699135,0.6570833921432495,0.710526704788208,-0.038817666471004486,0.657014012336731,0.7079198360443115,-0.03882123902440071,0.656997799873352,0.7052533030509949,-0.03887176513671875,0.6501173973083496,0.6854797601699829,0.0444035567343235,0.6503197550773621,0.6881121397018433,-0.08416706323623657,0.6390965580940247,0.7213917374610901,0.006017064675688744,0.6389685869216919,0.7212799787521362,-0.03162693977355957,0.5918718576431274,0.680829644203186,0.15230408310890198,0.6017952561378479,0.7055312991142273,-0.1445309817790985,0.5970941781997681,0.8062021136283875,0.18085207045078278,0.6032174825668335,0.8427866697311401,-0.14902658760547638,0.6507360339164734,0.8111160397529602,0.1505260020494461,0.661221981048584,0.8275863528251648,-0.06257808953523636,0.6682562828063965,0.8077484965324402,0.15721666812896729,0.6766921281814575,0.8227004408836365,-0.07844118028879166,0.6688820123672485,0.8006951808929443,0.15623784065246582,0.6754949688911438,0.8110046982765198,-0.07196704298257828,0.6631928086280823,0.8015905022621155,0.14790521562099457,0.670293927192688,0.8107177019119263,-0.05829396843910217,0.46559080481529236,0.731205403804779,0.0942845419049263,0.4676768183708191,0.7627737522125244,-0.09425116330385208,0.36639517545700073,0.7963356971740723,0.11147376149892807,0.36619195342063904,0.8133642673492432,-0.06888791173696518,0.2697707414627075,0.8306066989898682,0.14597079157829285,0.26501280069351196,0.8471149802207947,-0.04686110094189644,0.250846803188324,0.8247496485710144,0.146063432097435,0.24422268569469452,0.843007504940033,-0.04904239624738693,0.27579063177108765,0.8995479345321655,0.10654642432928085,0.2701631784439087,0.9227479100227356,-0.11091654002666473
1781515903.231336,plank,0.649381160736084,0.7260982990264893,-0.017619889229536057,0.6570001244544983,0.7114731073379517,-0.009153393097221851,0.6568819880485535,0.709075391292572,-0.00915793888270855,0.656769335269928,0.7066161036491394,-0.009160831570625305,0.6569899320602417,0.7111616134643555,-0.03760385885834694,0.6569070219993591,0.7084723114967346,-0.03760986030101776,0.6568843126296997,0.7057107090950012,-0.03766245394945145,0.6501158475875854,0.6863676309585571,0.045136429369449615,0.6503096222877502,0.6883524656295776,-0.08218035101890564,0.6390960216522217,0.7218442559242249,0.006832553539425135,0.6389627456665039,0.7215001583099365,-0.03045285865664482,0.592079758644104,0.6812050938606262,0.15275171399116516,0.6019513607025146,0.7052962779998779,-0.14299729466438293,0.5970805883407593,0.8071760535240173,0.1799076497554779,0.6032222509384155,0.8426216840744019,-0.14667537808418274,0.6506502628326416,0.8111104965209961,0.14614978432655334,0.6609751582145691,0.8274160623550415,-0.05834422633051872,0.6680182218551636,0.807613730430603,0.15184807777404785,0.6765753030776978,0.8225937485694885,-0.07322510331869125,0.6684051752090454,0.8006715774536133,0.15159717202186584,0.67525714635849,0.8109512329101562,-0.06742122024297714,0.662676990032196,0.8015612363815308,0.14368560910224915,0.6699361205101013,0.8106301426887512,-0.05413743108510971,0.46589288115501404,0.7311682105064392,0.09427858889102936,0.46809807419776917,0.7621259689331055,-0.09424462914466858,0.3664427399635315,0.7963505387306213,0.11096598953008652,0.3662278652191162,0.813596248626709,-0.06971932202577591,0.2697792947292328,0.830560028553009,0.14383813738822937,0.2648913562297821,0.8471136093139648,-0.0495467483997345,0.2508595585823059,0.8242760300636292,0.1437070071697235,0.24417874217033386,0.8429109454154968,-0.05192561075091362,0.2758828103542328,0.8989577293395996,0.10470549017190933,0.27012160420417786,0.9218316674232483,-0.11381745338439941
1781515903.4015617,plank,0.6492915153503418,0.7270950078964233,-0.017455998808145523,0.6568729877471924,0.7127237319946289,-0.009007209911942482,0.6567621231079102,0.7103537321090698,-0.009012306109070778,0.6566560864448547,0.7079353928565979,-0.009015414863824844,0.6568374037742615,0.7124286890029907,-0.03742293268442154,0.6567383408546448,0.7097592949867249,-0.037428807467222214,0.6567012071609497,0.7070491313934326,-0.037481386214494705,0.6500611901283264,0.6874147057533264,0.04514767974615097,0.6502412557601929,0.6892929673194885,-0.08216474950313568,0.6390443444252014,0.7226402163505554,0.006928966846317053,0.6388952136039734,0.7223438620567322,-0.030321400612592697,0.5925267934799194,0.6811305284500122,0.1528995931148529,0.6022099256515503,0.7051337361335754,-0.14299702644348145,0.5970731973648071,0.8073647618293762,0.17926712334156036,0.603186309337616,0.8426141738891602,-0.14683201909065247,0.6505220532417297,0.8112514019012451,0.14359226822853088,0.6608370542526245,0.8274256587028503,-0.058455877006053925,0.667789101600647,0.8077250719070435,0.14905321598052979,0.6765145659446716,0.8227449059486389,-0.0733412504196167,0.6682108640670776,0.8012123107910156,0.14853499829769135,0.6751672029495239,0.8112435340881348,-0.06728556007146835,0.662469208240509,0.8019939661026001,0.14096710085868835,0.6698232889175415,0.8108976483345032,-0.05416222661733627,0.4657557010650635,0.7307897210121155,0.09435030072927475,0.46809229254722595,0.7620795965194702,-0.09431822597980499,0.36639901995658875,0.7963004112243652,0.11097751557826996,0.3661871552467346,0.8136072158813477,-0.06990748643875122,0.2696453928947449,0.8305405378341675,0.143975168466568,0.26478269696235657,0.8474968075752258,-0.04951993376016617,0.2506744861602783,0.8239119648933411,0.14381897449493408,0.24417538940906525,0.8431065678596497,-0.051877669990062714,0.2759144902229309,0.8985306620597839,0.10468462854623795,0.2698911130428314,0.9218798875808716,-0.11355183273553848
1781515903.508894,plank,0.6492682695388794,0.7273242473602295,-0.017067156732082367,0.6568182706832886,0.713074803352356,-0.008678296580910683,0.6567073464393616,0.7107110023498535,-0.008683843538165092,0.6566019654273987,0.7082865834236145,-0.008686961606144905,0.6567757725715637,0.7127715349197388,-0.037118859589099884,0.6566680669784546,0.7100987434387207,-0.03712528571486473,0.6566238403320312,0.7073774337768555,-0.03717866912484169,0.6500293016433716,0.6876149773597717,0.045241452753543854,0.6502102613449097,0.6895196437835693,-0.0821552649140358,0.6390093564987183,0.7227875590324402,0.007234326563775539,0.6388632655143738,0.7224793434143066,-0.030055105686187744,0.5925880074501038,0.6809656620025635,0.1528816670179367,0.6023526191711426,0.7050797939300537,-0.14294038712978363,0.5970545411109924,0.8073545098304749,0.17930153012275696,0.603187620639801,0.8425020575523376,-0.14706215262413025,0.6505126953125,0.8111228942871094,0.143996924161911,0.6608797311782837,0.8274247646331787,-0.06055682897567749,0.6676690578460693,0.8075196743011475,0.14965443313121796,0.6765305995941162,0.8227916955947876,-0.07584279775619507,0.6681076288223267,0.8011057376861572,0.14888329803943634,0.6751673817634583,0.8112744092941284,-0.06933480501174927,0.6624168157577515,0.8019053339958191,0.1413285732269287,0.6698251962661743,0.8109155297279358,-0.05616065859794617,0.4657173752784729,0.7304867506027222,0.09434761852025986,0.4680387079715729,0.7619372010231018,-0.09431591629981995,0.36638343334198,0.7961022257804871,0.11114239692687988,0.3661056160926819,0.813538670539856,-0.06988588720560074,0.2696368098258972,0.8304781317710876,0.14433877170085907,0.2647675573825836,0.8473492860794067,-0.04940619319677353,0.2506675720214844,0.8238389492034912,0.14425520598888397,0.24416622519493103,0.8430497646331787,-0.05176256224513054,0.27591726183891296,0.8985260128974915,0.10569377988576889,0.2698514461517334,0.9219032526016235,-0.1134820207953453
1781515903.7012894,plank,0.649013102054596,0.7277125120162964,-0.01427086628973484,0.6566222310066223,0.7135748863220215,-0.0059515684843063354,0.6565119624137878,0.7111836075782776,-0.005955997854471207,0.6564068794250488,0.7087370753288269,-0.005957253742963076,0.6565548181533813,0.7132672071456909,-0.0342685729265213,0.6564263701438904,0.7105686664581299,-0.034277401864528656,0.6563609838485718,0.7078309655189514,-0.03432927653193474,0.6498971581459045,0.6878894567489624,0.0470023937523365,0.6500359773635864,0.6898439526557922,-0.07989488542079926,0.6387172937393188,0.7229547500610352,0.009648285806179047,0.6385533213615417,0.7226598858833313,-0.027502616867423058,0.5924893617630005,0.6809676885604858,0.15359170734882355,0.6023115515708923,0.7050559520721436,-0.14080829918384552,0.5970538854598999,0.8071040511131287,0.18016169965267181,0.603175163269043,0.8422753810882568,-0.14523997902870178,0.6503244638442993,0.810693621635437,0.14635010063648224,0.6608845591545105,0.8273958563804626,-0.058448683470487595,0.6674069166183472,0.8073298335075378,0.15250909328460693,0.6765788793563843,0.8229163885116577,-0.07333139330148697,0.6678546667098999,0.801060140132904,0.15141066908836365,0.6751929521560669,0.8113903403282166,-0.06700678169727325,0.6622205972671509,0.8018425703048706,0.14369407296180725,0.6698395013809204,0.8109745383262634,-0.05403752252459526,0.4657697081565857,0.7285330891609192,0.0943392664194107,0.46802955865859985,0.7611463665962219,-0.09430831670761108,0.36636102199554443,0.7954617738723755,0.11060831695795059,0.3660190999507904,0.8133758306503296,-0.07122733443975449,0.26957905292510986,0.8304191827774048,0.14155377447605133,0.2646773159503937,0.8473994135856628,-0.05393232777714729,0.25044792890548706,0.823790967464447,0.1411842703819275,0.24399475753307343,0.8431031703948975,-0.05661018565297127,0.2758786082267761,0.897585391998291,0.10315918922424316,0.26954180002212524,0.9217527508735657,-0.11822368204593658
1781515903.8655918,plank,0.6487652063369751,0.7277905941009521,-0.014290106482803822,0.6564030647277832,0.7137248516082764,-0.005936509929597378,0.6562843322753906,0.7113069891929626,-0.005941437091678381,0.6561721563339233,0.7088385820388794,-0.00594355771318078,0.6563174724578857,0.7134706377983093,-0.034209828823804855,0.6561646461486816,0.7107832431793213,-0.034217581152915955,0.6560733914375305,0.7080626487731934,-0.03426934406161308,0.6497029066085815,0.6879137754440308,0.04700588434934616,0.6497978568077087,0.6899325251579285,-0.07970878481864929,0.6383975744247437,0.722943127155304,0.009626719169318676,0.638221263885498,0.7226518988609314,-0.027474859729409218,0.5924425721168518,0.6809151768684387,0.153554767370224,0.6022144556045532,0.704976499080658,-0.14017869532108307,0.5970397591590881,0.8065864443778992,0.1790163815021515,0.6029626727104187,0.841867983341217,-0.14484652876853943,0.6502707004547119,0.8102161884307861,0.1434578001499176,0.6608574390411377,0.8271560668945312,-0.0591733455657959,0.6672156453132629,0.8070745468139648,0.1493484079837799,0.6765531301498413,0.8229166865348816,-0.07418647408485413,0.6676632165908813,0.8009198307991028,0.14852522313594818,0.6751059293746948,0.8113899827003479,-0.06764380633831024,0.6621195673942566,0.8016327023506165,0.14085504412651062,0.6697708964347839,0.8109169006347656,-0.054709531366825104,0.4659397006034851,0.7272120118141174,0.09429049491882324,0.4681028723716736,0.7597869038581848,-0.09425801783800125,0.3664521276950836,0.7949702739715576,0.11050800234079361,0.36606502532958984,0.8131651282310486,-0.07147330790758133,0.269827663898468,0.8301213383674622,0.14163638651371002,0.2648921608924866,0.8473449945449829,-0.05400560051202774,0.2508459985256195,0.8234612345695496,0.14136584103107452,0.2442159652709961,0.8431090712547302,-0.056595027446746826,0.27595096826553345,0.8966814875602722,0.1036418080329895,0.26969537138938904,0.9214877486228943,-0.1178445816040039
1781515904.0390003,plank,0.6486229300498962,0.728617250919342,-0.014787581749260426,0.656283438205719,0.7145096063613892,-0.00630428921431303,0.6561723947525024,0.7120535373687744,-0.006309673190116882,0.6560648679733276,0.7095707654953003,-0.00631276611238718,0.6561726331710815,0.7143185138702393,-0.03441622108221054,0.6560101509094238,0.7116265296936035,-0.034423477947711945,0.655903697013855,0.7089228630065918,-0.03447375446557999,0.6496500372886658,0.6885887980461121,0.046638865023851395,0.6496907472610474,0.6905226111412048,-0.07954102754592896,0.6383083462715149,0.7232393622398376,0.009055480360984802,0.6381132006645203,0.7230514287948608,-0.027802038937807083,0.5925189256668091,0.6812755465507507,0.15340609848499298,0.6021052598953247,0.7050303816795349,-0.1396929770708084,0.5971059799194336,0.8067454099655151,0.17687486112117767,0.6025884747505188,0.8417051434516907,-0.14393344521522522,0.6503333449363708,0.8102179765701294,0.13769546151161194,0.6607604026794434,0.8269866108894348,-0.054647285491228104,0.6671274304389954,0.8071506023406982,0.14268043637275696,0.6765045523643494,0.8229854106903076,-0.06870105117559433,0.6675688028335571,0.8010011315345764,0.1427658349275589,0.6750231385231018,0.8114275336265564,-0.06251779198646545,0.6620779037475586,0.8016381859779358,0.13531182706356049,0.669687032699585,0.8109095096588135,-0.0501149483025074,0.4662615656852722,0.7264596819877625,0.09422525018453598,0.46818995475769043,0.7589653730392456,-0.09419237077236176,0.3666935861110687,0.7946532964706421,0.10910505056381226,0.3662559390068054,0.813080906867981,-0.07197128981351852,0.27014079689979553,0.8300849795341492,0.13848134875297546,0.26509130001068115,0.8473490476608276,-0.05588379502296448,0.2512841522693634,0.8233315348625183,0.13787797093391418,0.24434395134449005,0.843131959438324,-0.0586736798286438,0.2760966718196869,0.8966305255889893,0.09990862011909485,0.2699836492538452,0.9214727878570557,-0.11979939788579941
1781515904.2118285,plank,0.648788571357727,0.7301009297370911,-0.015053370967507362,0.6564018130302429,0.7163667678833008,-0.006467405706644058,0.6563021540641785,0.7139483094215393,-0.006470939610153437,0.6562100648880005,0.7115411758422852,-0.0064744190312922,0.6562742590904236,0.7160040736198425,-0.034592948853969574,0.6560957431793213,0.7132372260093689,-0.0345996655523777,0.6559736132621765,0.7104482650756836,-0.034649915993213654,0.6499085426330566,0.6906949281692505,0.0470929816365242,0.6498175263404846,0.6917455196380615,-0.07951728254556656,0.6384741067886353,0.7243295311927795,0.008958927355706692,0.6382368206977844,0.7240679264068604,-0.02792971394956112,0.5929408073425293,0.6830204725265503,0.1543712317943573,0.6021240949630737,0.7053843140602112,-0.14005865156650543,0.5972071886062622,0.8085090517997742,0.1761576235294342,0.6024764776229858,0.8418049216270447,-0.1423068791627884,0.6504860520362854,0.8108014464378357,0.13558265566825867,0.6605229377746582,0.8269661664962769,-0.04403575882315636,0.6671255230903625,0.8075340390205383,0.1402212679386139,0.6764451861381531,0.8230666518211365,-0.0566558763384819,0.66757732629776,0.8012634515762329,0.141374871134758,0.6748925447463989,0.8114463090896606,-0.05149807780981064,0.6621254682540894,0.8018028140068054,0.13348843157291412,0.6695136427879333,0.8109070658683777,-0.039629656821489334,0.46660488843917847,0.7267427444458008,0.0944715067744255,0.4682494103908539,0.7583035826683044,-0.09444178640842438,0.36702120304107666,0.7946920394897461,0.10697505623102188,0.36626073718070984,0.8128716349601746,-0.0727313682436943,0.2701842486858368,0.8300966620445251,0.13346564769744873,0.2650824189186096,0.8473584651947021,-0.05768066644668579,0.2513928711414337,0.8233047723770142,0.13257606327533722,0.2443505823612213,0.8434230089187622,-0.060480762273073196,0.276377409696579,0.8970143795013428,0.09363097697496414,0.2699967324733734,0.9218006730079651,-0.1218741312623024
1781515904.3667047,plank,0.6487625241279602,0.7306524515151978,-0.015243451111018658,0.6563811898231506,0.7169169783592224,-0.006772116757929325,0.6562856435775757,0.714478075504303,-0.006775656249374151,0.6561985015869141,0.7120566368103027,-0.006779315881431103,0.6562498807907104,0.716626763343811,-0.034710802137851715,0.6560688018798828,0.7138858437538147,-0.03471715375781059,0.655943751335144,0.711126983165741,-0.03476612642407417,0.6499139070510864,0.691114604473114,0.04592595249414444,0.6498118042945862,0.6923373937606812,-0.07937244325876236,0.638454020023346,0.7246071100234985,0.008529363200068474,0.6381995677947998,0.7244120836257935,-0.02810482680797577,0.5930418372154236,0.6831179857254028,0.15258604288101196,0.6020483374595642,0.7060104012489319,-0.1400526463985443,0.5972217321395874,0.8080680966377258,0.17598406970500946,0.6023769378662109,0.8418569564819336,-0.14147157967090607,0.6504219770431519,0.8107743263244629,0.13771706819534302,0.6604738235473633,0.8269259333610535,-0.04392782598733902,0.6669551134109497,0.8073770403862,0.14342015981674194,0.6764208674430847,0.823172926902771,-0.056364256888628006,0.6674875020980835,0.801173210144043,0.14426526427268982,0.6748786568641663,0.811504602432251,-0.05108727887272835,0.6620662808418274,0.8017222285270691,0.13576167821884155,0.6694962978363037,0.8109312057495117,-0.03938545659184456,0.4665899872779846,0.72645503282547,0.09386231005191803,0.4680716097354889,0.7582591772079468,-0.09383811056613922,0.36695653200149536,0.7946333885192871,0.10651101171970367,0.3661486804485321,0.8126835227012634,-0.07098453491926193,0.27019643783569336,0.8301324844360352,0.13313095271587372,0.2650626003742218,0.8473630547523499,-0.05488891154527664,0.251427561044693,0.8235014081001282,0.1322374790906906,0.24442796409130096,0.8436802625656128,-0.05758001655340195,0.276624858379364,0.8969780802726746,0.09370158612728119,0.27028506994247437,0.9217683672904968,-0.11781658232212067
1781515904.4747794,plank,0.6487418413162231,0.7308948040008545,-0.01670682802796364,0.6563766002655029,0.7171493768692017,-0.00836214516311884,0.6562825441360474,0.7146670818328857,-0.008368005976080894,0.6561970114707947,0.7122148871421814,-0.008373069576919079,0.6562432050704956,0.7168986201286316,-0.036304961889982224,0.6560615301132202,0.7141388058662415,-0.03631065785884857,0.6559370756149292,0.7113673686981201,-0.03635895997285843,0.6499153971672058,0.6912007927894592,0.04401826113462448,0.6498109102249146,0.6925028562545776,-0.08135289698839188,0.6384089589118958,0.7246829271316528,0.006964146159589291,0.6381372809410095,0.7245204448699951,-0.029699688777327538,0.5931863188743591,0.6831106543540955,0.15049707889556885,0.6019365191459656,0.7062007188796997,-0.14120517671108246,0.5972375273704529,0.8075575828552246,0.17580357193946838,0.6022961139678955,0.8419398665428162,-0.14323322474956512,0.6504743099212646,0.8102775812149048,0.13924482464790344,0.6604815125465393,0.826922595500946,-0.048425864428281784,0.6669997572898865,0.8070300817489624,0.14558157324790955,0.6765121221542358,0.8231772780418396,-0.06136282533407211,0.6675556898117065,0.8008283972740173,0.14650946855545044,0.6749500036239624,0.8115082383155823,-0.05566345900297165,0.6621764302253723,0.8013378381729126,0.1375129669904709,0.6695514917373657,0.8109331130981445,-0.04391001909971237,0.4665946066379547,0.7264640927314758,0.09355925023555756,0.4679774343967438,0.7580903768539429,-0.09353524446487427,0.3669561445713043,0.794632613658905,0.10780365765094757,0.36613285541534424,0.8125562071800232,-0.06952159851789474,0.2701973617076874,0.8300895094871521,0.13855667412281036,0.26498740911483765,0.8470515012741089,-0.05017266795039177,0.251481294631958,0.8233852982521057,0.1383560448884964,0.24442771077156067,0.8433407545089722,-0.05237673968076706,0.2766120731830597,0.897027850151062,0.10183857381343842,0.27015358209609985,0.9217703342437744,-0.11183835566043854
1781515904.6809244,plank,0.6485499739646912,0.7315330505371094,-0.016629358753561974,0.6562584042549133,0.7178206443786621,-0.008293231949210167,0.65617835521698,0.7152591347694397,-0.008299154229462147,0.6561090350151062,0.7127400040626526,-0.008304495364427567,0.6561108231544495,0.7176027297973633,-0.03622172772884369,0.655929684638977,0.7147883176803589,-0.03622622787952423,0.6558058261871338,0.7119713425636292,-0.03627367317676544,0.6498817205429077,0.6915225386619568,0.04414478316903114,0.6497335433959961,0.6928897500038147,-0.08128256350755692,0.6382637619972229,0.7249940037727356,0.007009404245764017,0.6379542350769043,0.7248604893684387,-0.0296433474868536,0.5933427810668945,0.6830660700798035,0.15057475864887238,0.60178142786026,0.7063385248184204,-0.14097793400287628,0.5972810983657837,0.8068474531173706,0.17584437131881714,0.6022337079048157,0.8420283794403076,-0.14303404092788696,0.6502655744552612,0.8096075057983398,0.14034338295459747,0.6604663729667664,0.8269922137260437,-0.048912420868873596,0.6668726205825806,0.8064938187599182,0.14654237031936646,0.6765549778938293,0.8231793642044067,-0.06208590790629387,0.6674588322639465,0.8005098700523376,0.14761531352996826,0.6749706864356995,0.8115236759185791,-0.05643894150853157,0.6620732545852661,0.8010311722755432,0.13865841925144196,0.669561505317688,0.8109527826309204,-0.04447871074080467,0.46660780906677246,0.7264651656150818,0.09325279295444489,0.46791356801986694,0.7579578757286072,-0.09322677552700043,0.3669716715812683,0.7946822047233582,0.10631507635116577,0.3661286234855652,0.812480092048645,-0.06960280239582062,0.27024540305137634,0.8301969766616821,0.13488146662712097,0.26509934663772583,0.8469686508178711,-0.05078447610139847,0.2514753043651581,0.8234443664550781,0.13424889743328094,0.24452726542949677,0.8433393836021423,-0.05313336104154587,0.276653528213501,0.8974673748016357,0.09587036073207855,0.27029329538345337,0.9218478798866272,-0.11262284219264984
1781515904.8642175,plank,0.6485047340393066,0.7317588925361633,-0.01765143685042858,0.6562287211418152,0.7179884314537048,-0.009375760331749916,0.6561551690101624,0.7154000997543335,-0.009382504969835281,0.6560938358306885,0.7128635048866272,-0.009390183724462986,0.6560807228088379,0.7178367376327515,-0.0373491533100605,0.6559035181999207,0.7150319218635559,-0.037349503487348557,0.6557854413986206,0.7122296094894409,-0.037394847720861435,0.649878978729248,0.6915919780731201,0.04271899163722992,0.6497291326522827,0.693060040473938,-0.08282292634248734,0.6382390260696411,0.7250366806983948,0.0058845700696110725,0.6379221677780151,0.7249376177787781,-0.03081376478075981,0.5933884382247925,0.6830117702484131,0.1493264138698578,0.6015774011611938,0.7069833278656006,-0.14220868051052094,0.5974235534667969,0.8062973022460938,0.17551365494728088,0.602229118347168,0.8422811627388,-0.1433539092540741,0.6502295732498169,0.8093070387840271,0.14071689546108246,0.660434365272522,0.8269878029823303,-0.04920210689306259,0.6667491793632507,0.8062449097633362,0.1470668911933899,0.6765562295913696,0.823185384273529,-0.0624384880065918,0.6673016548156738,0.8001781702041626,0.14816658198833466,0.6749392151832581,0.8115320801734924,-0.05681556463241577,0.6619395017623901,0.8006593585014343,0.13907313346862793,0.6694921851158142,0.810951828956604,-0.04481171816587448,0.4666338860988617,0.7262264490127563,0.093132384121418,0.4679146707057953,0.7579947710037231,-0.09310649335384369,0.3673899471759796,0.7947059869766235,0.10629124939441681,0.366549551486969,0.8124310970306396,-0.06934203952550888,0.2703601121902466,0.8301587700843811,0.13501392304897308,0.2652861475944519,0.8469637632369995,-0.05065268278121948,0.25165659189224243,0.823334813117981,0.13440576195716858,0.24485018849372864,0.8433647751808167,-0.05298399180173874,0.2771778404712677,0.8974595069885254,0.09614850580692291,0.2714659571647644,0.9218415021896362,-0.11201620101928711
1781515905.0527513,plank,0.6484613418579102,0.7318755388259888,-0.016600778326392174,0.6561864614486694,0.7180268168449402,-0.008446591906249523,0.6561086177825928,0.7154313921928406,-0.008453993126749992,0.6560443639755249,0.7128884196281433,-0.008459695614874363,0.6560485363006592,0.717896580696106,-0.03625565022230148,0.6558725833892822,0.7150958776473999,-0.03625497221946716,0.655755877494812,0.7122998833656311,-0.03630009666085243,0.6498308777809143,0.69163978099823,0.043411847203969955,0.6496952772140503,0.6931978464126587,-0.08134648203849792,0.6381886005401611,0.7251298427581787,0.0069089969620108604,0.6378778219223022,0.7250587344169617,-0.029613930732011795,0.5933036804199219,0.6827971339225769,0.14836789667606354,0.6016265153884888,0.7068259119987488,-0.13951891660690308,0.597300112247467,0.8057498335838318,0.1750316470861435,0.6021217107772827,0.8422961831092834,-0.14376163482666016,0.6497701406478882,0.8091299533843994,0.14032091200351715,0.6604417562484741,0.8271217346191406,-0.05578229948878288,0.6664808392524719,0.8058558106422424,0.14656241238117218,0.676615834236145,0.8231950402259827,-0.07034153491258621,0.6671525835990906,0.8000205755233765,0.1470777541399002,0.6749838590621948,0.8116466999053955,-0.06374064832925797,0.6617302894592285,0.8005519509315491,0.13847827911376953,0.6695505380630493,0.8111113905906677,-0.051311492919921875,0.4666063189506531,0.7262167930603027,0.09244827926158905,0.4679141938686371,0.7578424215316772,-0.09242049604654312,0.3676782250404358,0.7947264909744263,0.10721419006586075,0.3669643998146057,0.8123642206192017,-0.06796808540821075,0.27062565088272095,0.8301771283149719,0.13899514079093933,0.2658903896808624,0.8469777703285217,-0.04652542620897293,0.25215989351272583,0.8233268857002258,0.13883937895298004,0.24550311267375946,0.8433897495269775,-0.048532016575336456,0.27725958824157715,0.8974995017051697,0.10071500390768051,0.27166983485221863,0.9218711256980896,-0.10741545259952545
1781515905.2102518,plank,0.6484008431434631,0.7319791316986084,-0.016207994893193245,0.6561411619186401,0.7180835008621216,-0.008070276118814945,0.6560629606246948,0.7154791951179504,-0.008078760467469692,0.6559988260269165,0.7129266262054443,-0.008085149340331554,0.6560105085372925,0.7179698348045349,-0.03575662523508072,0.6558375358581543,0.7151690125465393,-0.03575538843870163,0.6557232141494751,0.7123716473579407,-0.0358007550239563,0.6497907042503357,0.6916808485984802,0.04370442405343056,0.649664044380188,0.6933019161224365,-0.08054710179567337,0.6381369233131409,0.7252394556999207,0.007257109973579645,0.6378286480903625,0.7251701951026917,-0.029098009690642357,0.593292236328125,0.6826828718185425,0.1484326422214508,0.6016931533813477,0.7066758275032043,-0.13861486315727234,0.5972555875778198,0.8055429458618164,0.17373353242874146,0.6020828485488892,0.8422984480857849,-0.14307451248168945,0.649685800075531,0.8089770674705505,0.137454554438591,0.6604257822036743,0.8271265625953674,-0.05330432578921318,0.6663464903831482,0.8056390285491943,0.1431250274181366,0.6766109466552734,0.823161244392395,-0.06696848571300507,0.6670436263084412,0.7999038100242615,0.14418205618858337,0.6749557256698608,0.8116487860679626,-0.06075981259346008,0.6616572141647339,0.8004516363143921,0.13570401072502136,0.66953444480896,0.8111118078231812,-0.048827238380908966,0.4666295647621155,0.7260415554046631,0.09211914986371994,0.4679930806159973,0.7576026916503906,-0.09209202229976654,0.3679461181163788,0.7947313189506531,0.106795534491539,0.36747533082962036,0.8122667074203491,-0.0677633136510849,0.2707429826259613,0.8301817178726196,0.1381189376115799,0.266370564699173,0.8469536900520325,-0.0462685190141201,0.2523275315761566,0.8233174681663513,0.13785600662231445,0.24595873057842255,0.8433451056480408,-0.048217035830020905,0.2771453857421875,0.8974934220314026,0.09946630150079727,0.2717067003250122,0.9217735528945923,-0.10699335485696793
1781515905.3691747,plank,0.6483979225158691,0.7319817543029785,-0.017403259873390198,0.6561387777328491,0.7180855870246887,-0.009249964728951454,0.6560608744621277,0.715485692024231,-0.009259216487407684,0.6559963822364807,0.7129373550415039,-0.009266570210456848,0.656007707118988,0.7179619073867798,-0.036898769438266754,0.6558348536491394,0.7151551246643066,-0.036898620426654816,0.6557201147079468,0.7123469710350037,-0.03694511577486992,0.6497942805290222,0.6917032599449158,0.04295482859015465,0.6496667265892029,0.6933128833770752,-0.08108709007501602,0.6381369829177856,0.7253267765045166,0.006208722945302725,0.6378262639045715,0.7252114415168762,-0.030083736404776573,0.5932981371879578,0.6827171444892883,0.1479671597480774,0.6017511487007141,0.7066206932067871,-0.13889531791210175,0.5972082018852234,0.8055679202079773,0.17298521101474762,0.6019572019577026,0.8422828912734985,-0.14327429234981537,0.6497090458869934,0.8089492917060852,0.13781431317329407,0.6604316234588623,0.8271237015724182,-0.053096573799848557,0.6664720177650452,0.8056612014770508,0.14349006116390228,0.6766429543495178,0.8231703042984009,-0.06659658998250961,0.6670712232589722,0.7998853921890259,0.14447121322155,0.67496258020401,0.811653196811676,-0.06043422222137451,0.661657989025116,0.8003537654876709,0.13598497211933136,0.6695382595062256,0.8111036419868469,-0.04861897602677345,0.4664584696292877,0.726218581199646,0.09179458022117615,0.46791893243789673,0.7575571537017822,-0.09176255017518997,0.36816924810409546,0.795025110244751,0.10553891956806183,0.3677595853805542,0.812255859375,-0.06762004643678665,0.270816445350647,0.830261766910553,0.13579797744750977,0.2667003273963928,0.8469744920730591,-0.046598292887210846,0.25232362747192383,0.8233680725097656,0.13530570268630981,0.24615629017353058,0.8434782028198242,-0.048645831644535065,0.2770981788635254,0.897485077381134,0.09562674164772034,0.27170026302337646,0.9217039942741394,-0.10753045231103897
1781515905.5566797,plank,0.6484369039535522,0.7319623231887817,-0.017150908708572388,0.6561326384544373,0.7180644273757935,-0.009036462754011154,0.6560524702072144,0.7154766321182251,-0.009045084938406944,0.6559852957725525,0.7129331231117249,-0.009051709435880184,0.6560013294219971,0.7179213762283325,-0.03669997677206993,0.6558259725570679,0.7151191830635071,-0.03670044615864754,0.6557072401046753,0.7123121619224548,-0.03674652427434921,0.6497739553451538,0.6917234063148499,0.04304312914609909,0.6496461629867554,0.6933431625366211,-0.08099481463432312,0.6381689310073853,0.7253757119178772,0.006441590841859579,0.6378625631332397,0.7252402305603027,-0.02986954152584076,0.5932289361953735,0.6827961206436157,0.14782990515232086,0.601848304271698,0.7066565752029419,-0.13880515098571777,0.5969601273536682,0.805250883102417,0.17347770929336548,0.6019073724746704,0.8422488570213318,-0.1429370939731598,0.6496224999427795,0.8088325262069702,0.14157600700855255,0.6604981422424316,0.8271375894546509,-0.05369306355714798,0.6662663221359253,0.8054759502410889,0.14811214804649353,0.6766768097877502,0.8231428265571594,-0.06762836873531342,0.6668936014175415,0.7996992468833923,0.1485113948583603,0.6749622821807861,0.8116470575332642,-0.06133420020341873,0.6614932417869568,0.8001746535301208,0.13969162106513977,0.6695367097854614,0.8110959529876709,-0.04924695938825607,0.46652206778526306,0.7261641025543213,0.09162521362304688,0.4680274426937103,0.7572158575057983,-0.09159107506275177,0.36829692125320435,0.7945817112922668,0.1046781986951828,0.3679863512516022,0.8122339248657227,-0.0676192194223404,0.2709701359272003,0.8301423192024231,0.13393953442573547,0.26702290773391724,0.8469657897949219,-0.04735793173313141,0.2523234188556671,0.8231416344642639,0.13334600627422333,0.246328204870224,0.8435145020484924,-0.04954066127538681,0.2773134112358093,0.8969891667366028,0.09408216178417206,0.2721111476421356,0.9210861325263977,-0.1081141009926796
1781515905.7410564,plank,0.6484435796737671,0.7319739460945129,-0.01553126610815525,0.6561063528060913,0.7180704474449158,-0.0075745051726698875,0.6560244560241699,0.7154948115348816,-0.007581846322864294,0.6559544205665588,0.7129645347595215,-0.007585341576486826,0.6559792757034302,0.7179276943206787,-0.03510870039463043,0.6558033227920532,0.7151384949684143,-0.035109348595142365,0.6556819677352905,0.7123430967330933,-0.03515409678220749,0.6497513055801392,0.6918944120407104,0.04410715028643608,0.6496345400810242,0.6935631632804871,-0.0793687105178833,0.6381832957267761,0.7255343198776245,0.007924925535917282,0.6378778219223022,0.7253881692886353,-0.028229108080267906,0.5930517911911011,0.6828011274337769,0.14806392788887024,0.6019618511199951,0.7070232629776001,-0.13662205636501312,0.5965772867202759,0.8050457239151001,0.1739431768655777,0.6018235683441162,0.8422906398773193,-0.1410626471042633,0.6492631435394287,0.8087513446807861,0.14367341995239258,0.6605433225631714,0.8271946310997009,-0.054388195276260376,0.6659530997276306,0.8052002191543579,0.15053339302539825,0.6767473816871643,0.8231241106987,-0.06890416145324707,0.6666281819343567,0.7995269894599915,0.15051718056201935,0.6749767065048218,0.8116145730018616,-0.062398023903369904,0.6612207889556885,0.8000065088272095,0.141717791557312,0.6695502996444702,0.8110615015029907,-0.04999854788184166,0.46647387742996216,0.7256648540496826,0.0912795290350914,0.46809977293014526,0.7570413947105408,-0.09124648571014404,0.36831119656562805,0.7945550680160522,0.10244052112102509,0.3681144714355469,0.8122044205665588,-0.06771843135356903,0.2709723711013794,0.8302274346351624,0.12949922680854797,0.2671104967594147,0.8469865322113037,-0.049257393926382065,0.2520572543144226,0.823415994644165,0.12876681983470917,0.24629764258861542,0.8436713218688965,-0.051709823310375214,0.27739769220352173,0.8967265486717224,0.08890899270772934,0.27215874195098877,0.9209140539169312,-0.1105843186378479
1781515905.923028,plank,0.6483675241470337,0.7320564985275269,-0.014771388843655586,0.6560490131378174,0.7181786298751831,-0.006846904754638672,0.6559731364250183,0.7156163454055786,-0.00685312831774354,0.6559082269668579,0.7130933403968811,-0.006855303887277842,0.6559231877326965,0.7180294394493103,-0.034333162009716034,0.6557506918907166,0.7152523398399353,-0.03433387726545334,0.6556304693222046,0.7124661207199097,-0.03437771275639534,0.649730920791626,0.6920585036277771,0.04470979422330856,0.649617612361908,0.6938343048095703,-0.07856376469135284,0.6381539106369019,0.7257306575775146,0.0086397435516119,0.6378515958786011,0.7255931496620178,-0.027453865855932236,0.5929800271987915,0.682865560054779,0.14829584956169128,0.6020203828811646,0.7072746157646179,-0.1358071118593216,0.5965508222579956,0.8048292994499207,0.17441001534461975,0.6018338203430176,0.8422911167144775,-0.14034761488437653,0.6492767930030823,0.8085686564445496,0.1441780924797058,0.660575270652771,0.8272138833999634,-0.05419807881116867,0.6659020781517029,0.8048766255378723,0.1509656012058258,0.67677903175354,0.8231134414672852,-0.06869404762983322,0.6665798425674438,0.7992832660675049,0.1509084850549698,0.6749836206436157,0.8115957379341125,-0.062331609427928925,0.6612083911895752,0.7997551560401917,0.14220678806304932,0.6695618033409119,0.8110260963439941,-0.0498490110039711,0.4664522111415863,0.7253568768501282,0.09100688993930817,0.46818071603775024,0.7569519281387329,-0.09097565710544586,0.3682786524295807,0.79439377784729,0.1024380475282669,0.368163138628006,0.8121970295906067,-0.06754721701145172,0.2709532380104065,0.8301664590835571,0.12989869713783264,0.267080157995224,0.846960186958313,-0.04923403635621071,0.2518812119960785,0.8233441114425659,0.12921692430973053,0.24624378979206085,0.8436664938926697,-0.0516614206135273,0.27759143710136414,0.8964428305625916,0.08955773711204529,0.2722114324569702,0.9207262396812439,-0.11039306968450546
1781515906.1015675,plank,0.6482760906219482,0.7322393655776978,-0.014489099383354187,0.6560060977935791,0.7184418439865112,-0.006505145691335201,0.6559332609176636,0.715869665145874,-0.00651137437671423,0.6558743715286255,0.7133378982543945,-0.006513785570859909,0.6558939218521118,0.718329131603241,-0.03398888558149338,0.6557296514511108,0.7155625820159912,-0.03398903086781502,0.6556180119514465,0.7127844095230103,-0.03403344005346298,0.6497402787208557,0.6922814249992371,0.045071132481098175,0.6496313214302063,0.6941141486167908,-0.07815750688314438,0.6380689740180969,0.7259461879730225,0.008925965055823326,0.6377810835838318,0.7258515954017639,-0.02715989015996456,0.5928240418434143,0.6828784346580505,0.1488059014081955,0.6020578145980835,0.7073423862457275,-0.135628804564476,0.5964903831481934,0.8048127889633179,0.17351926863193512,0.6018074750900269,0.8423413634300232,-0.13972347974777222,0.649159848690033,0.8085296750068665,0.1407574564218521,0.6605602502822876,0.827239990234375,-0.05239047482609749,0.6657316088676453,0.8046835064888,0.1470252275466919,0.6768205761909485,0.8230947852134705,-0.06635235249996185,0.6664787530899048,0.7992298603057861,0.14747583866119385,0.6750120520591736,0.8115943074226379,-0.060094527900218964,0.6611200571060181,0.7997304201126099,0.13892067968845367,0.6695708632469177,0.8110175132751465,-0.047975875437259674,0.4664083421230316,0.7252058982849121,0.09091944992542267,0.46820884943008423,0.7569860816001892,-0.09088973701000214,0.36824747920036316,0.7943371534347534,0.10381361097097397,0.3681657910346985,0.8121950030326843,-0.06742092221975327,0.27089405059814453,0.829985499382019,0.13263441622257233,0.2669777572154999,0.8469557762145996,-0.04866977408528328,0.2518797218799591,0.8229925632476807,0.1320907026529312,0.24624213576316833,0.843494176864624,-0.05095452070236206,0.2776970863342285,0.8962141871452332,0.09353508800268173,0.2722405195236206,0.9206982254981995,-0.10924997180700302
1781515906.2739277,plank,0.6483339667320251,0.7324321269989014,-0.014257019385695457,0.6560355424880981,0.7186952233314514,-0.006230569910258055,0.6559649109840393,0.7161650657653809,-0.006236858665943146,0.6559111475944519,0.7136849164962769,-0.006239349953830242,0.6559255719184875,0.718510627746582,-0.033746086061000824,0.6557626724243164,0.7157303094863892,-0.03374563902616501,0.6556538343429565,0.7129417657852173,-0.03379090875387192,0.6498324871063232,0.6926878690719604,0.045360106974840164,0.6497111916542053,0.6942410469055176,-0.07795079052448273,0.638133704662323,0.7263199687004089,0.009169371798634529,0.637836217880249,0.7261642217636108,-0.02692468836903572,0.5928013324737549,0.6832641959190369,0.14938636124134064,0.6020943522453308,0.7073935270309448,-0.13557419180870056,0.5964515805244446,0.8050585389137268,0.17396970093250275,0.6017779111862183,0.8423848748207092,-0.13951453566551208,0.6491058468818665,0.8087998032569885,0.14098621904850006,0.6605493426322937,0.8273034691810608,-0.05156069993972778,0.665643572807312,0.8046640753746033,0.14722482860088348,0.6768628358840942,0.8230865597724915,-0.06532463431358337,0.6664299368858337,0.7993143796920776,0.1478770673274994,0.675049901008606,0.81159907579422,-0.05910284072160721,0.6610715389251709,0.7998314499855042,0.13922831416130066,0.6695890426635742,0.8110244870185852,-0.047110382467508316,0.4663829803466797,0.7255401611328125,0.09095931798219681,0.46820276975631714,0.7570274472236633,-0.090929314494133,0.36819911003112793,0.794292688369751,0.1042354553937912,0.3681660592556,0.8122149705886841,-0.0677742287516594,0.2707098126411438,0.8298031091690063,0.1320565640926361,0.26685672998428345,0.8469416499137878,-0.04931914061307907,0.2517225742340088,0.8227513432502747,0.1312905251979828,0.24622809886932373,0.8432928323745728,-0.051635582000017166,0.2777247428894043,0.8960435390472412,0.09154537320137024,0.2722559869289398,0.9206860065460205,-0.11026042699813843
1781515906.4455054,plank,0.6486061215400696,0.7327539920806885,-0.01502442080527544,0.6562464833259583,0.7189798355102539,-0.006898692809045315,0.6561765670776367,0.7164851427078247,-0.006905594374984503,0.6561210751533508,0.7140509486198425,-0.006908209528774023,0.6561271548271179,0.7187341451644897,-0.03453093394637108,0.6559526920318604,0.7159324884414673,-0.0345311239361763,0.6558271050453186,0.7131189107894897,-0.03457484021782875,0.6500117182731628,0.6931743025779724,0.04508009925484657,0.6498636603355408,0.694417417049408,-0.07869148254394531,0.638376772403717,0.7268323302268982,0.00855924654752016,0.6380453705787659,0.7266165614128113,-0.02768748067319393,0.5929279327392578,0.6837178468704224,0.14893758296966553,0.6022635698318481,0.7073661088943481,-0.13609744608402252,0.5965151190757751,0.8057565689086914,0.17255064845085144,0.6017741560935974,0.8423891067504883,-0.14024344086647034,0.6494385004043579,0.8092039227485657,0.13783913850784302,0.6606056690216064,0.8274354934692383,-0.05465194582939148,0.665902316570282,0.8050878047943115,0.1438448578119278,0.677139163017273,0.8233887553215027,-0.0692276805639267,0.6665868759155273,0.7996466755867004,0.14430779218673706,0.6752837896347046,0.8118452429771423,-0.06244673579931259,0.6611766219139099,0.8000706434249878,0.1359700858592987,0.669746994972229,0.8111917972564697,-0.05010458081960678,0.4663572311401367,0.7252296209335327,0.09089347720146179,0.4681975841522217,0.7561888098716736,-0.09086249768733978,0.3682270646095276,0.7942436337471008,0.1046433225274086,0.3681907057762146,0.8121964931488037,-0.06765450537204742,0.27083057165145874,0.8296394944190979,0.1335967779159546,0.2671111822128296,0.8468376398086548,-0.04855204001069069,0.25185245275497437,0.822725772857666,0.13307508826255798,0.24633851647377014,0.8432568907737732,-0.050723809748888016,0.2778199315071106,0.8959510922431946,0.0942591205239296,0.27234482765197754,0.9206860065460205,-0.10897652804851532
1781515906.6347997,plank,0.6484763026237488,0.7328768968582153,-0.013777436688542366,0.6561668515205383,0.7191203832626343,-0.005684408824890852,0.6561046838760376,0.7166234254837036,-0.005691039375960827,0.6560611724853516,0.7141822576522827,-0.0056930542923510075,0.6560372114181519,0.7188754677772522,-0.03313316032290459,0.6558587551116943,0.7160729169845581,-0.0331338569521904,0.6557322144508362,0.7132543921470642,-0.033177800476551056,0.6500006318092346,0.693318247795105,0.045837584882974625,0.6498211026191711,0.6945679783821106,-0.07720652222633362,0.6383101344108582,0.7269105911254883,0.009571999311447144,0.63795006275177,0.7266867756843567,-0.026453113183379173,0.5931058526039124,0.6837625503540039,0.1491696834564209,0.6022620797157288,0.7073784470558167,-0.13481083512306213,0.5966143012046814,0.8057996034622192,0.1723543256521225,0.6017372012138367,0.8424032330513,-0.13776835799217224,0.6496108174324036,0.8092427849769592,0.13785597681999207,0.6605409979820251,0.827470064163208,-0.04838727042078972,0.6659488677978516,0.8050931096076965,0.14382918179035187,0.6770610809326172,0.8233864903450012,-0.061760205775499344,0.6666266918182373,0.7996442317962646,0.14452652633190155,0.6752484440803528,0.8118515014648438,-0.05546470358967781,0.6612452268600464,0.8000600337982178,0.13609352707862854,0.6697284579277039,0.811191976070404,-0.043816737830638885,0.4664002060890198,0.725065290927887,0.09085926413536072,0.468247652053833,0.7561460733413696,-0.09082867205142975,0.36823660135269165,0.794221818447113,0.10449216514825821,0.368274986743927,0.8123008608818054,-0.06776152551174164,0.270810604095459,0.8294171094894409,0.13190819323062897,0.2671622633934021,0.8469848036766052,-0.04983340948820114,0.25179433822631836,0.8225698471069336,0.13110539317131042,0.24633881449699402,0.843305230140686,-0.05214748904109001,0.27800315618515015,0.8956009745597839,0.09294351190328598,0.27246031165122986,0.9210519790649414,-0.10975492000579834
1781515906.8062158,plank,0.6484047174453735,0.7329385280609131,-0.012268546037375927,0.6561219692230225,0.719185471534729,-0.004197019152343273,0.656065046787262,0.7166838049888611,-0.0042025139555335045,0.6560293436050415,0.7142345905303955,-0.004204527009278536,0.6559825539588928,0.7189396619796753,-0.03136317431926727,0.655800461769104,0.7161388993263245,-0.03136374056339264,0.6556735038757324,0.7133208513259888,-0.03140716627240181,0.6500005125999451,0.6934179067611694,0.04685284569859505,0.649792492389679,0.6946574449539185,-0.07492496073246002,0.6382724642753601,0.7269373536109924,0.010841654613614082,0.6378936767578125,0.7267158627510071,-0.024821478873491287,0.593206524848938,0.6839370727539062,0.1493956744670868,0.6022599935531616,0.7073923945426941,-0.13274303078651428,0.5967088937759399,0.8059742450714111,0.1719719022512436,0.6017916202545166,0.8423936367034912,-0.13409067690372467,0.6497402191162109,0.8093129396438599,0.13738557696342468,0.6604771614074707,0.827431321144104,-0.042014747858047485,0.6660027503967285,0.8052986264228821,0.14322444796562195,0.6769591569900513,0.8233726620674133,-0.05463920161128044,0.6666682362556458,0.7997583150863647,0.1441766917705536,0.675212025642395,0.8118534684181213,-0.048759642988443375,0.6613110899925232,0.8001068830490112,0.13569681346416473,0.6697045564651489,0.8111752271652222,-0.03751061111688614,0.4664582312107086,0.7250261306762695,0.09077560156583786,0.4683038294315338,0.7562651634216309,-0.09074374288320541,0.368238240480423,0.7942243814468384,0.104702889919281,0.36827728152275085,0.8123725652694702,-0.06780262291431427,0.27076998353004456,0.8289104104042053,0.13104960322380066,0.26717403531074524,0.8470372557640076,-0.05053328350186348,0.2517796754837036,0.8222870826721191,0.1301036924123764,0.24633578956127167,0.8432961106300354,-0.05292011424899101,0.2781732380390167,0.8949896693229675,0.09274209290742874,0.27252671122550964,0.9212400913238525,-0.11016480624675751
1781515906.9957993,plank,0.6485224962234497,0.7331081628799438,-0.012134870514273643,0.6562058329582214,0.7193779945373535,-0.004031723830848932,0.6561554074287415,0.7168838381767273,-0.004038170911371708,0.6561278700828552,0.714442789554596,-0.004040926229208708,0.6560591459274292,0.7191481590270996,-0.031244877725839615,0.655876636505127,0.7163610458374023,-0.031245145946741104,0.6557489633560181,0.7135506272315979,-0.031288012862205505,0.6501764059066772,0.693662703037262,0.047188904136419296,0.6499291658401489,0.6949304938316345,-0.07475469261407852,0.6383991837501526,0.7271377444267273,0.011025476269423962,0.6380053758621216,0.7269447445869446,-0.024679040536284447,0.593434751033783,0.6839435696601868,0.1498325914144516,0.6022669076919556,0.7074294686317444,-0.1328597217798233,0.5968796014785767,0.8060164451599121,0.17201808094978333,0.6018946766853333,0.8424690365791321,-0.13386467099189758,0.6498249173164368,0.8093369603157043,0.13727572560310364,0.6605093479156494,0.8274345397949219,-0.03909029811620712,0.6660594940185547,0.8053489923477173,0.1430100053548813,0.6769989728927612,0.8233606815338135,-0.05120690539479256,0.6666849851608276,0.7997503280639648,0.1441749632358551,0.6752372980117798,0.8118545413017273,-0.045842237770557404,0.6613391041755676,0.8000754714012146,0.13565973937511444,0.6697345972061157,0.8111627101898193,-0.03470369055867195,0.4666782319545746,0.7249386310577393,0.09080134332180023,0.4684315621852875,0.7561918497085571,-0.09076905995607376,0.36828985810279846,0.7942574620246887,0.10461336374282837,0.3682717978954315,0.8124062418937683,-0.06843839585781097,0.2706209123134613,0.8288584351539612,0.12978620827198029,0.26680877804756165,0.8471052646636963,-0.051943589001894,0.2516997456550598,0.8221876621246338,0.12865373492240906,0.24625129997730255,0.8432836532592773,-0.054393988102674484,0.27859944105148315,0.8947072625160217,0.09073031693696976,0.27297502756118774,0.9212124943733215,-0.11199428141117096
1781515907.1691062,plank,0.6484605073928833,0.7332736253738403,-0.01234596036374569,0.656206488609314,0.7196419835090637,-0.0042322478257119656,0.6561623811721802,0.7171480655670166,-0.0042391326278448105,0.6561445593833923,0.7147042155265808,-0.004242093302309513,0.6560548543930054,0.7194076776504517,-0.031425591558218,0.6558734178543091,0.7166224122047424,-0.031427428126335144,0.6557484269142151,0.7138109803199768,-0.03147000074386597,0.6502360105514526,0.6938912868499756,0.04695170745253563,0.6499632000923157,0.6951204538345337,-0.0749073401093483,0.6383650302886963,0.7272568345069885,0.010782517492771149,0.6379648447036743,0.7270800471305847,-0.024898044764995575,0.5936235785484314,0.683868408203125,0.14934277534484863,0.6022202968597412,0.7074925303459167,-0.13296595215797424,0.5970373749732971,0.8059467077255249,0.17177355289459229,0.601924479007721,0.8425178527832031,-0.13378043472766876,0.649950385093689,0.8093215823173523,0.1371840238571167,0.660531222820282,0.8273833990097046,-0.03879436478018761,0.666164219379425,0.8054014444351196,0.14282792806625366,0.6770371198654175,0.8233550190925598,-0.05081827566027641,0.6667220592498779,0.7997456789016724,0.1441507190465927,0.6752582788467407,0.8118440508842468,-0.045394014567136765,0.661383330821991,0.8000460863113403,0.1356106698513031,0.6697577238082886,0.8111155033111572,-0.03437373787164688,0.4667191505432129,0.7252010107040405,0.09075985848903656,0.4683554768562317,0.7566439509391785,-0.09072856605052948,0.36824122071266174,0.7942385077476501,0.10458098351955414,0.3682539463043213,0.8124554753303528,-0.06853754818439484,0.27059367299079895,0.8288325071334839,0.1291222721338272,0.26652705669403076,0.847315788269043,-0.05211521312594414,0.2516855299472809,0.8222403526306152,0.1279035061597824,0.2461620271205902,0.8433506488800049,-0.05459768697619438,0.27862149477005005,0.8947410583496094,0.09037081897258759,0.2728765606880188,0.9215822219848633,-0.11215947568416595
1781515907.3558762,plank,0.6483877897262573,0.7336558699607849,-0.012352803722023964,0.6561838388442993,0.7202688455581665,-0.004161227028816938,0.6561484336853027,0.7178046107292175,-0.004168021026998758,0.6561414003372192,0.7153693437576294,-0.004171894397586584,0.6560264825820923,0.719990611076355,-0.03140642121434212,0.6558482050895691,0.7172106504440308,-0.03140833228826523,0.6557252407073975,0.7143715023994446,-0.031451135873794556,0.6502647995948792,0.6945175528526306,0.047442298382520676,0.6499690413475037,0.6954469084739685,-0.07478264719247818,0.6383346319198608,0.7275882959365845,0.010820901952683926,0.6379262804985046,0.727360725402832,-0.024906590580940247,0.5937498211860657,0.6840296983718872,0.15019956231117249,0.6021794080734253,0.7073720693588257,-0.13326391577720642,0.5972456932067871,0.8061909079551697,0.17164644598960876,0.6017695665359497,0.842589795589447,-0.13311006128787994,0.6500425934791565,0.8098257184028625,0.1348089873790741,0.6603516936302185,0.8273941278457642,-0.032500360161066055,0.6662335991859436,0.8058825135231018,0.13952761888504028,0.6769182085990906,0.8233498334884644,-0.04335540533065796,0.6667777299880981,0.8000775575637817,0.141556516289711,0.6751664876937866,0.8118470907211304,-0.03866555541753769,0.6614304780960083,0.8003196120262146,0.13330867886543274,0.6696392297744751,0.8111200928688049,-0.028119727969169617,0.4671373963356018,0.725610613822937,0.09146559238433838,0.4685904085636139,0.7575324177742004,-0.09144242107868195,0.3683244287967682,0.7944063544273376,0.104214146733284,0.3683358132839203,0.8125734329223633,-0.07127008587121964,0.2706008553504944,0.8288071751594543,0.12553836405277252,0.26624470949172974,0.8473802208900452,-0.05647420883178711,0.25173884630203247,0.822165846824646,0.12380897998809814,0.2461552917957306,0.8433219790458679,-0.05914594978094101,0.2784884572029114,0.8951821327209473,0.08621489256620407,0.2715499997138977,0.921968400478363,-0.11757336556911469
1781515907.5428956,plank,0.6483787298202515,0.7342047095298767,-0.012343792244791985,0.6561954021453857,0.7207529544830322,-0.004147203639149666,0.6561658978462219,0.718265175819397,-0.004153809510171413,0.6561667919158936,0.7157984375953674,-0.004157668445259333,0.6560376882553101,0.7205113768577576,-0.0313761830329895,0.6558648347854614,0.7177367210388184,-0.03137810900807381,0.6557480096817017,0.7148803472518921,-0.03142118826508522,0.6502905488014221,0.6949324011802673,0.04743292182683945,0.6499853134155273,0.6958783864974976,-0.07468771189451218,0.6383311152458191,0.7280232906341553,0.010823017917573452,0.6379223465919495,0.7278165817260742,-0.02489108219742775,0.5937728881835938,0.684246301651001,0.15009236335754395,0.6021342277526855,0.7079641819000244,-0.13327918946743011,0.5973362922668457,0.8063270449638367,0.17157627642154694,0.6017400622367859,0.8427234888076782,-0.13295289874076843,0.6500779986381531,0.8102213740348816,0.1351366639137268,0.6603223085403442,0.8274146318435669,-0.03366648033261299,0.6662694811820984,0.8063894510269165,0.14007285237312317,0.6769534349441528,0.8233471512794495,-0.044910211116075516,0.6668093204498291,0.8004797101020813,0.141876682639122,0.6751617193222046,0.8118864893913269,-0.03986988216638565,0.661453366279602,0.8006581664085388,0.13359591364860535,0.669603705406189,0.8111506104469299,-0.029234489426016808,0.4671311378479004,0.7261093854904175,0.091407410800457,0.4684904217720032,0.7581977248191833,-0.09138445556163788,0.3682934641838074,0.7943478226661682,0.1046731024980545,0.36827123165130615,0.8128951787948608,-0.07102228701114655,0.27059030532836914,0.8287588953971863,0.12634526193141937,0.26599910855293274,0.8476459980010986,-0.055824924260377884,0.25180113315582275,0.8221006393432617,0.1245594397187233,0.24614198505878448,0.8434454798698425,-0.05840488523244858,0.27857837080955505,0.8953328728675842,0.08810485899448395,0.2709904909133911,0.9222779870033264,-0.11632843315601349
1781515907.716646,plank,0.6483196020126343,0.7347294092178345,-0.01349648553878069,0.6561902165412903,0.7212217450141907,-0.005470450036227703,0.6561633348464966,0.7186475396156311,-0.005475944839417934,0.6561675667762756,0.7161099910736084,-0.005479392595589161,0.6560386419296265,0.7211720943450928,-0.03277271240949631,0.6558718085289001,0.7184475660324097,-0.03277124464511871,0.6557660102844238,0.7156305313110352,-0.03281458094716072,0.6503075361251831,0.6952155828475952,0.04558602720499039,0.6500111818313599,0.6964294910430908,-0.07692400366067886,0.6382853388786316,0.7281859517097473,0.009635651484131813,0.6379070281982422,0.728133499622345,-0.026186149567365646,0.5936458110809326,0.6839738488197327,0.14890921115875244,0.602053165435791,0.7093141078948975,-0.13423612713813782,0.5973385572433472,0.806302547454834,0.17078381776809692,0.6016958951950073,0.8433904647827148,-0.1361205130815506,0.6500794291496277,0.8104603886604309,0.13500787317752838,0.6604584455490112,0.8275086879730225,-0.04101424664258957,0.6662746667861938,0.8067057132720947,0.14033938944339752,0.677374005317688,0.8233895301818848,-0.05320190265774727,0.6668144464492798,0.8007527589797974,0.14208145439624786,0.6754282712936401,0.812025785446167,-0.046506986021995544,0.6614569425582886,0.8009768128395081,0.1334928721189499,0.6697434782981873,0.8113238215446472,-0.036098480224609375,0.46678146719932556,0.7260750532150269,0.09075744450092316,0.46822619438171387,0.758779764175415,-0.09073809534311295,0.36818212270736694,0.7941702008247375,0.10641105473041534,0.36829349398612976,0.8131132125854492,-0.06677516549825668,0.2703271508216858,0.8287980556488037,0.13582682609558105,0.2657005190849304,0.8479973673820496,-0.04543653503060341,0.2516571581363678,0.822746217250824,0.1352287083864212,0.24609926342964172,0.8441151976585388,-0.04731464385986328,0.2790565490722656,0.8954743146896362,0.0978969931602478,0.272466778755188,0.922328770160675,-0.10376928001642227
1781515907.9068563,plank,0.6489078998565674,0.7365615963935852,-0.01000981591641903,0.656863808631897,0.7238529920578003,-0.0016122416127473116,0.6568969488143921,0.7213314771652222,-0.0016175510827451944,0.6569600105285645,0.7187401652336121,-0.0016219267854467034,0.6566727161407471,0.7235127091407776,-0.02871084213256836,0.6565241813659668,0.7207044959068298,-0.02870984934270382,0.6564230918884277,0.717692494392395,-0.028744781389832497,0.6513477563858032,0.6976999640464783,0.04886322468519211,0.6507512331008911,0.6975097060203552,-0.07252851873636246,0.6389177441596985,0.7301626205444336,0.012962577864527702,0.6385345458984375,0.7298580408096313,-0.022799279540777206,0.5954979062080383,0.6839385032653809,0.15094096958637238,0.6027849912643433,0.7092428207397461,-0.1319672018289566,0.5976704955101013,0.8070885539054871,0.16987283527851105,0.6017981171607971,0.8434687852859497,-0.125753253698349,0.650481104850769,0.8105484247207642,0.12656688690185547,0.6604821085929871,0.827661395072937,-0.006258594803512096,0.666607677936554,0.8069152235984802,0.13066434860229492,0.677383542060852,0.8234997391700745,-0.013157866895198822,0.6669052243232727,0.8008336424827576,0.1350514143705368,0.6754278540611267,0.8120878338813782,-0.00932695809751749,0.661512017250061,0.8009861707687378,0.12583476305007935,0.6697406768798828,0.811376690864563,-0.00138443848118186,0.46776190400123596,0.717319905757904,0.09189058840274811,0.46922993659973145,0.748492956161499,-0.09188942611217499,0.37127575278282166,0.7901057600975037,0.11426641047000885,0.37042945623397827,0.8094926476478577,-0.06835195422172546,0.277459055185318,0.8271498084068298,0.14202149212360382,0.2687186896800995,0.8492707014083862,-0.055227648466825485,0.25890737771987915,0.8200701475143433,0.14150598645210266,0.24802346527576447,0.8446590900421143,-0.05784119293093681,0.28486308455467224,0.8974667191505432,0.11045936495065689,0.27479231357574463,0.924326479434967,-0.11329684406518936
1781515908.0670452,plank,0.6478875279426575,0.7416166663169861,-0.036435119807720184,0.6563090085983276,0.7293840050697327,-0.028127621859312057,0.6564337015151978,0.7269192934036255,-0.028161535039544106,0.6565631031990051,0.7242293357849121,-0.028201332315802574,0.656002938747406,0.7287266254425049,-0.05663377046585083,0.6558636426925659,0.7258157730102539,-0.05665900558233261,0.6557614207267761,0.7226448059082031,-0.05667905882000923,0.6509910821914673,0.702856719493866,0.022667760029435158,0.6501222252845764,0.7020065188407898,-0.10467293113470078,0.6383084058761597,0.7356929183006287,-0.013195760548114777,0.6377956867218018,0.7350441217422485,-0.05057809501886368,0.5953466296195984,0.6838810443878174,0.130793035030365,0.6023088693618774,0.7093208432197571,-0.16063205897808075,0.5981633067131042,0.8053452372550964,0.16959244012832642,0.6012863516807556,0.8436112403869629,-0.15211527049541473,0.650671124458313,0.8105619549751282,0.13987033069133759,0.6600885987281799,0.8280164003372192,-0.03661660477519035,0.6669600009918213,0.8072090148925781,0.14860612154006958,0.6771625876426697,0.8240190148353577,-0.04755943641066551,0.6670345067977905,0.8011207580566406,0.14908303320407867,0.6753104329109192,0.812773585319519,-0.03996114432811737,0.6615922451019287,0.8010998964309692,0.1381112039089203,0.6696000099182129,0.811977744102478,-0.031044835224747658,0.4667157232761383,0.7065757513046265,0.09260129183530807,0.46523037552833557,0.7194201946258545,-0.09258879721164703,0.38319113850593567,0.7837572693824768,0.15803077816963196,0.3742395341396332,0.7963487505912781,-0.06962402909994125,0.3005545735359192,0.8209256529808044,0.23718471825122833,0.27357521653175354,0.8462892174720764,-0.0617370679974556,0.28629299998283386,0.8130690455436707,0.24347150325775146,0.2555345296859741,0.8395023941993713,-0.06492164731025696,0.3049081265926361,0.8943461179733276,0.22925491631031036,0.28268659114837646,0.9228302836418152,-0.12038208544254303
1781515908.2546635,plank,0.6402093172073364,0.7449485659599304,-0.11139903217554092,0.6484395265579224,0.7323295474052429,-0.10461272299289703,0.6486554741859436,0.7297929525375366,-0.10466007143259048,0.6488568782806396,0.7269865274429321,-0.10473573207855225,0.6479672193527222,0.7313253879547119,-0.13487040996551514,0.647844672203064,0.7281703352928162,-0.13487458229064941,0.6477846503257751,0.7248013615608215,-0.1348956674337387,0.6434317827224731,0.706010103225708,-0.04677872732281685,0.6429276466369629,0.7051306962966919,-0.18285134434700012,0.6314472556114197,0.739069938659668,-0.08485697954893112,0.6306618452072144,0.7382226586341858,-0.12508735060691833,0.5867078900337219,0.6841573715209961,0.06509048491716385,0.5957759618759155,0.7080219984054565,-0.22372016310691833,0.5942946672439575,0.8032013773918152,0.12147170305252075,0.6012073755264282,0.8434807062149048,-0.24476750195026398,0.6483119130134583,0.8092197775840759,0.10152952373027802,0.6600135564804077,0.8283981084823608,-0.18374931812286377,0.6653887033462524,0.8047060370445251,0.1124841570854187,0.6764106154441833,0.825020432472229,-0.2096901684999466,0.6661754846572876,0.7996744513511658,0.10608583688735962,0.6749876141548157,0.8133944869041443,-0.19706813991069794,0.660889208316803,0.7998532652854919,0.09757789969444275,0.6695420742034912,0.8124246597290039,-0.17896969616413116,0.4694119989871979,0.7045736312866211,0.08666808903217316,0.4558325707912445,0.6886888742446899,-0.08649478852748871,0.5132372379302979,0.8193289041519165,0.11063098907470703,0.37136638164520264,0.7779490947723389,-0.09749303758144379,0.4175995886325836,0.7983934879302979,0.1966480314731598,0.2728152871131897,0.8423606157302856,-0.08432808518409729,0.4015449583530426,0.7773910760879517,0.20509719848632812,0.2537865936756134,0.8361107707023621,-0.08489301800727844,0.41854891180992126,0.8640218377113342,0.19770078361034393,0.2691337466239929,0.9205517172813416,-0.1647089272737503
1781515908.4427462,plank,0.6393594145774841,0.7462109923362732,-0.10446484386920929,0.6477678418159485,0.7335158586502075,-0.09760428220033646,0.647905707359314,0.7306604385375977,-0.09765152633190155,0.6480612754821777,0.7276564836502075,-0.0977313369512558,0.6475130319595337,0.7331539392471313,-0.12779974937438965,0.6474279761314392,0.7301300764083862,-0.1277846097946167,0.6474109888076782,0.7269702553749084,-0.1278042197227478,0.6426378488540649,0.7065553665161133,-0.04070715233683586,0.6423548460006714,0.7069848775863647,-0.17673972249031067,0.6303910613059998,0.7396430969238281,-0.07848523557186127,0.6298461556434631,0.7391349077224731,-0.11862747371196747,0.5853372812271118,0.6836142539978027,0.06887059658765793,0.5946401953697205,0.7067699432373047,-0.22081181406974792,0.5935252904891968,0.8012889623641968,0.1270553469657898,0.6011837124824524,0.8432579040527344,-0.24228382110595703,0.6480945348739624,0.8072863817214966,0.11356286704540253,0.6607103943824768,0.8285128474235535,-0.17166593670845032,0.6651384234428406,0.8029278516769409,0.12191043794155121,0.6768158674240112,0.8263811469078064,-0.19574891030788422,0.6663182377815247,0.7983124852180481,0.11850105226039886,0.6751604080200195,0.8142800331115723,-0.18271586298942566,0.660993218421936,0.7984136939048767,0.11089517921209335,0.6697348356246948,0.8128860592842102,-0.1665392369031906,0.4709603190422058,0.7048866152763367,0.08497238904237747,0.45517364144325256,0.6923413872718811,-0.08481881022453308,0.5289310216903687,0.8266936540603638,0.06267394870519638,0.3713532090187073,0.782116174697876,-0.08903332054615021,0.4380578398704529,0.7997027635574341,0.1511671096086502,0.2728344202041626,0.8437876105308533,-0.03409065306186676,0.42484182119369507,0.782371461391449,0.15894804894924164,0.2535753846168518,0.8350830674171448,-0.030917789787054062,0.42715829610824585,0.8666782975196838,0.1520087867975235,0.2660250663757324,0.9233860373497009,-0.09053066372871399
1781515908.6287413,plank,0.6398395299911499,0.7454940676689148,-0.10519552230834961,0.6483645439147949,0.731673002243042,-0.09856204688549042,0.6484902501106262,0.7288749814033508,-0.09860678762197495,0.6486026644706726,0.7260420322418213,-0.09868359565734863,0.6480483412742615,0.731330931186676,-0.12868942320346832,0.6479266881942749,0.7283507585525513,-0.1286674439907074,0.6478545665740967,0.7253837585449219,-0.12867312133312225,0.6434874534606934,0.7037739157676697,-0.04099609702825546,0.642960250377655,0.7055460810661316,-0.1768488585948944,0.6306915879249573,0.7391355037689209,-0.07905992120504379,0.6301373243331909,0.7386100888252258,-0.11916381120681763,0.5866202712059021,0.6830874681472778,0.06862472742795944,0.5952728986740112,0.7049008011817932,-0.22070562839508057,0.5947275161743164,0.7969849705696106,0.130130797624588,0.6012614965438843,0.8419995903968811,-0.24141868948936462,0.6484670639038086,0.8037198185920715,0.12950743734836578,0.6605924367904663,0.8285233974456787,-0.1680663824081421,0.6651090383529663,0.798341691493988,0.1470029503107071,0.6767957210540771,0.8266375064849854,-0.19145947694778442,0.666456937789917,0.7948392033576965,0.13739484548568726,0.6750206351280212,0.8141943216323853,-0.17976301908493042,0.6612801551818848,0.7954614162445068,0.12568578124046326,0.6695343255996704,0.8127720952033997,-0.1633758842945099,0.4719844460487366,0.7057327032089233,0.08518017828464508,0.4567285180091858,0.6972513198852539,-0.08503969758749008,0.5332309007644653,0.8320282697677612,0.07999087125062943,0.37429964542388916,0.7842146754264832,-0.1082315668463707,0.44003158807754517,0.8066609501838684,0.16100767254829407,0.272678017616272,0.8438068628311157,-0.07421717792749405,0.42667561769485474,0.7866683006286621,0.1730121523141861,0.25325873494148254,0.8341765403747559,-0.07208476960659027,0.4286051392555237,0.8689631819725037,0.17062737047672272,0.26492050290107727,0.9238049983978271,-0.12954506278038025
1781515908.8166401,plank,0.6400666236877441,0.7071126699447632,-0.07828492671251297,0.6478456258773804,0.693792462348938,-0.07100383937358856,0.6477601528167725,0.6915004253387451,-0.07103569805622101,0.6476378440856934,0.6891046166419983,-0.07109318673610687,0.6476958990097046,0.69356769323349,-0.10076464712619781,0.6475597620010376,0.6913398504257202,-0.10074378550052643,0.6474444270133972,0.6891123056411743,-0.10076894611120224,0.6406971216201782,0.67042475938797,-0.014544546604156494,0.6405702233314514,0.6711558103561401,-0.14977648854255676,0.6308001279830933,0.7060352563858032,-0.05354682728648186,0.6303414106369019,0.7050247192382812,-0.09346982091665268,0.5852245688438416,0.675550103187561,0.08705659210681915,0.5946584939956665,0.6925931572914124,-0.20092639327049255,0.5923584699630737,0.7814174890518188,0.15713432431221008,0.6007492542266846,0.8257295489311218,-0.22791297733783722,0.6450693607330322,0.7949221134185791,0.16262175142765045,0.6610690355300903,0.8280394673347473,-0.17530913650989532,0.6629247069358826,0.7905265688896179,0.17750029265880585,0.677844762802124,0.826664924621582,-0.20323829352855682,0.6643564701080322,0.7877734899520874,0.16795000433921814,0.6752048134803772,0.8138760924339294,-0.18943378329277039,0.6589454412460327,0.7894399762153625,0.15800032019615173,0.6695144176483154,0.8121964931488037,-0.1706899106502533,0.47260117530822754,0.7092536091804504,0.08545514196157455,0.45729026198387146,0.7010343074798584,-0.08528776466846466,0.5345195531845093,0.8310425877571106,0.09596654027700424,0.3833928406238556,0.8099254965782166,-0.11982747167348862,0.4402305483818054,0.8127768635749817,0.18842194974422455,0.2755465507507324,0.8436791300773621,-0.07928770035505295,0.4261225759983063,0.8036354184150696,0.19724445044994354,0.25796347856521606,0.8311293125152588,-0.07647568732500076,0.423747718334198,0.868083119392395,0.19604173302650452,0.26488709449768066,0.923407256603241,-0.13198579847812653
1781515908.9911468,plank,0.6394613981246948,0.6738128066062927,-0.05437196418642998,0.6457724571228027,0.6560673117637634,-0.045097846537828445,0.6454085111618042,0.6534867882728577,-0.04513099044561386,0.6450619101524353,0.6507778763771057,-0.04517864063382149,0.645522952079773,0.6550710201263428,-0.0741075724363327,0.6450342535972595,0.6523536443710327,-0.07410483807325363,0.6445609331130981,0.6495637893676758,-0.07414121925830841,0.6370594501495361,0.6356984972953796,0.013734256848692894,0.6361567378044128,0.6338457465171814,-0.11772887408733368,0.6296995878219604,0.6692608594894409,-0.02941933274269104,0.628967821598053,0.6666548252105713,-0.06816237419843674,0.5840369462966919,0.6516815423965454,0.10551061481237411,0.5938454866409302,0.6633816361427307,-0.1729075014591217,0.5919182300567627,0.7526026368141174,0.15783903002738953,0.600487232208252,0.7893220782279968,-0.22368934750556946,0.6402241587638855,0.7938607335090637,0.13066737353801727,0.6601754426956177,0.8271682858467102,-0.20439079403877258,0.6573389172554016,0.7891954779624939,0.13744083046913147,0.6775916814804077,0.8275424242019653,-0.24014845490455627,0.659403920173645,0.7865254878997803,0.11575809866189957,0.675488293170929,0.8155380487442017,-0.22091159224510193,0.6558219790458679,0.7891263961791992,0.11979416757822037,0.6696191430091858,0.8135179877281189,-0.19884678721427917,0.47443780303001404,0.7038877606391907,0.08549690991640091,0.46238023042678833,0.6914135217666626,-0.0853281244635582,0.5320658683776855,0.8315500617027283,0.07147689163684845,0.3982815146446228,0.8190969824790955,-0.13160203397274017,0.43606048822402954,0.8171474933624268,0.16492722928524017,0.28783896565437317,0.8373503684997559,-0.08063863217830658,0.42213907837867737,0.8001044988632202,0.17328719794750214,0.2713344991207123,0.8205691576004028,-0.07506109029054642,0.4170948565006256,0.8618466854095459,0.16666613519191742,0.267265647649765,0.9160612225532532,-0.11946231126785278
1781515909.1479373,plank,0.6367467641830444,0.61879563331604,-0.04150144383311272,0.640018880367279,0.5990273952484131,-0.03127897158265114,0.6392863392829895,0.5968126654624939,-0.03129275143146515,0.6386016607284546,0.5946139693260193,-0.031312402337789536,0.6400468945503235,0.5993126630783081,-0.060233186930418015,0.6393829584121704,0.5975552201271057,-0.06026130169630051,0.6387451887130737,0.5957791805267334,-0.06030145287513733,0.6283767223358154,0.5817825198173523,0.029752278700470924,0.6290832161903381,0.5842751264572144,-0.10102252662181854,0.6271554231643677,0.6203069686889648,-0.015311998315155506,0.6264902949333191,0.619161069393158,-0.05382698029279709,0.5703036785125732,0.6193323135375977,0.12752431631088257,0.5939566493034363,0.620035707950592,-0.162239208817482,0.5670194029808044,0.719891369342804,0.1680513620376587,0.6146343946456909,0.7402858138084412,-0.21268120408058167,0.600873589515686,0.7940129041671753,0.12220147997140884,0.661434531211853,0.8241077661514282,-0.20250165462493896,0.6113250255584717,0.7898576259613037,0.13112176954746246,0.67747563123703,0.8311712741851807,-0.24181239306926727,0.61515873670578,0.7895644307136536,0.09992985427379608,0.67936772108078,0.8215532898902893,-0.21163122355937958,0.6133260726928711,0.7924593687057495,0.10789642482995987,0.6736149191856384,0.8193712830543518,-0.19294744729995728,0.4795454442501068,0.6868078708648682,0.0855729877948761,0.47150006890296936,0.6793264746665955,-0.08544030040502548,0.5324834585189819,0.8270441889762878,0.049613453447818756,0.4355691969394684,0.817795991897583,-0.14848600327968597,0.43954911828041077,0.8155591487884521,0.14045138657093048,0.33696526288986206,0.8137755393981934,-0.05131815746426582,0.43026843667030334,0.79600989818573,0.1472734808921814,0.32034537196159363,0.799017071723938,-0.040769871324300766,0.42108893394470215,0.8585205078125,0.13550516963005066,0.32252368330955505,0.8885800838470459,-0.07762286812067032
1781515909.3357732,plank,0.6151953339576721,0.5615188479423523,0.07332564145326614,0.616488516330719,0.5443459749221802,0.08694129437208176,0.6159054040908813,0.5431825518608093,0.08689994364976883,0.6152260303497314,0.5418640375137329,0.08687929064035416,0.6150957345962524,0.542646050453186,0.06470659375190735,0.6135730743408203,0.5404870510101318,0.06466232240200043,0.611988365650177,0.5381717085838318,0.064613476395607,0.6038717031478882,0.5315791368484497,0.15879079699516296,0.6009763479232788,0.5288821458816528,0.05867306515574455,0.6079217791557312,0.5686677694320679,0.10250456631183624,0.6055300831794739,0.5667657852172852,0.07295449078083038,0.5625511407852173,0.6069112420082092,0.22174569964408875,0.5719801783561707,0.5639667510986328,-0.020625866949558258,0.5656290054321289,0.7013943791389465,0.2453722208738327,0.6123744249343872,0.7013417482376099,-0.09184864908456802,0.5896662473678589,0.7982286214828491,0.21074286103248596,0.6451866626739502,0.7857229709625244,-0.07730934023857117,0.6013621091842651,0.7999296188354492,0.22295281291007996,0.6561776399612427,0.8143231868743896,-0.09847982227802277,0.6044038534164429,0.8037641644477844,0.19752533733844757,0.6565934419631958,0.8118826150894165,-0.07078992575407028,0.6012593507766724,0.8042345643043518,0.1999807506799698,0.650442361831665,0.8047989010810852,-0.06594426929950714,0.4726031720638275,0.6892040371894836,0.06704162061214447,0.4706938862800598,0.6441865563392639,-0.06701329350471497,0.5243338346481323,0.8244388103485107,-0.032108791172504425,0.5539601445198059,0.651861846446991,-0.2829703092575073,0.431171715259552,0.8108406066894531,-0.10695898532867432,0.46817588806152344,0.800902783870697,-0.35521355271339417,0.4231600761413574,0.7997735142707825,-0.11418940871953964,0.45490318536758423,0.799241304397583,-0.3591471314430237,0.4211669862270355,0.8491493463516235,-0.1511801779270172,0.47523218393325806,0.8765949010848999,-0.3959483206272125
1781515909.5077662,plank,0.6050616502761841,0.5486363172531128,0.08098102360963821,0.6068103909492493,0.5312192440032959,0.09243542701005936,0.6063107252120972,0.5302824974060059,0.09237157553434372,0.6057178378105164,0.5292027592658997,0.09232889115810394,0.6055915355682373,0.5291293859481812,0.069731704890728,0.604268491268158,0.5270739793777466,0.06968410313129425,0.6028133630752563,0.5248847007751465,0.06962955743074417,0.5941931009292603,0.5197120308876038,0.1488453894853592,0.5909432172775269,0.5147154331207275,0.046480391174554825,0.5969625115394592,0.5539563894271851,0.10409083217382431,0.59458327293396,0.5512024164199829,0.0742110013961792,0.5542449951171875,0.5706077814102173,0.20967347919940948,0.5659774541854858,0.5485129952430725,-0.029412712901830673,0.548042356967926,0.6873553991317749,0.22118394076824188,0.5942503809928894,0.678219199180603,-0.07734423875808716,0.56158447265625,0.7960243225097656,0.1783040314912796,0.6337615847587585,0.7655186057090759,-0.04546814411878586,0.5825177431106567,0.7944976687431335,0.18770965933799744,0.6466552019119263,0.7950080633163452,-0.06079652160406113,0.5858567953109741,0.8020649552345276,0.1622198224067688,0.6464703679084778,0.7930022478103638,-0.03322559595108032,0.5864062309265137,0.8041901588439941,0.16635999083518982,0.6377067565917969,0.7891402244567871,-0.03384794667363167,0.4667244851589203,0.6883856654167175,0.06756669282913208,0.4701882302761078,0.6429358720779419,-0.06756369769573212,0.5279249548912048,0.8066607117652893,0.014348668977618217,0.5661072134971619,0.6309998631477356,-0.1628987044095993,0.43651920557022095,0.8077521324157715,-0.006188899744302034,0.5049601197242737,0.7851267457008362,-0.24986138939857483,0.42135143280029297,0.7948155999183655,-0.008636800572276115,0.48730263113975525,0.7990899085998535,-0.24199287593364716,0.4305221438407898,0.8520039916038513,-0.03002794459462166,0.5258882641792297,0.8553965091705322,-0.19780796766281128
1781515909.6925275,plank,0.5877715349197388,0.5292503833770752,-0.11325328052043915,0.5917662382125854,0.5155565738677979,-0.09945127367973328,0.5921381711959839,0.5158840417861938,-0.09952997416257858,0.5924345254898071,0.5161861181259155,-0.09960304200649261,0.5888158082962036,0.5104129314422607,-0.12206759303808212,0.5869547128677368,0.507070004940033,-0.12210381031036377,0.5847963094711304,0.5037425756454468,-0.12206397950649261,0.5825624465942383,0.5064189434051514,-0.017738768830895424,0.5730351805686951,0.4932756721973419,-0.11909975111484528,0.5804477334022522,0.5384093523025513,-0.07903343439102173,0.5761905908584595,0.5326647758483887,-0.1085517629981041,0.5438799858093262,0.5492090582847595,0.08862366527318954,0.5448964238166809,0.5254368185997009,-0.17342838644981384,0.5582484006881714,0.6619570255279541,0.11396678537130356,0.5841916799545288,0.6291950345039368,-0.23253293335437775,0.5770277976989746,0.765628457069397,0.04268289729952812,0.6178753972053528,0.7057733535766602,-0.2169073075056076,0.5775588750839233,0.7767912149429321,0.04638912156224251,0.6294592022895813,0.7293566465377808,-0.24505169689655304,0.5934005975723267,0.7609350681304932,0.017444249242544174,0.6282297372817993,0.7300103902816772,-0.22534498572349548,0.587120771408081,0.7623728513717651,0.028416866436600685,0.6232346296310425,0.7256695032119751,-0.20908567309379578,0.4523022770881653,0.6657397150993347,0.07725711911916733,0.45729631185531616,0.6331927180290222,-0.07718665897846222,0.49304643273353577,0.7964407801628113,0.15300104022026062,0.547051727771759,0.629894495010376,-0.18324820697307587,0.4189947247505188,0.8082656264305115,0.2439611703157425,0.5154098868370056,0.7951883673667908,-0.1677909940481186,0.39905011653900146,0.8024809956550598,0.25412070751190186,0.5044382810592651,0.8276976943016052,-0.16391707956790924,0.4257411062717438,0.8641528487205505,0.2333766222000122,0.5514894723892212,0.8427130579948425,-0.19849328696727753
1781515909.8809469,plank,0.5704461932182312,0.47228243947029114,-0.15922819077968597,0.5745805501937866,0.4583951234817505,-0.1384895145893097,0.5754833817481995,0.4593031704425812,-0.13865219056606293,0.5763437747955322,0.46001312136650085,-0.13878384232521057,0.5700663328170776,0.4523982107639313,-0.15385767817497253,0.5674604773521423,0.4491252601146698,-0.15385442972183228,0.5643731951713562,0.4455658495426178,-0.15378861129283905,0.5700868964195251,0.4579707682132721,-0.03288537636399269,0.553601861000061,0.4403572976589203,-0.10482867062091827,0.566014289855957,0.4840497672557831,-0.11827997118234634,0.5600006580352783,0.47589170932769775,-0.13800746202468872,0.5505021810531616,0.543645441532135,0.051036424934864044,0.5106148719787598,0.46270614862442017,-0.15500718355178833,0.5756319761276245,0.6607338190078735,0.008922264911234379,0.5172587633132935,0.5441962480545044,-0.3066696524620056,0.5935230851173401,0.7719520330429077,-0.11586852371692657,0.5683449506759644,0.6309773921966553,-0.42253461480140686,0.5943657159805298,0.7921419739723206,-0.13279691338539124,0.578772783279419,0.6546374559402466,-0.46306324005126953,0.6030634045600891,0.79439377784729,-0.15892814099788666,0.5829449892044067,0.654211163520813,-0.45146602392196655,0.5988666415214539,0.7890458703041077,-0.1299361139535904,0.5797406435012817,0.6475932598114014,-0.4209362864494324,0.45084500312805176,0.6323241591453552,0.0779777392745018,0.43326711654663086,0.5842800140380859,-0.07788043469190598,0.48547929525375366,0.7640435099601746,0.0073514231480658054,0.5206071138381958,0.6194276213645935,-0.29146507382392883,0.39642003178596497,0.8237950801849365,0.01279778778553009,0.512172520160675,0.8032499551773071,-0.3170718550682068,0.3725884258747101,0.8379487991333008,0.011573915369808674,0.5031840205192566,0.842134952545166,-0.3205978274345398,0.42186349630355835,0.8779206275939941,-0.06259103119373322,0.5520797967910767,0.8436601161956787,-0.40246573090553284
1781515910.0376701,plank,0.5538559556007385,0.3738989531993866,-0.2523227035999298,0.5579254627227783,0.3592020273208618,-0.23738113045692444,0.5592036843299866,0.3599640727043152,-0.23751302063465118,0.5604519248008728,0.3606666028499603,-0.23763756453990936,0.5522323846817017,0.35390716791152954,-0.25341758131980896,0.5490466952323914,0.3509747385978699,-0.2534700632095337,0.5453100204467773,0.34787631034851074,-0.25348830223083496,0.5561092495918274,0.3614965081214905,-0.1434304118156433,0.533971905708313,0.3452746868133545,-0.21488669514656067,0.5494241714477539,0.3882293403148651,-0.21394315361976624,0.54131019115448,0.3827017843723297,-0.23470048606395721,0.5452307462692261,0.45331302285194397,-0.022688711062073708,0.48962241411209106,0.38760247826576233,-0.22799399495124817,0.5404111742973328,0.5680825710296631,0.012754125520586967,0.4620078206062317,0.49226051568984985,-0.26601850986480713,0.539647102355957,0.6817517876625061,-0.08573392033576965,0.46301597356796265,0.608206033706665,-0.3143424391746521,0.542805552482605,0.7101476192474365,-0.09675789624452591,0.45871201157569885,0.6424843072891235,-0.3516254723072052,0.541182279586792,0.709753692150116,-0.13502585887908936,0.46999678015708923,0.6437731385231018,-0.3540305197238922,0.5387213230133057,0.6999176740646362,-0.10324118286371231,0.47224801778793335,0.6325077414512634,-0.31583258509635925,0.4536675810813904,0.5586982369422913,0.07092205435037613,0.4271768033504486,0.5377655625343323,-0.07058508694171906,0.4810771048069,0.6954103708267212,0.04409143701195717,0.49798664450645447,0.628790020942688,-0.22570645809173584,0.3991115391254425,0.8069612979888916,0.09129137545824051,0.512535035610199,0.8062624335289001,-0.26532119512557983,0.3815426528453827,0.8381803035736084,0.09116080403327942,0.5035708546638489,0.8496501445770264,-0.2624721825122833,0.42842116951942444,0.8607591986656189,0.006761481519788504,0.552745521068573,0.8331925272941589,-0.3394133448600769
1781515910.2250972,plank,0.5291483998298645,0.31270796060562134,-0.30987268686294556,0.5328155159950256,0.2959882616996765,-0.2947137951850891,0.5341243743896484,0.29612281918525696,-0.2947957217693329,0.5353416800498962,0.2962065041065216,-0.29489433765411377,0.5265001654624939,0.29217860102653503,-0.3082733750343323,0.5228983759880066,0.28951212763786316,-0.30837807059288025,0.5192040205001831,0.28691810369491577,-0.30842655897140503,0.5326834321022034,0.29644280672073364,-0.1967988908290863,0.5106952786445618,0.28561314940452576,-0.25830313563346863,0.5266890525817871,0.32511305809020996,-0.2708333730697632,0.5190187692642212,0.3215930163860321,-0.2889050841331482,0.5289649367332458,0.38502565026283264,-0.06778739392757416,0.47236084938049316,0.33996742963790894,-0.24941179156303406,0.5127521753311157,0.498951256275177,-0.01719760149717331,0.4396653175354004,0.44427788257598877,-0.274929940700531,0.5092927813529968,0.6066429615020752,-0.09837672114372253,0.4108503460884094,0.5453789830207825,-0.3282775282859802,0.5104330778121948,0.6355563402175903,-0.10637770593166351,0.39810389280319214,0.569013237953186,-0.36306625604629517,0.5103327035903931,0.636134684085846,-0.1421893984079361,0.4050740599632263,0.5760148167610168,-0.3728417158126831,0.5078578591346741,0.6269040107727051,-0.11424162238836288,0.4102005958557129,0.5697845816612244,-0.33254408836364746,0.45481938123703003,0.5273116827011108,0.07194435596466064,0.4283599257469177,0.5151207447052002,-0.07170680910348892,0.4829944670200348,0.6496111750602722,0.05981503054499626,0.4859393239021301,0.625443160533905,-0.21340402960777283,0.4566376805305481,0.7992137670516968,0.12639039754867554,0.5090888738632202,0.8157328963279724,-0.24300110340118408,0.44476518034935,0.8312790989875793,0.14553436636924744,0.5043042898178101,0.852773904800415,-0.2508472800254822,0.5023757219314575,0.8380396366119385,0.018501784652471542,0.5491902828216553,0.8350245356559753,-0.3523276746273041
1781515910.395267,plank,0.5080186724662781,0.2685292661190033,-0.20810441672801971,0.509710431098938,0.2557294964790344,-0.19290833175182343,0.5107759237289429,0.2564261853694916,-0.19295454025268555,0.5118041634559631,0.25704437494277954,-0.1930081695318222,0.5045087337493896,0.2522538900375366,-0.21082429587841034,0.5017671585083008,0.2507871985435486,-0.2108888179063797,0.4987088739871979,0.24923278391361237,-0.21091048419475555,0.5071641802787781,0.2593849301338196,-0.10432938486337662,0.48777350783348083,0.2503608167171478,-0.18800045549869537,0.5056921243667603,0.2833903133869171,-0.1723579466342926,0.49865055084228516,0.28002822399139404,-0.19581863284111023,0.5023120641708374,0.35640639066696167,0.0071055693551898,0.45225971937179565,0.3114195466041565,-0.19554489850997925,0.495293527841568,0.4652682840824127,0.0744922086596489,0.4302988648414612,0.4204382300376892,-0.21633604168891907,0.5070619583129883,0.5604478120803833,-0.002772688400000334,0.41479572653770447,0.5231690406799316,-0.2639256417751312,0.5096374750137329,0.5882706046104431,-0.00406602630391717,0.4049016833305359,0.5512468814849854,-0.29597777128219604,0.5104331970214844,0.5893657207489014,-0.037509847432374954,0.41149359941482544,0.5561911463737488,-0.31073927879333496,0.5082317590713501,0.5804998278617859,-0.017217552289366722,0.41545119881629944,0.5486419796943665,-0.2703285813331604,0.4577420651912689,0.5229014158248901,0.07734866440296173,0.43024110794067383,0.5108466148376465,-0.077225461602211,0.4757026731967926,0.6628757119178772,0.05338313430547714,0.4799199104309082,0.6321672797203064,-0.1735697090625763,0.4598081111907959,0.8119677305221558,0.09425650537014008,0.5028184652328491,0.8152148723602295,-0.1829766184091568,0.450763076543808,0.8442758321762085,0.09113667905330658,0.49871888756752014,0.8541513085365295,-0.1894511878490448,0.48998603224754333,0.8364328145980835,0.014791550114750862,0.5445667505264282,0.8291504979133606,-0.27690038084983826
1781515910.5040102,plank,0.48214831948280334,0.25823846459388733,-0.2070494443178177,0.48229923844337463,0.24384638667106628,-0.19199107587337494,0.4831158220767975,0.24413610994815826,-0.1918337047100067,0.48386263847351074,0.24435189366340637,-0.1916542947292328,0.4771503806114197,0.2409733384847641,-0.20893153548240662,0.47406378388404846,0.23951557278633118,-0.2090005874633789,0.47049427032470703,0.23812484741210938,-0.20885209739208221,0.4796678125858307,0.2459169626235962,-0.0884137898683548,0.4597737789154053,0.24006207287311554,-0.1748162806034088,0.4810391366481781,0.27208125591278076,-0.1640363335609436,0.47411784529685974,0.2699648141860962,-0.1892862617969513,0.48532137274742126,0.33879223465919495,0.023255152627825737,0.4320487380027771,0.3007907569408417,-0.18126139044761658,0.4899808466434479,0.44196823239326477,0.07432982325553894,0.42535465955734253,0.40607893466949463,-0.2285752296447754,0.5130933523178101,0.5322305560112,-0.015053887851536274,0.4402443468570709,0.5084631443023682,-0.3120500445365906,0.5163575410842896,0.5601914525032043,-0.029241591691970825,0.4417327046394348,0.5351149439811707,-0.3496072292327881,0.5179063081741333,0.5588498711585999,-0.06360236555337906,0.4488740563392639,0.5290687084197998,-0.3557599186897278,0.5156146287918091,0.5486224889755249,-0.032031647861003876,0.45007190108299255,0.5213713049888611,-0.31515365839004517,0.4575064182281494,0.5144230723381042,0.0765911191701889,0.4267818033695221,0.5038902759552002,-0.07648523151874542,0.46611538529396057,0.6573633551597595,0.050524406135082245,0.47003474831581116,0.6335405707359314,-0.15110307931900024,0.4584190845489502,0.8139955401420593,0.098354272544384,0.4961039423942566,0.8113774061203003,-0.1375715434551239,0.4526246190071106,0.8462148308753967,0.0967903584241867,0.49013179540634155,0.8504855632781982,-0.1428787112236023,0.4838762879371643,0.8375950455665588,0.020044492557644844,0.5254772305488586,0.8257997035980225,-0.2430531084537506
1781515910.7058141,plank,0.4616674482822418,0.25375938415527344,-0.013491587713360786,0.4632205069065094,0.2407209575176239,0.006972291506826878,0.46469148993492126,0.24132542312145233,0.006933939643204212,0.46604079008102417,0.24193210899829865,0.006916018668562174,0.456616073846817,0.23764102160930634,-0.010328296571969986,0.4535159468650818,0.2364710122346878,-0.010344536043703556,0.45065736770629883,0.2356887012720108,-0.01038531307131052,0.46390414237976074,0.24718545377254486,0.09852609038352966,0.44288769364356995,0.24102024734020233,0.01900741085410118,0.4626285135746002,0.2679789364337921,0.02160104736685753,0.4535529613494873,0.2665674686431885,-0.0017951801419258118,0.4709542393684387,0.34179893136024475,0.17219433188438416,0.42265385389328003,0.29901134967803955,-0.03849225491285324,0.48844990134239197,0.43361443281173706,0.19900915026664734,0.4257783889770508,0.388727605342865,-0.14682669937610626,0.5164861083030701,0.5127635598182678,0.1284731924533844,0.4571240544319153,0.4649687111377716,-0.24744828045368195,0.5229530334472656,0.5359291434288025,0.11820001900196075,0.4591341018676758,0.489371120929718,-0.27817243337631226,0.5237127542495728,0.535804033279419,0.09767854958772659,0.46533203125,0.48364588618278503,-0.2767903804779053,0.5209027528762817,0.5287292003631592,0.11747394502162933,0.4667409062385559,0.4776540994644165,-0.24733898043632507,0.4619426727294922,0.5052738785743713,0.07202871143817902,0.43016868829727173,0.4949762225151062,-0.07197960466146469,0.4591691493988037,0.6557837724685669,0.028167802840471268,0.4630294442176819,0.6352719664573669,-0.20753541588783264,0.455677330493927,0.8156708478927612,0.04308202117681503,0.47376376390457153,0.8114662170410156,-0.2526232600212097,0.44780850410461426,0.8466825485229492,0.039324648678302765,0.4669198989868164,0.8481230735778809,-0.2621443271636963,0.4812038540840149,0.8386242985725403,-0.031379975378513336,0.5093660950660706,0.8282091021537781,-0.36742106080055237
1781515910.9078147,plank,0.4498109221458435,0.2588500678539276,-0.042940136045217514,0.4517848491668701,0.24681468307971954,-0.022512342780828476,0.45346903800964355,0.24752119183540344,-0.022536175325512886,0.45497021079063416,0.24821636080741882,-0.022544773295521736,0.44577813148498535,0.24409353733062744,-0.038829050958156586,0.4429457187652588,0.24332931637763977,-0.038842178881168365,0.44011861085891724,0.24286647140979767,-0.038907431066036224,0.4529469609260559,0.25317350029945374,0.073887400329113,0.432253360748291,0.24761229753494263,-0.0011003233958035707,0.45087870955467224,0.27305492758750916,-0.005711870267987251,0.4436399042606354,0.2719760835170746,-0.027814242988824844,0.4629693925380707,0.34311410784721375,0.15877822041511536,0.4139316976070404,0.30138030648231506,-0.0569237656891346,0.4773460924625397,0.44268280267715454,0.1788477599620819,0.42356187105178833,0.38538262248039246,-0.16754032671451569,0.5058691501617432,0.5161854028701782,0.09945468604564667,0.4626648426055908,0.4315420687198639,-0.2678390145301819,0.5138450264930725,0.544228732585907,0.08652632683515549,0.4787866175174713,0.450905442237854,-0.29968851804733276,0.5116055011749268,0.5438732504844666,0.06478040665388107,0.4854349195957184,0.4415203034877777,-0.2952768802642822,0.5086732506752014,0.5334346890449524,0.08753808587789536,0.4811752438545227,0.43684646487236023,-0.26623013615608215,0.46099430322647095,0.5025420188903809,0.07186754047870636,0.4312800467014313,0.4961030185222626,-0.07184519618749619,0.45603054761886597,0.6505817174911499,0.04582156240940094,0.4542962908744812,0.636264443397522,-0.19997549057006836,0.45416736602783203,0.8100802302360535,0.09929178655147552,0.4518865644931793,0.8113997578620911,-0.22279532253742218,0.4471399784088135,0.8425289392471313,0.09925758838653564,0.4448942542076111,0.8473239541053772,-0.2372201681137085,0.4941709637641907,0.830224335193634,0.029020320624113083,0.4899894595146179,0.8288054466247559,-0.316871702671051
1781515911.0945342,plank,0.4486752152442932,0.27149978280067444,0.03837166354060173,0.4481126666069031,0.25964629650115967,0.05526725575327873,0.4486335813999176,0.2598402798175812,0.05525427311658859,0.44912010431289673,0.26000016927719116,0.05525556951761246,0.4439305365085602,0.258048415184021,0.03591446578502655,0.4415871202945709,0.25723278522491455,0.035897791385650635,0.4391065239906311,0.25638866424560547,0.03584079071879387,0.4438338875770569,0.26196998357772827,0.1340145766735077,0.4307251572608948,0.2571752667427063,0.04548470675945282,0.447866290807724,0.2824550271034241,0.0694332867860794,0.4427616000175476,0.28093671798706055,0.04346184432506561,0.44772687554359436,0.3364890515804291,0.2056954801082611,0.41149967908859253,0.30566972494125366,-0.02723919227719307,0.44554561376571655,0.43170037865638733,0.22445401549339294,0.42637723684310913,0.38671305775642395,-0.12384295463562012,0.4514499604701996,0.5159565210342407,0.16608381271362305,0.46921658515930176,0.4324782192707062,-0.18323712050914764,0.4600934386253357,0.5403012037277222,0.15973326563835144,0.4834303855895996,0.4494013488292694,-0.20725739002227783,0.4598246216773987,0.5406000018119812,0.1430942267179489,0.48860031366348267,0.44586071372032166,-0.19723258912563324,0.45674997568130493,0.5325878262519836,0.1555240899324417,0.4841783046722412,0.4411068260669708,-0.17897140979766846,0.4555138945579529,0.5062272548675537,0.0671621710062027,0.42785996198654175,0.4985896646976471,-0.06716473400592804,0.45388132333755493,0.6557618975639343,-0.005214946810156107,0.4354833662509918,0.6532250046730042,-0.12817052006721497,0.4538719654083252,0.8108024001121521,-0.006066358648240566,0.4274124205112457,0.814570963382721,-0.1299406737089157,0.4458214342594147,0.8413248658180237,-0.010764705017209053,0.42236247658729553,0.8468553423881531,-0.13351541757583618,0.4919205605983734,0.8321701884269714,-0.07744759321212769,0.4527699053287506,0.8463157415390015,-0.21677939593791962
1781515911.20298,plank,0.449319452047348,0.2731805741786957,0.01850985176861286,0.44962000846862793,0.2616542875766754,0.03578488528728485,0.45031946897506714,0.26198509335517883,0.0357738621532917,0.4509200155735016,0.2623390555381775,0.035772114992141724,0.44515863060951233,0.2597598731517792,0.016774926334619522,0.4428146779537201,0.2588956952095032,0.016761671751737595,0.44016632437705994,0.2578568160533905,0.016713224351406097,0.44550785422325134,0.26389381289482117,0.11821798980236053,0.43159985542297363,0.25763654708862305,0.03151300549507141,0.4487031400203705,0.2843753397464752,0.05105390399694443,0.44319087266921997,0.2821181118488312,0.025660157203674316,0.44773298501968384,0.33659082651138306,0.19621039927005768,0.41048306226730347,0.30694180727005005,-0.03629820793867111,0.44506311416625977,0.43013399839401245,0.21971216797828674,0.4280516505241394,0.3874977231025696,-0.12240175157785416,0.44926023483276367,0.5147396326065063,0.16200022399425507,0.47313791513442993,0.43461155891418457,-0.17614570260047913,0.45666617155075073,0.5347619652748108,0.15598788857460022,0.48498305678367615,0.45043236017227173,-0.19977308809757233,0.45618218183517456,0.5355926752090454,0.13846924901008606,0.48959288001060486,0.44697368144989014,-0.19128046929836273,0.45245829224586487,0.530605673789978,0.15114012360572815,0.4854157567024231,0.44238418340682983,-0.1721353530883789,0.4546695351600647,0.5085698962211609,0.06641364097595215,0.4271431863307953,0.5010708570480347,-0.06639723479747772,0.4549018442630768,0.6575186848640442,-0.0006146750529296696,0.4344247877597809,0.657854437828064,-0.11977459490299225,0.45321735739707947,0.8112316727638245,0.0034797496628016233,0.4260546565055847,0.8149670958518982,-0.11517062038183212,0.44537267088890076,0.8410186171531677,-0.0007667340105399489,0.42124122381210327,0.8467469811439514,-0.11808820813894272,0.4906075894832611,0.8329245448112488,-0.06549413502216339,0.4506615698337555,0.8456398248672485,-0.19990982115268707
1781515911.3116584,plank,0.44589701294898987,0.27400508522987366,0.0024575754068791866,0.4463025629520416,0.262655109167099,0.018433760851621628,0.4470633566379547,0.26309749484062195,0.01841125637292862,0.44774574041366577,0.2635289430618286,0.018399685621261597,0.44164204597473145,0.26033687591552734,-0.001008983002975583,0.43910011649131775,0.2592015862464905,-0.0010152680333703756,0.43645626306533813,0.2579675018787384,-0.0010545605327934027,0.44218239188194275,0.26529404520988464,0.09415142983198166,0.4276958107948303,0.2582038342952728,0.006379338912665844,0.4445778429508209,0.2850502133369446,0.03208892419934273,0.439136803150177,0.28294631838798523,0.006305265240371227,0.4418943524360657,0.3408660590648651,0.17186865210533142,0.40786513686180115,0.3123604953289032,-0.05805596709251404,0.43957823514938354,0.432709664106369,0.1989450454711914,0.42651787400245667,0.3977671265602112,-0.12814195454120636,0.44653502106666565,0.5178553462028503,0.14478187263011932,0.47338324785232544,0.4468154013156891,-0.16868028044700623,0.4536706805229187,0.5387576818466187,0.1394944041967392,0.48423394560813904,0.4637121856212616,-0.19182536005973816,0.4534222483634949,0.5396267175674438,0.12209032475948334,0.4890442490577698,0.45908308029174805,-0.18459367752075195,0.4494117200374603,0.5330547094345093,0.13427044451236725,0.4853816032409668,0.45368266105651855,-0.1648726910352707,0.4473828375339508,0.511046826839447,0.06688932329416275,0.4190310537815094,0.5033471584320068,-0.06687518209218979,0.4566226005554199,0.6590971946716309,0.005150861106812954,0.4274018704891205,0.6611932516098022,-0.10764612257480621,0.45369967818260193,0.8116135597229004,0.00982811488211155,0.42283931374549866,0.817989706993103,-0.10117971897125244,0.4450260102748871,0.8408978581428528,0.005696828011423349,0.41777998208999634,0.8466624021530151,-0.10375913232564926,0.49105867743492126,0.8328434228897095,-0.055912721902132034,0.45532116293907166,0.8506762981414795,-0.18225014209747314
1781515911.4828658,plank,0.4415404200553894,0.27414706349372864,0.04021085053682327,0.44199204444885254,0.26332002878189087,0.056065239012241364,0.4426099359989166,0.2638697624206543,0.05604221671819687,0.44320908188819885,0.2643962502479553,0.05604048818349838,0.43783092498779297,0.2608003318309784,0.03711686283349991,0.4353712201118469,0.25966477394104004,0.03710297495126724,0.43293601274490356,0.25853556394577026,0.03705746680498123,0.4379045069217682,0.2656856179237366,0.12849532067775726,0.4241708815097809,0.2585362195968628,0.04187563806772232,0.43918219208717346,0.2846199572086334,0.0688033252954483,0.4345122277736664,0.2828976809978485,0.04328456521034241,0.4378560185432434,0.3433539569377899,0.1961773931980133,0.4022139012813568,0.31019410490989685,-0.03036937676370144,0.42770761251449585,0.4371758699417114,0.21361370384693146,0.4128779470920563,0.40135934948921204,-0.10689935833215714,0.4341666102409363,0.524807333946228,0.15817755460739136,0.45786041021347046,0.4588269889354706,-0.15367098152637482,0.43900448083877563,0.5459163188934326,0.1525975465774536,0.4657866358757019,0.4772726595401764,-0.17669430375099182,0.44023457169532776,0.547298789024353,0.13615044951438904,0.4706883430480957,0.47248631715774536,-0.16825315356254578,0.43826451897621155,0.5346072316169739,0.14808279275894165,0.4673250615596771,0.4668768048286438,-0.1495082825422287,0.43884047865867615,0.5105485916137695,0.06722088903188705,0.41022926568984985,0.5024943351745605,-0.06720545887947083,0.4551181197166443,0.6553364396095276,-0.006390559487044811,0.42353540658950806,0.6593233942985535,-0.13436518609523773,0.45454221963882446,0.8131545782089233,-0.011885400861501694,0.42198848724365234,0.8210986852645874,-0.14272677898406982,0.44582194089889526,0.8412740230560303,-0.017012935131788254,0.41916710138320923,0.8475795388221741,-0.1449557989835739,0.4951342046260834,0.8330857753753662,-0.07981012761592865,0.45198312401771545,0.8524429202079773,-0.23289337754249573
1781515911.6566162,plank,0.4399799704551697,0.27184784412384033,-0.013531369157135487,0.4412449896335602,0.2602058947086334,0.004420108627527952,0.4423352777957916,0.2608949542045593,0.004398856777697802,0.443319708108902,0.26161959767341614,0.004386410117149353,0.43580836057662964,0.257950097322464,-0.011485926806926727,0.43316516280174255,0.2571457624435425,-0.011493793688714504,0.4303153157234192,0.25626710057258606,-0.011539546772837639,0.4387187063694,0.26459622383117676,0.09649277478456497,0.4222126603126526,0.2578888237476349,0.014346214942634106,0.43909621238708496,0.2840931713581085,0.022166237235069275,0.43360695242881775,0.2815033197402954,0.0015602826606482267,0.440473735332489,0.3458564877510071,0.17831505835056305,0.3999723792076111,0.3108799457550049,-0.045794274657964706,0.43015366792678833,0.4405214190483093,0.18749122321605682,0.41289347410202026,0.40364333987236023,-0.11916603893041611,0.4340519309043884,0.5286480784416199,0.12667199969291687,0.45691218972206116,0.46275198459625244,-0.1670294851064682,0.43766388297080994,0.550180971622467,0.11802725493907928,0.4642958641052246,0.4807390868663788,-0.19184011220932007,0.43916255235671997,0.5517951250076294,0.09826967120170593,0.4692866802215576,0.4767562747001648,-0.18576791882514954,0.43529820442199707,0.5421338081359863,0.11518009006977081,0.46636515855789185,0.47142350673675537,-0.164123073220253,0.44125670194625854,0.511800229549408,0.06399192661046982,0.40979981422424316,0.5081259608268738,-0.06393115222454071,0.4565424919128418,0.6568084955215454,-0.007976267486810684,0.4216281473636627,0.6616779565811157,-0.11987335979938507,0.45515942573547363,0.8142378926277161,0.005564553663134575,0.42312484979629517,0.8219558000564575,-0.10267752408981323,0.4474949240684509,0.8415068984031677,0.0017512021586298943,0.419322669506073,0.8472597599029541,-0.1054740697145462,0.4940865635871887,0.8339588642120361,-0.06739243865013123,0.442737340927124,0.8557441830635071,-0.19676479697227478
1781515911.7650185,plank,0.4416027069091797,0.2678954303264618,-0.06154622882604599,0.4429992735385895,0.25670039653778076,-0.04544053599238396,0.4441847801208496,0.25738653540611267,-0.045469485223293304,0.44527918100357056,0.25802528858184814,-0.045484211295843124,0.4374426007270813,0.2536162734031677,-0.06150991469621658,0.4348035752773285,0.2524231970310211,-0.06151727959513664,0.43204206228256226,0.2514288127422333,-0.06155964732170105,0.44118720293045044,0.2610417902469635,0.04141334444284439,0.4240768849849701,0.25458765029907227,-0.03144558146595955,0.4407479763031006,0.28116557002067566,-0.02680918201804161,0.43503913283348083,0.27814531326293945,-0.047858111560344696,0.44316139817237854,0.34305474162101746,0.12990166246891022,0.4005959630012512,0.3090471029281616,-0.07480119913816452,0.4310623109340668,0.44177383184432983,0.15154007077217102,0.4134480357170105,0.4041507840156555,-0.12538157403469086,0.43325871229171753,0.5273845791816711,0.09393778443336487,0.45503491163253784,0.4773467481136322,-0.1619633436203003,0.4357548654079437,0.5507257580757141,0.08522547781467438,0.4632028639316559,0.4982592761516571,-0.18687179684638977,0.4368513524532318,0.5515066981315613,0.06334732472896576,0.4682139456272125,0.4910580515861511,-0.1827826201915741,0.4345932602882385,0.5426075458526611,0.08176477253437042,0.46571892499923706,0.4851441979408264,-0.1597069352865219,0.44195079803466797,0.5122112035751343,0.05832449346780777,0.40877264738082886,0.5088516473770142,-0.05822271108627319,0.45678621530532837,0.6566672325134277,-0.014582800678908825,0.4198850989341736,0.6619035601615906,-0.1141393631696701,0.4566970467567444,0.8143730759620667,0.01014112588018179,0.42230039834976196,0.8224775791168213,-0.08874276280403137,0.44896310567855835,0.8414745926856995,0.006833995692431927,0.41901740431785583,0.8472362160682678,-0.0912054106593132,0.49363383650779724,0.8362340927124023,-0.06444256007671356,0.43400606513023376,0.8568434715270996,-0.1860320121049881
1781515911.9370465,plank,0.45999249815940857,0.2691424787044525,-0.11518599838018417,0.4601009786128998,0.2567044198513031,-0.10203056037425995,0.46025627851486206,0.2570449709892273,-0.10204280912876129,0.4602019786834717,0.257373183965683,-0.10204122960567474,0.4564080238342285,0.25436681509017944,-0.12546999752521515,0.453946977853775,0.2531391978263855,-0.12549713253974915,0.45100075006484985,0.2518330216407776,-0.12552136182785034,0.45201048254966736,0.259821355342865,-0.024195615202188492,0.4395575523376465,0.25321775674819946,-0.12999227643013,0.45594996213912964,0.2814486026763916,-0.08294543623924255,0.4525817930698395,0.27974769473075867,-0.11382859945297241,0.44921979308128357,0.3385481834411621,0.07837862521409988,0.41377177834510803,0.30991628766059875,-0.16809993982315063,0.4352545738220215,0.4360079765319824,0.12112019211053848,0.4217219352722168,0.4127896726131439,-0.1915903389453888,0.44124990701675415,0.5237617492675781,0.07268442213535309,0.4535066485404968,0.5111489295959473,-0.20239464938640594,0.4460786283016205,0.5517486333847046,0.06937555223703384,0.46139875054359436,0.5365357995033264,-0.22950145602226257,0.44707179069519043,0.5516117811203003,0.04455842822790146,0.4654160439968109,0.5314143896102905,-0.22802944481372833,0.44455772638320923,0.5393658876419067,0.05957941338419914,0.46342214941978455,0.5235183238983154,-0.20100252330303192,0.442537784576416,0.515585720539093,0.06173541396856308,0.4112630784511566,0.516076922416687,-0.06165698915719986,0.4615946412086487,0.6472606062889099,-0.014606627635657787,0.41820472478866577,0.6637238264083862,-0.1061420664191246,0.4755029082298279,0.8119966983795166,0.023028751835227013,0.41840046644210815,0.8243791460990906,-0.08034451305866241,0.4666670858860016,0.8422068953514099,0.02110201120376587,0.41615763306617737,0.8472306132316589,-0.08384687453508377,0.5152972340583801,0.8317714333534241,-0.051916301250457764,0.43204665184020996,0.8590619564056396,-0.17955966293811798
1781515912.1080234,plank,0.48796695470809937,0.27223682403564453,-0.13394488394260406,0.487969309091568,0.2591794431209564,-0.12513191998004913,0.488023579120636,0.25920313596725464,-0.12513568997383118,0.48804959654808044,0.25916603207588196,-0.12513260543346405,0.48504194617271423,0.25714585185050964,-0.150083988904953,0.48282915353775024,0.25574791431427,-0.15013019740581512,0.4803128242492676,0.25416824221611023,-0.1501844823360443,0.48005762696266174,0.26084697246551514,-0.05923598259687424,0.46903547644615173,0.2545991837978363,-0.17194817960262299,0.4833552837371826,0.28259044885635376,-0.10496841371059418,0.47942209243774414,0.28167104721069336,-0.13794568181037903,0.46945613622665405,0.33306029438972473,0.04186417907476425,0.44121065735816956,0.3095296323299408,-0.2072419673204422,0.4548751413822174,0.4314885437488556,0.09503354132175446,0.43970146775245667,0.41964951157569885,-0.22834298014640808,0.4606603682041168,0.5183215141296387,0.06124942749738693,0.45473727583885193,0.5255752205848694,-0.23301684856414795,0.46516212821006775,0.5508694648742676,0.06152401491999626,0.4594218134880066,0.5543345808982849,-0.25849777460098267,0.46809548139572144,0.550822377204895,0.0371260829269886,0.4644387364387512,0.552255392074585,-0.25941795110702515,0.4666345715522766,0.5390682220458984,0.04904226213693619,0.4639569818973541,0.5425381064414978,-0.23225057125091553,0.4548739790916443,0.5158394575119019,0.06863857805728912,0.42870426177978516,0.5155527591705322,-0.06861473619937897,0.4687097668647766,0.6490672826766968,0.04802815988659859,0.42053499817848206,0.6640493273735046,-0.09390931576490402,0.480203241109848,0.8176150918006897,0.09426159411668777,0.4188236594200134,0.8241362571716309,-0.0472998283803463,0.4711151123046875,0.8469802141189575,0.09384079277515411,0.41504940390586853,0.8468836545944214,-0.04814247041940689,0.520196259021759,0.8393950462341309,0.031244775280356407,0.438231885433197,0.8595687747001648,-0.13765594363212585
1781515912.2646446,plank,0.5071064829826355,0.2610284984111786,-0.12595242261886597,0.5073091983795166,0.24692323803901672,-0.11362550407648087,0.5075453519821167,0.24685020744800568,-0.11364029347896576,0.5076687335968018,0.24671097099781036,-0.11364217102527618,0.5037693381309509,0.2447221726179123,-0.1372312307357788,0.5016065835952759,0.243121936917305,-0.1372651755809784,0.498884916305542,0.24145925045013428,-0.13730309903621674,0.4997183680534363,0.24903477728366852,-0.03734593838453293,0.4850281774997711,0.24249297380447388,-0.14498388767242432,0.5029143691062927,0.27338287234306335,-0.0938747450709343,0.4987010955810547,0.2722121477127075,-0.12494368851184845,0.48939651250839233,0.33318406343460083,0.06737743318080902,0.45510536432266235,0.30034729838371277,-0.18356822431087494,0.4691541790962219,0.4296744465827942,0.11702072620391846,0.44791626930236816,0.41157981753349304,-0.20872700214385986,0.4739100933074951,0.5162845253944397,0.0694221556186676,0.46177244186401367,0.5143171548843384,-0.22437472641468048,0.4766311049461365,0.5486547946929932,0.06629089266061783,0.4631178379058838,0.5439726114273071,-0.251263827085495,0.479947566986084,0.548359751701355,0.04192056134343147,0.4686855673789978,0.5425701141357422,-0.25222358107566833,0.47984346747398376,0.5370796918869019,0.056710291653871536,0.46907225251197815,0.533906102180481,-0.22386305034160614,0.4663066864013672,0.51421719789505,0.0716421902179718,0.43716415762901306,0.5065303444862366,-0.0716102123260498,0.47999826073646545,0.6483511924743652,0.029595162719488144,0.4391147494316101,0.6592899560928345,-0.09879662096500397,0.4823433458805084,0.8173314332962036,0.06389100849628448,0.42062345147132874,0.8138776421546936,-0.05909622460603714,0.4727795720100403,0.8466385006904602,0.06233600899577141,0.41536006331443787,0.8377397060394287,-0.06112184375524521,0.521950900554657,0.8442530035972595,-0.002620020881295204,0.4405328631401062,0.8590278029441833,-0.15221649408340454
1781515912.436791,plank,0.5183924436569214,0.2469058334827423,-0.19851955771446228,0.5195525288581848,0.2346789538860321,-0.1863522082567215,0.5202900171279907,0.2352542281150818,-0.18635575473308563,0.520916223526001,0.23589785397052765,-0.18637165427207947,0.5152057409286499,0.2314775437116623,-0.2071225345134735,0.512629508972168,0.22967131435871124,-0.20718102157115936,0.5097423791885376,0.22783179581165314,-0.20722298324108124,0.5160202383995056,0.23924300074577332,-0.10175736993551254,0.499152272939682,0.2274702936410904,-0.1964171826839447,0.5158113837242126,0.2617379426956177,-0.16293148696422577,0.5105174779891968,0.25938621163368225,-0.19057603180408478,0.5091997981071472,0.33442139625549316,0.009510193020105362,0.4653330445289612,0.2831026315689087,-0.21086382865905762,0.5022066831588745,0.4359208345413208,0.06573337316513062,0.4547427296638489,0.3950764834880829,-0.22614367306232452,0.5158185958862305,0.5248227715492249,0.01102682389318943,0.4687137007713318,0.505222499370575,-0.2468816488981247,0.5186042189598083,0.5519572496414185,0.0028333007358014584,0.4695090651512146,0.5365474224090576,-0.2754823863506317,0.5198313593864441,0.5489805340766907,-0.026387792080640793,0.4766934812068939,0.5340458750724792,-0.2820831537246704,0.5180295705795288,0.5398496985435486,-0.0032098633237183094,0.4782293736934662,0.5281249284744263,-0.2487678825855255,0.48102444410324097,0.4999387860298157,0.0726073756814003,0.44935935735702515,0.48463553190231323,-0.0726277306675911,0.4850841462612152,0.6458924412727356,0.010812602005898952,0.4587215781211853,0.6471792459487915,-0.11571647971868515,0.48157525062561035,0.8154921531677246,0.04262794554233551,0.4486028254032135,0.8141303062438965,-0.07803227752447128,0.47288188338279724,0.844939649105072,0.04065404087305069,0.4445696771144867,0.843506932258606,-0.08216525614261627,0.5186540484428406,0.8443450927734375,-0.03380950912833214,0.46458035707473755,0.8546006679534912,-0.1881222426891327
1781515912.5932071,plank,0.521480917930603,0.2452814131975174,-0.19257596135139465,0.5234440565109253,0.23198463022708893,-0.1779690682888031,0.5244401693344116,0.23277829587459564,-0.17797350883483887,0.5252999067306519,0.23352529108524323,-0.17797692120075226,0.5180186629295349,0.22794920206069946,-0.1989189237356186,0.5151269435882568,0.22617962956428528,-0.19897212088108063,0.5120054483413696,0.22460414469242096,-0.19901885092258453,0.520762026309967,0.23776783049106598,-0.08453282713890076,0.5023186802864075,0.226161390542984,-0.17931577563285828,0.519342839717865,0.2592034339904785,-0.15387459099292755,0.512687623500824,0.25663483142852783,-0.18154330551624298,0.5129215717315674,0.332400918006897,0.03364398330450058,0.4684337079524994,0.2777741253376007,-0.20047211647033691,0.5058637857437134,0.43609344959259033,0.08670645952224731,0.457728773355484,0.38936370611190796,-0.23311762511730194,0.5226770043373108,0.5247576236724854,0.020476678386330605,0.4729739725589752,0.4988228976726532,-0.2758374810218811,0.526449978351593,0.5512262582778931,0.011124810203909874,0.4748271405696869,0.526627242565155,-0.30844658613204956,0.5280643701553345,0.5488638281822205,-0.018004650250077248,0.4817609190940857,0.5224287509918213,-0.3131856918334961,0.5254819393157959,0.5399774312973022,0.005938762333244085,0.4824901223182678,0.5166353583335876,-0.2770948112010956,0.48339247703552246,0.4994867146015167,0.07326262444257736,0.45131224393844604,0.4861392676830292,-0.07324274629354477,0.4852108359336853,0.6445367336273193,0.019731061533093452,0.4691668152809143,0.6419491171836853,-0.13995113968849182,0.4798620641231537,0.8136313557624817,0.05984611436724663,0.4660313129425049,0.8150972127914429,-0.11630846560001373,0.4711170196533203,0.8436036109924316,0.0586681067943573,0.4600980281829834,0.84684157371521,-0.12189851701259613,0.5169013738632202,0.8443778157234192,-0.011958670802414417,0.49866971373558044,0.845302939414978,-0.22953005135059357
1781515912.7637277,plank,0.5253655910491943,0.24436688423156738,-0.1526893824338913,0.5270506143569946,0.23071078956127167,-0.13927572965621948,0.5278407335281372,0.23123550415039062,-0.1393004059791565,0.5285517573356628,0.23176132142543793,-0.13930070400238037,0.5221796035766602,0.22721050679683685,-0.16131755709648132,0.5195961594581604,0.2254161238670349,-0.161357581615448,0.5167680978775024,0.22368836402893066,-0.1614157259464264,0.5228723287582397,0.23433534801006317,-0.054525911808013916,0.5064792633056641,0.22327560186386108,-0.15590928494930267,0.5229383707046509,0.2571808099746704,-0.11742313206195831,0.5171701312065125,0.2544712722301483,-0.1465533822774887,0.5134700536727905,0.3285016715526581,0.05274980142712593,0.4737975001335144,0.27024155855178833,-0.18828217685222626,0.507982611656189,0.4318534731864929,0.08795920014381409,0.4667305052280426,0.3810175061225891,-0.22373700141906738,0.5232871770858765,0.5228961110115051,0.03357677161693573,0.48251405358314514,0.49308526515960693,-0.26923835277557373,0.5268210172653198,0.5478693842887878,0.024655506014823914,0.48554491996765137,0.5223455429077148,-0.3021571636199951,0.5286482572555542,0.5455285906791687,-0.0028256105724722147,0.49154964089393616,0.5173391699790955,-0.3045123815536499,0.5266002416610718,0.5372810959815979,0.019706372171640396,0.491804301738739,0.5097711682319641,-0.26973915100097656,0.48562926054000854,0.49913325905799866,0.07624310255050659,0.45521989464759827,0.4843005836009979,-0.07619930058717728,0.4853607714176178,0.6443700790405273,0.04400666430592537,0.47450336813926697,0.6396167278289795,-0.1645590364933014,0.47930893301963806,0.8132215738296509,0.08433140814304352,0.47135812044143677,0.8157631754875183,-0.16113105416297913,0.470165878534317,0.8423050045967102,0.0832628607749939,0.46353334188461304,0.8481237888336182,-0.16825856268405914,0.5160594582557678,0.8443224430084229,0.01908496767282486,0.5055590271949768,0.8464248776435852,-0.27283018827438354
1781515912.9192142,plank,0.5275248885154724,0.2431594282388687,-0.15855638682842255,0.529440701007843,0.22962068021297455,-0.14390933513641357,0.5304561257362366,0.23036359250545502,-0.1439281404018402,0.531398594379425,0.23112082481384277,-0.1439301073551178,0.5241556763648987,0.2256360948085785,-0.16574124991893768,0.5215440988540649,0.2238156497478485,-0.16578400135040283,0.5186545252799988,0.22207100689411163,-0.16583633422851562,0.5268270373344421,0.23439401388168335,-0.054028429090976715,0.5090013742446899,0.22231672704219818,-0.15003816783428192,0.5254919528961182,0.2562123239040375,-0.12180162966251373,0.5193760395050049,0.2532513737678528,-0.15072207152843475,0.5146068930625916,0.32823482155799866,0.06513461470603943,0.4763289988040924,0.27209365367889404,-0.18772558867931366,0.5060001015663147,0.4280568063259125,0.09886033833026886,0.47075334191322327,0.3824560046195984,-0.22955337166786194,0.517372190952301,0.5140478610992432,0.03005089983344078,0.4871852397918701,0.4972791075706482,-0.2824467122554779,0.5207896828651428,0.5420752167701721,0.02070598676800728,0.49165335297584534,0.525627613067627,-0.31689971685409546,0.5225725173950195,0.5395271182060242,-0.005540447309613228,0.49770545959472656,0.5212481021881104,-0.3194872736930847,0.5203953385353088,0.5282649397850037,0.016285497695207596,0.49683013558387756,0.512489378452301,-0.2832968831062317,0.48355236649513245,0.5000942349433899,0.07799949496984482,0.4534126818180084,0.48530498147010803,-0.07796233892440796,0.48272544145584106,0.6429246664047241,0.04905921220779419,0.474574476480484,0.6401083469390869,-0.19478192925453186,0.4780701994895935,0.8129892349243164,0.09445555508136749,0.4725491404533386,0.8179196715354919,-0.21439819037914276,0.4681077003479004,0.8416427373886108,0.09398636221885681,0.4638102948665619,0.8507535457611084,-0.2238033264875412,0.5141981244087219,0.8424379825592041,0.026985425502061844,0.5108400583267212,0.8470011949539185,-0.33028489351272583
1781515913.0938199,plank,0.5506942272186279,0.2867700457572937,-0.12450315803289413,0.5515627861022949,0.2696395516395569,-0.10916553437709808,0.5511677265167236,0.26921170949935913,-0.10917259752750397,0.550691545009613,0.2687695324420929,-0.10917087644338608,0.5496286153793335,0.26811403036117554,-0.13887736201286316,0.5479187369346619,0.26663079857826233,-0.13894698023796082,0.5459342002868652,0.26492759585380554,-0.13903281092643738,0.5401008725166321,0.2645360827445984,-0.04552271217107773,0.5326931476593018,0.25783178210258484,-0.19268061220645905,0.5430077314376831,0.29792267084121704,-0.07928429543972015,0.5405036211013794,0.2958996593952179,-0.13776728510856628,0.5200838446617126,0.34027132391929626,0.05597546696662903,0.4902574121952057,0.3097553551197052,-0.2429591417312622,0.5036131739616394,0.4410047233104706,0.10001765191555023,0.48389139771461487,0.4265212118625641,-0.27812349796295166,0.5126906037330627,0.5318903923034668,0.04978949576616287,0.49289125204086304,0.5428834557533264,-0.2845662236213684,0.5166048407554626,0.5570196509361267,0.04897623136639595,0.49477052688598633,0.5707006454467773,-0.315532386302948,0.5182986259460449,0.5565688610076904,0.026393968611955643,0.5011134743690491,0.5679985284805298,-0.3161299228668213,0.5162897109985352,0.5471450090408325,0.03713112324476242,0.5006231069564819,0.5584792494773865,-0.2842038869857788,0.4790424406528473,0.5056052207946777,0.08291102945804596,0.4519236981868744,0.49674516916275024,-0.08293759822845459,0.4802517294883728,0.6395043730735779,0.013034912757575512,0.4740176796913147,0.6409533023834229,-0.21656537055969238,0.47249993681907654,0.81186842918396,0.02596602775156498,0.4687376022338867,0.8208342790603638,-0.25220975279808044,0.4618353247642517,0.8412447571754456,0.022156182676553726,0.4602445065975189,0.8541244268417358,-0.2627587914466858,0.5091614723205566,0.8390922546386719,-0.03975624218583107,0.5072855949401855,0.8477107286453247,-0.35774168372154236
1781515913.2016172,plank,0.5631989240646362,0.337325781583786,-0.18529674410820007,0.5659500360488892,0.31999772787094116,-0.17554931342601776,0.5656968951225281,0.3191860616207123,-0.175570547580719,0.5653808116912842,0.3183838427066803,-0.17558731138706207,0.5644444227218628,0.3182719945907593,-0.2078220099210739,0.5630989670753479,0.3162696659564972,-0.2078799456357956,0.5616202354431152,0.31425389647483826,-0.20792491734027863,0.5537258982658386,0.3086581826210022,-0.1173853650689125,0.5489267110824585,0.3045106828212738,-0.2628548741340637,0.5552735924720764,0.34637483954429626,-0.15822041034698486,0.5527111291885376,0.34375378489494324,-0.20205385982990265,0.5220993757247925,0.36719655990600586,-0.01875111274421215,0.5009728670120239,0.349622517824173,-0.3038603365421295,0.5032057166099548,0.4701400399208069,0.02930499240756035,0.49182382225990295,0.4721876382827759,-0.3401201665401459,0.5108035206794739,0.5674483180046082,0.007870657369494438,0.500816822052002,0.585571825504303,-0.32825881242752075,0.5114923119544983,0.5939726829528809,0.00976992305368185,0.5024737119674683,0.6158063411712646,-0.3587037920951843,0.514159083366394,0.584265410900116,-0.009582899510860443,0.506754457950592,0.6133957505226135,-0.35622072219848633,0.5125612616539001,0.5719216465950012,-0.0028046322986483574,0.5062955021858215,0.6011956334114075,-0.32685017585754395,0.47751450538635254,0.5254167914390564,0.08187370002269745,0.4497924745082855,0.5161036252975464,-0.08200357854366302,0.4900692105293274,0.6438999176025391,0.01664566621184349,0.46817460656166077,0.6436215043067932,-0.209842711687088,0.47729402780532837,0.8157892823219299,0.07531090080738068,0.424113929271698,0.8216661810874939,-0.2030879259109497,0.47015032172203064,0.8438661098480225,0.076108917593956,0.41241079568862915,0.8538378477096558,-0.21311333775520325,0.5174800157546997,0.8404226303100586,0.012144066393375397,0.4539254605770111,0.8544718623161316,-0.31679287552833557
1781515913.3725247,plank,0.5798271894454956,0.4515458941459656,-0.1536668986082077,0.5855638980865479,0.43839070200920105,-0.1521124541759491,0.5847742557525635,0.4358613193035126,-0.15205839276313782,0.5839428305625916,0.43278390169143677,-0.15208826959133148,0.5868574976921082,0.43904873728752136,-0.17560233175754547,0.5870203375816345,0.43760058283805847,-0.17565777897834778,0.5871545076370239,0.43606656789779663,-0.17571409046649933,0.5757433176040649,0.41275617480278015,-0.09447793662548065,0.5789840817451477,0.4199090301990509,-0.231530100107193,0.5700996518135071,0.4504406452178955,-0.1296079158782959,0.5711044073104858,0.4502374529838562,-0.16748854517936707,0.5180109739303589,0.42558178305625916,0.004156764131039381,0.5325053334236145,0.4418356716632843,-0.2742205560207367,0.5112290978431702,0.5469819903373718,0.04339563101530075,0.5208361148834229,0.5656331777572632,-0.28818535804748535,0.5241271257400513,0.6483844518661499,0.01451166719198227,0.5484713315963745,0.6865624189376831,-0.26681050658226013,0.5284342765808105,0.6725097894668579,0.017078498378396034,0.5485893487930298,0.7095022797584534,-0.3007566034793854,0.5332792401313782,0.6754437685012817,-0.009507239796221256,0.5593475103378296,0.7119066715240479,-0.2937474548816681,0.5338782072067261,0.669908344745636,0.002410575980320573,0.5521617531776428,0.6990141272544861,-0.2640039920806885,0.4638262689113617,0.5850892663002014,0.08901806175708771,0.45352333784103394,0.5934699773788452,-0.08940564095973969,0.5107321739196777,0.6437365412712097,0.19663751125335693,0.3987694978713989,0.6973313093185425,-0.03690852224826813,0.5225266814231873,0.7887764573097229,0.3320755660533905,0.32214176654815674,0.795642077922821,0.09514239430427551,0.5132797360420227,0.8145664930343628,0.3431268334388733,0.30921265482902527,0.801638126373291,0.10566730797290802,0.5456343293190002,0.8193582892417908,0.31970152258872986,0.34647852182388306,0.8519766330718994,0.045405931770801544
1781515913.5607495,plank,0.5912464261054993,0.5600699186325073,-0.13851085305213928,0.5959641337394714,0.5457603335380554,-0.12887786328792572,0.5953196287155151,0.5428417921066284,-0.1289091259241104,0.5945461988449097,0.5393637418746948,-0.1289096623659134,0.5964363217353821,0.5474711060523987,-0.16434547305107117,0.5961907505989075,0.5462077260017395,-0.16437634825706482,0.5958436727523804,0.5447320938110352,-0.1644074022769928,0.5854111313819885,0.5184423327445984,-0.07053571194410324,0.5864924788475037,0.5263758301734924,-0.22013060748577118,0.5814000964164734,0.5588618516921997,-0.11250859498977661,0.5822547674179077,0.5602915287017822,-0.1604016274213791,0.5239731073379517,0.5176752805709839,0.04053787142038345,0.5430520176887512,0.5401945114135742,-0.2670399844646454,0.5264266133308411,0.6435226202011108,0.05930851027369499,0.5348156690597534,0.6520318984985352,-0.29300156235694885,0.5495647192001343,0.7334246039390564,0.0015194989973679185,0.5814961194992065,0.7766917943954468,-0.28458961844444275,0.5570575594902039,0.7464738488197327,0.0010727200424298644,0.5914258360862732,0.7740615010261536,-0.3289145827293396,0.5634672045707703,0.7461887001991272,-0.03335922956466675,0.5911983251571655,0.7673671245574951,-0.31037113070487976,0.5622217655181885,0.7432483434677124,-0.014376305043697357,0.5847064852714539,0.7607620358467102,-0.2781330347061157,0.4588624835014343,0.6478608250617981,0.09408390522003174,0.4310023784637451,0.64189213514328,-0.09444224834442139,0.5254734754562378,0.6333248615264893,0.13140453398227692,0.39065998792648315,0.6933591365814209,-0.05242817476391792,0.550169050693512,0.7889257073402405,0.21244044601917267,0.28627580404281616,0.7912342548370361,0.05881790071725845,0.5439248085021973,0.8174421787261963,0.21675042808055878,0.29189085960388184,0.8054291605949402,0.06702115386724472,0.5948855876922607,0.8257859945297241,0.17801542580127716,0.3198763132095337,0.8522326350212097,0.009223226457834244
1781515913.746043,plank,0.5944567322731018,0.6075302362442017,-0.17009799182415009,0.6007009744644165,0.5923437476158142,-0.1645875722169876,0.6004914045333862,0.5904162526130676,-0.16464738547801971,0.60015869140625,0.5880993008613586,-0.1646922528743744,0.6001370549201965,0.5914645791053772,-0.19647645950317383,0.5995607376098633,0.5892241597175598,-0.19650916755199432,0.59885174036026,0.586695671081543,-0.19651558995246887,0.589299201965332,0.5675394535064697,-0.10975581407546997,0.5882241129875183,0.5688536167144775,-0.2519870102405548,0.5852693915367126,0.6098520755767822,-0.14480887353420258,0.5843704342842102,0.6084700226783752,-0.18706916272640228,0.5363457798957825,0.5536836981773376,-0.007132863160222769,0.5447016358375549,0.5834563970565796,-0.2951180636882782,0.5599713921546936,0.6635275483131409,0.023831751197576523,0.5764321088790894,0.7061599493026733,-0.3481758236885071,0.586096465587616,0.7499008774757385,-0.05025871470570564,0.6409749984741211,0.7951583862304688,-0.3573210835456848,0.5960466861724854,0.7583563923835754,-0.052817635238170624,0.6632897853851318,0.8080415725708008,-0.4092675745487213,0.5977300405502319,0.7612286806106567,-0.08897499740123749,0.6692964434623718,0.7983561754226685,-0.3853837847709656,0.5951733589172363,0.7607622742652893,-0.06717602163553238,0.6561203002929688,0.7907400131225586,-0.3514423370361328,0.4521943926811218,0.6426444053649902,0.08906113356351852,0.42472511529922485,0.6367072463035583,-0.0893903523683548,0.529170572757721,0.6454420685768127,0.12341243028640747,0.35449904203414917,0.7295233607292175,-0.03318145126104355,0.4928634762763977,0.7984426617622375,0.19844917953014374,0.2723877429962158,0.8152574896812439,0.07113708555698395,0.4752609133720398,0.8342127203941345,0.20166826248168945,0.2577623426914215,0.8150341510772705,0.07797899097204208,0.529420018196106,0.8298683762550354,0.1557360589504242,0.2766212224960327,0.8920620679855347,0.007399459835141897
1781515913.9335234,plank,0.6065977811813354,0.6694034337997437,-0.15930475294589996,0.6133116483688354,0.6541448831558228,-0.14860273897647858,0.6130915880203247,0.6517983675003052,-0.148624449968338,0.6128009557723999,0.6490704417228699,-0.14864042401313782,0.6129773855209351,0.6531444787979126,-0.1810065060853958,0.612560510635376,0.6504696011543274,-0.18102793395519257,0.6120604276657104,0.6474183201789856,-0.18105214834213257,0.604090690612793,0.6305705308914185,-0.07742781192064285,0.6035169363021851,0.6314078569412231,-0.23143915832042694,0.5971747636795044,0.6655687689781189,-0.1291227638721466,0.596606969833374,0.664227306842804,-0.17124341428279877,0.5535193681716919,0.6172014474868774,0.029411140829324722,0.5618041157722473,0.6439469456672668,-0.27479395270347595,0.5695468783378601,0.7379776835441589,0.04599554091691971,0.590408205986023,0.7960365414619446,-0.3351150453090668,0.6249995827674866,0.7946397662162781,-0.04358598217368126,0.6507205367088318,0.8296221494674683,-0.34877321124076843,0.6419548988342285,0.7899706363677979,-0.04779144376516342,0.6689387559890747,0.831635057926178,-0.39837586879730225,0.6412402987480164,0.7978305220603943,-0.0775422751903534,0.6686498522758484,0.8193945288658142,-0.3789788484573364,0.6357281804084778,0.8010496497154236,-0.059285204857587814,0.6616480350494385,0.8182545304298401,-0.344209223985672,0.4463108479976654,0.6646416783332825,0.09378011524677277,0.4284511208534241,0.674036979675293,-0.09382614493370056,0.5362659096717834,0.6812103986740112,0.18572723865509033,0.34820547699928284,0.7664576768875122,-0.08951719850301743,0.4916132390499115,0.8050476312637329,0.2862685024738312,0.2582577168941498,0.8359626531600952,-0.05779678747057915,0.4763978123664856,0.8380638360977173,0.29351410269737244,0.23992924392223358,0.8334373235702515,-0.0581306628882885,0.5263758897781372,0.8421733379364014,0.2780819535255432,0.26700907945632935,0.910739541053772,-0.13122448325157166
1781515914.0901566,plank,0.6175478100776672,0.7075576186180115,-0.13900330662727356,0.6249874234199524,0.6933809518814087,-0.13008694350719452,0.6248230338096619,0.6906076669692993,-0.13009098172187805,0.624661386013031,0.6875959038734436,-0.1300964653491974,0.6250778436660767,0.6937577128410339,-0.1611035168170929,0.6250357627868652,0.6915742754936218,-0.16108913719654083,0.6250650882720947,0.6891574263572693,-0.16111509501934052,0.6176998615264893,0.6690912246704102,-0.060589902102947235,0.6187684535980225,0.6711679697036743,-0.20232728123664856,0.6080111265182495,0.7042340040206909,-0.10934974253177643,0.6083650588989258,0.7042214870452881,-0.15060055255889893,0.5659648180007935,0.6524330377578735,0.059420663863420486,0.5776904225349426,0.6822972297668457,-0.2558044195175171,0.576473593711853,0.7778916358947754,0.08017826825380325,0.591642439365387,0.8352928757667542,-0.301312118768692,0.6348613500595093,0.8062782883644104,0.009908802807331085,0.652623176574707,0.8311792016029358,-0.2728850543498993,0.648383617401123,0.8030291795730591,0.015552597120404243,0.673726499080658,0.8328592777252197,-0.31204885244369507,0.6492133736610413,0.8015580773353577,6.94526606821455e-05,0.6701459884643555,0.8190503716468811,-0.2967618703842163,0.644135594367981,0.8033041954040527,0.0012715861666947603,0.6619341969490051,0.8173075914382935,-0.26851028203964233,0.4496876299381256,0.6690618991851807,0.09550326317548752,0.4384920597076416,0.6927681565284729,-0.09550049155950546,0.545901894569397,0.7182484269142151,0.20877638459205627,0.3572792708873749,0.7887876629829407,-0.11510130017995834,0.49270087480545044,0.8119810223579407,0.3069383502006531,0.25225764513015747,0.8362576961517334,-0.08869649469852448,0.47839170694351196,0.840008556842804,0.31411194801330566,0.23191773891448975,0.8366142511367798,-0.08843560516834259,0.5283858776092529,0.849999725818634,0.3060193359851837,0.265613317489624,0.9133846759796143,-0.15787886083126068
1781515914.2780323,plank,0.6193102598190308,0.7173216342926025,-0.1387251317501068,0.6276185512542725,0.7027422785758972,-0.1305461823940277,0.627476155757904,0.699970006942749,-0.1305471807718277,0.6272779703140259,0.6970497369766235,-0.1305515021085739,0.6276501417160034,0.7038230299949646,-0.16177056729793549,0.6275290250778198,0.7018551826477051,-0.16177794337272644,0.627407968044281,0.6997503638267517,-0.16182181239128113,0.6200723648071289,0.6762633323669434,-0.06388111412525177,0.6205390691757202,0.6817881464958191,-0.20581337809562683,0.6099299192428589,0.7127485275268555,-0.10936876386404037,0.6100669503211975,0.7138019800186157,-0.15115849673748016,0.5692921280860901,0.6539443731307983,0.05683702230453491,0.5806764960289001,0.7050682306289673,-0.25477734208106995,0.5823633670806885,0.7809325456619263,0.09422479569911957,0.5926105976104736,0.8470176458358765,-0.28117746114730835,0.6349396109580994,0.8076210618019104,0.04812820255756378,0.6525801420211792,0.8326736688613892,-0.2285679280757904,0.6550225019454956,0.80671626329422,0.056887008249759674,0.6737103462219238,0.8338914513587952,-0.26212409138679504,0.6558493971824646,0.8024954199790955,0.043733011931180954,0.670563817024231,0.8193461894989014,-0.252137154340744,0.6486636996269226,0.8037081956863403,0.0410178005695343,0.6630357503890991,0.8174835443496704,-0.2252972573041916,0.45135289430618286,0.6652423143386841,0.09744985401630402,0.44241777062416077,0.7012929916381836,-0.09741054475307465,0.5475438833236694,0.6993449926376343,0.22294309735298157,0.35866299271583557,0.7894248962402344,-0.10881204903125763,0.4915946424007416,0.8121098875999451,0.32867828011512756,0.25261828303337097,0.8353524804115295,-0.06780318915843964,0.47686344385147095,0.8357569575309753,0.33750519156455994,0.23217162489891052,0.8358797430992126,-0.06656761467456818,0.5247777104377747,0.8496569991111755,0.34268414974212646,0.26274070143699646,0.9165324568748474,-0.13421818614006042
1781515914.4661038,plank,0.6233640909194946,0.716706395149231,-0.037279970943927765,0.6311967968940735,0.7028032541275024,-0.02941259741783142,0.6311836838722229,0.7003843784332275,-0.029438529163599014,0.6311442852020264,0.697871208190918,-0.02945702150464058,0.6309719085693359,0.7032687067985535,-0.06298873573541641,0.6308335065841675,0.7011770606040955,-0.06301020085811615,0.6307212114334106,0.6990359425544739,-0.06308585405349731,0.6238671541213989,0.6748713254928589,0.022586602717638016,0.6243048310279846,0.6814379096031189,-0.12835060060024261,0.6142632961273193,0.7137475609779358,-0.01296338438987732,0.6139158010482788,0.7141731381416321,-0.05737213417887688,0.56928950548172,0.6562103033065796,0.13342365622520447,0.5807665586471558,0.6989157199859619,-0.1912584900856018,0.583266019821167,0.7765960693359375,0.17275574803352356,0.5931122303009033,0.8429585099220276,-0.20235025882720947,0.6360958218574524,0.8023261427879333,0.1445142924785614,0.6526094079017639,0.8328195214271545,-0.12570342421531677,0.6523116230964661,0.7986502647399902,0.1577593982219696,0.6734358072280884,0.8329579830169678,-0.1505897343158722,0.6558114290237427,0.7970215082168579,0.14756587147712708,0.6712307929992676,0.8201450705528259,-0.13661743700504303,0.6496663093566895,0.7991899251937866,0.13871851563453674,0.663352906703949,0.8180931806564331,-0.11955078691244125,0.44928106665611267,0.653958797454834,0.10196057707071304,0.44453564286231995,0.6838122606277466,-0.10181953758001328,0.43637967109680176,0.7562631964683533,0.204815074801445,0.3610582649707794,0.7879583835601807,-0.0959799662232399,0.3811458647251129,0.7914901971817017,0.29508987069129944,0.25432172417640686,0.8444836139678955,-0.0882095918059349,0.34754225611686707,0.8188251256942749,0.3000381886959076,0.23110011219978333,0.8389261960983276,-0.09122197329998016,0.38723617792129517,0.8435434699058533,0.28590741753578186,0.2641201913356781,0.9224069118499756,-0.15417315065860748
1781515914.638903,plank,0.6249410510063171,0.7239800095558167,-0.002386669162660837,0.6321960091590881,0.7091336846351624,0.00440616812556982,0.6320263147354126,0.7066859006881714,0.0044198231771588326,0.6318166255950928,0.704267144203186,0.004459723364561796,0.6322746276855469,0.7101330161094666,-0.0258458461612463,0.6322187781333923,0.7084030508995056,-0.025866776704788208,0.6321947574615479,0.7067375779151917,-0.025888439267873764,0.6236797571182251,0.6829245090484619,0.05137687921524048,0.6252351999282837,0.6909610629081726,-0.08579210937023163,0.6158015727996826,0.7205315232276917,0.021056726574897766,0.6155453324317932,0.722053587436676,-0.01937485858798027,0.5673428773880005,0.6678813099861145,0.1475035846233368,0.582851767539978,0.7127960920333862,-0.13391688466072083,0.5795425176620483,0.778993546962738,0.21218566596508026,0.591565728187561,0.8446130752563477,-0.14314305782318115,0.638585090637207,0.7991332411766052,0.22285374999046326,0.6512666940689087,0.832555890083313,-0.07632502168416977,0.652841329574585,0.7970082759857178,0.24065187573432922,0.671710729598999,0.8342158794403076,-0.09603753685951233,0.655058741569519,0.794873058795929,0.23205459117889404,0.6693402528762817,0.8197662234306335,-0.08332745730876923,0.6496989727020264,0.795896589756012,0.22013497352600098,0.6610376238822937,0.816801130771637,-0.06984100490808487,0.44477200508117676,0.6676142811775208,0.09826282411813736,0.44700321555137634,0.718967616558075,-0.09832555055618286,0.36677148938179016,0.7729299664497375,0.21005785465240479,0.3620876371860504,0.8054739832878113,-0.0685277134180069,0.2719212770462036,0.7822478413581848,0.3270071744918823,0.2543531358242035,0.8587164282798767,-0.055040668696165085,0.2526821494102478,0.787047803401947,0.33582234382629395,0.2335658073425293,0.8475426435470581,-0.05677959322929382,0.2744140028953552,0.8585919737815857,0.3232463300228119,0.2634022533893585,0.9219990968704224,-0.08458133041858673
1781515914.750245,plank,0.6245580911636353,0.7240835428237915,0.01511227898299694,0.63193279504776,0.7088702321052551,0.021502356976270676,0.6317155957221985,0.7062286734580994,0.021513881161808968,0.6314564347267151,0.7034664154052734,0.02154671959578991,0.6320833563804626,0.7102663516998291,-0.008354873396456242,0.6320240497589111,0.708620011806488,-0.008376000449061394,0.6319905519485474,0.7069578170776367,-0.008402449078857899,0.6231712102890015,0.681896448135376,0.06497437506914139,0.6247778534889221,0.6908701658248901,-0.07031437009572983,0.6152433156967163,0.7210499048233032,0.037131525576114655,0.6150866746902466,0.722777247428894,-0.0027704155072569847,0.5662115812301636,0.6704089641571045,0.15714581310749054,0.5822137594223022,0.714499831199646,-0.12004765123128891,0.5779050588607788,0.7805964946746826,0.21599861979484558,0.5916904211044312,0.8454234004020691,-0.12349321693181992,0.6392049789428711,0.7983354926109314,0.22747492790222168,0.6515012979507446,0.831663191318512,-0.050211239606142044,0.6522902250289917,0.7962313890457153,0.24527259171009064,0.6706603765487671,0.8329395651817322,-0.06700517237186432,0.6542261242866516,0.7939942479133606,0.23911435902118683,0.6680582165718079,0.8178755640983582,-0.05618830770254135,0.6493641138076782,0.795069694519043,0.22570404410362244,0.6600508689880371,0.8150877952575684,-0.044155918061733246,0.4433029294013977,0.6727485060691833,0.09710485488176346,0.4468507766723633,0.7222605347633362,-0.09723591804504395,0.3626173436641693,0.7744070887565613,0.20165884494781494,0.36164143681526184,0.8093034625053406,-0.07505679130554199,0.26922765374183655,0.7964117527008057,0.3142450153827667,0.25303661823272705,0.8608222007751465,-0.08215459436178207,0.24946121871471405,0.7954208254814148,0.3216148912906647,0.23185379803180695,0.848706841468811,-0.08502989262342453,0.2720637917518616,0.8701967000961304,0.3070959448814392,0.26273423433303833,0.9229292869567871,-0.11953594535589218
1781515914.9361534,plank,0.626006007194519,0.7296932935714722,-0.004686729982495308,0.6334593892097473,0.7136273980140686,0.0025802874006330967,0.6331673264503479,0.7108421325683594,0.002593491692095995,0.6328306198120117,0.7080240249633789,0.0026254551485180855,0.6335986852645874,0.7149105668067932,-0.027692249044775963,0.6334843039512634,0.7129908204078674,-0.02771402895450592,0.6333736181259155,0.711118221282959,-0.027748137712478638,0.6243852376937866,0.6863424181938171,0.052972931414842606,0.6256946325302124,0.6937106847763062,-0.08384785056114197,0.6164782643318176,0.7255210876464844,0.019371623173356056,0.6164344549179077,0.7271457314491272,-0.02069016918540001,0.5678746104240417,0.6852174401283264,0.1519380360841751,0.5832040905952454,0.7172682285308838,-0.13417787849903107,0.5802446007728577,0.7930906414985657,0.20719246566295624,0.5916087627410889,0.8435373902320862,-0.14775247871875763,0.637795090675354,0.8034960627555847,0.20095200836658478,0.651519238948822,0.8325222730636597,-0.08441964536905289,0.6527987718582153,0.8035563230514526,0.21293401718139648,0.6723983883857727,0.8332915306091309,-0.1049003005027771,0.6549921631813049,0.7995609045028687,0.20608286559581757,0.6694963574409485,0.8182182312011719,-0.09552252292633057,0.6495617032051086,0.7997931838035583,0.19748176634311676,0.6610532402992249,0.81596839427948,-0.07945428043603897,0.4431806206703186,0.7155135869979858,0.09564490616321564,0.4465444087982178,0.7518569231033325,-0.09564921259880066,0.3582392632961273,0.809312105178833,0.11418571323156357,0.3573746979236603,0.8278345465660095,-0.07199518382549286,0.2589314877986908,0.8312231302261353,0.1527947038412094,0.24751389026641846,0.8607344031333923,-0.03248610720038414,0.23933076858520508,0.8231443762779236,0.15493619441986084,0.22822098433971405,0.8525635600090027,-0.03434599190950394,0.26786091923713684,0.8998557925224304,0.1286209225654602,0.26137039065361023,0.9230842590332031,-0.0906037986278534
1781515915.1238818,plank,0.6293118596076965,0.7213871479034424,-0.00046122580533847213,0.6358072757720947,0.7045853734016418,0.005760302301496267,0.6352867484092712,0.7017452716827393,0.00577974459156394,0.6347209215164185,0.6987613439559937,0.00580280227586627,0.6361183524131775,0.7060398459434509,-0.022055068984627724,0.6358977556228638,0.7042866349220276,-0.022061815485358238,0.6356890797615051,0.7025759220123291,-0.022097337990999222,0.6256877183914185,0.6799531579017639,0.05116724222898483,0.6270491480827332,0.6870011687278748,-0.07491356879472733,0.6190210580825806,0.7184442281723022,0.021201733499765396,0.6192668080329895,0.7203393578529358,-0.015784015879034996,0.5675734281539917,0.6890149116516113,0.14426004886627197,0.5832442045211792,0.7238727807998657,-0.12593351304531097,0.5792526602745056,0.7931725382804871,0.1993185579776764,0.5917247533798218,0.8463719487190247,-0.14505548775196075,0.635245680809021,0.8019505143165588,0.20622345805168152,0.65155029296875,0.8322597146034241,-0.10374947637319565,0.6518896222114563,0.8005503416061401,0.21991217136383057,0.6702778935432434,0.830333948135376,-0.12573988735675812,0.6547013521194458,0.7965863347053528,0.21243281662464142,0.6680464744567871,0.8158110976219177,-0.11520130932331085,0.649010419845581,0.7972856163978577,0.20292839407920837,0.660388708114624,0.814176082611084,-0.0990758091211319,0.4430580735206604,0.747697114944458,0.08608044683933258,0.4460504949092865,0.7868409752845764,-0.08604152500629425,0.35811418294906616,0.8163880109786987,0.10600604116916656,0.35378310084342957,0.8413304090499878,-0.07043157517910004,0.25920119881629944,0.8371734619140625,0.14073599874973297,0.24863684177398682,0.8583390116691589,-0.048825714737176895,0.23916545510292053,0.8282706141471863,0.1424531191587448,0.227263405919075,0.8512711524963379,-0.050650596618652344,0.27098754048347473,0.8991869688034058,0.11847927421331406,0.26261818408966064,0.9211919903755188,-0.09405721724033356
1781515915.2814558,plank,0.6286008954048157,0.7211076617240906,-0.011173552833497524,0.6357513666152954,0.7048823237419128,-0.0041939993388950825,0.6353394985198975,0.7021673321723938,-0.004181279335170984,0.6349023580551147,0.6991907954216003,-0.0041625103913247585,0.6358543634414673,0.7056282758712769,-0.03281610459089279,0.6355730295181274,0.7036016583442688,-0.03282422199845314,0.6353172063827515,0.7015501856803894,-0.03286350518465042,0.6261656880378723,0.6802867650985718,0.04508025944232941,0.6265292167663574,0.685452401638031,-0.08449765294790268,0.6186879277229309,0.7189694046974182,0.01200258731842041,0.6187185049057007,0.7195577025413513,-0.02595585212111473,0.5681792497634888,0.690463125705719,0.14143338799476624,0.5821476578712463,0.7187602519989014,-0.13581642508506775,0.5803793668746948,0.8032575845718384,0.20110194385051727,0.5912911891937256,0.844391942024231,-0.15761832892894745,0.6365954279899597,0.8059223890304565,0.1811423897743225,0.6509572267532349,0.8307238817214966,-0.1135396957397461,0.6548348665237427,0.804410457611084,0.188167542219162,0.6689067482948303,0.8294034600257874,-0.13683739304542542,0.65601646900177,0.7986741662025452,0.1864110678434372,0.6668587923049927,0.8152658343315125,-0.1262628436088562,0.6495094895362854,0.798758864402771,0.17915327847003937,0.6596707105636597,0.8134388327598572,-0.10864266008138657,0.44386202096939087,0.7572857141494751,0.08589249104261398,0.44673603773117065,0.798419713973999,-0.08588792383670807,0.35268884897232056,0.8216341733932495,0.11182918399572372,0.3496449887752533,0.8455992937088013,-0.060347456485033035,0.255951464176178,0.8422877788543701,0.1609189808368683,0.2503608465194702,0.8629904985427856,-0.029154548421502113,0.23683544993400574,0.834516167640686,0.16371247172355652,0.2302146852016449,0.8535861372947693,-0.02912347950041294,0.26539984345436096,0.898618757724762,0.13489410281181335,0.2623843550682068,0.9207127690315247,-0.07823597639799118
1781515915.4350338,plank,0.628952145576477,0.7329515218734741,-0.01755150593817234,0.6363097429275513,0.7193260788917542,-0.009941376745700836,0.6361567378044128,0.71694016456604,-0.00993162952363491,0.6359602212905884,0.7142900824546814,-0.009915897622704506,0.6360588073730469,0.7188136577606201,-0.03879465535283089,0.6357463598251343,0.7162240147590637,-0.03880589082837105,0.6354218125343323,0.7135071754455566,-0.03884739801287651,0.6280797123908997,0.6922183632850647,0.041992709040641785,0.627657413482666,0.6963114142417908,-0.08766132593154907,0.6194330453872681,0.7301246523857117,0.006408064626157284,0.6191489100456238,0.7294415831565857,-0.03173314407467842,0.5695886015892029,0.6918268203735352,0.1409706473350525,0.5814339518547058,0.7178803086280823,-0.13987384736537933,0.5835303068161011,0.8109219074249268,0.188023179769516,0.5914595723152161,0.8449203372001648,-0.16011016070842743,0.6412798762321472,0.8101539015769958,0.1560623049736023,0.6516348719596863,0.829978346824646,-0.10398413240909576,0.6592636704444885,0.8087465763092041,0.16223087906837463,0.6684734225273132,0.8291983008384705,-0.12407279014587402,0.6600256562232971,0.8027188777923584,0.15862080454826355,0.6666237711906433,0.8152836561203003,-0.11520173400640488,0.653718888759613,0.8015058040618896,0.1528349220752716,0.6603764891624451,0.813118577003479,-0.09937385469675064,0.4440785348415375,0.7588736414909363,0.08596868813037872,0.44701075553894043,0.8000285625457764,-0.0859641507267952,0.3533019423484802,0.8201315999031067,0.10831506550312042,0.3499772250652313,0.8460296392440796,-0.06130412966012955,0.2522900700569153,0.8374950885772705,0.15050479769706726,0.2490951269865036,0.8624907732009888,-0.030370984226465225,0.23342129588127136,0.832593560218811,0.1517077535390854,0.2296142578125,0.8550533056259155,-0.029526013880968094,0.26648062467575073,0.8990973830223083,0.11460914462804794,0.2632451057434082,0.9200893640518188,-0.08464857935905457
1781515915.6066778,plank,0.6288653612136841,0.7352544069290161,-0.020057139918208122,0.636333167552948,0.7217629551887512,-0.012066492810845375,0.6362415552139282,0.719268262386322,-0.012060979381203651,0.6361132264137268,0.716482400894165,-0.012051818892359734,0.636059045791626,0.7217794060707092,-0.040816016495227814,0.635769248008728,0.7193984389305115,-0.04082661122083664,0.6354572176933289,0.7167814373970032,-0.040878769010305405,0.6285186409950256,0.6940807700157166,0.0406850203871727,0.6279605627059937,0.6988279819488525,-0.08865587413311005,0.6192050576210022,0.7314409017562866,0.004171596374362707,0.618876039981842,0.7311451435089111,-0.03358413651585579,0.57114177942276,0.6912149786949158,0.13928189873695374,0.5811447501182556,0.7181946039199829,-0.14279934763908386,0.5861715078353882,0.8104420900344849,0.18034552037715912,0.5913506746292114,0.8455347418785095,-0.16590051352977753,0.6432987451553345,0.8109025955200195,0.14915265142917633,0.6521719098091125,0.829619824886322,-0.1122777909040451,0.660433292388916,0.8100467324256897,0.1561260223388672,0.6682360172271729,0.8288629055023193,-0.13325172662734985,0.6609650254249573,0.8039300441741943,0.15032970905303955,0.6664641499519348,0.8150799870491028,-0.12432785332202911,0.6549611687660217,0.8024061322212219,0.14503113925457,0.6606879234313965,0.812896192073822,-0.10776233673095703,0.44455718994140625,0.7572287917137146,0.08717929571866989,0.44737449288368225,0.7960663437843323,-0.08716756850481033,0.35576650500297546,0.8197593688964844,0.1131734699010849,0.3509688079357147,0.8431447148323059,-0.06440963596105576,0.256825715303421,0.8372870683670044,0.16033822298049927,0.24957099556922913,0.8620997667312622,-0.03569411858916283,0.23571789264678955,0.8328964114189148,0.16245073080062866,0.2293076515197754,0.8547956943511963,-0.035423289984464645,0.2691458463668823,0.9001502990722656,0.13033726811408997,0.26366591453552246,0.9197176694869995,-0.09052301943302155
1781515915.7934856,plank,0.6290059089660645,0.7379228472709656,-0.02291305549442768,0.636561930179596,0.7245579957962036,-0.014839166775345802,0.6365072727203369,0.7221235632896423,-0.014836905524134636,0.636431097984314,0.7195161581039429,-0.014831645414233208,0.6363322138786316,0.7245051860809326,-0.04394029825925827,0.6360950469970703,0.7220832109451294,-0.04395216330885887,0.6358358263969421,0.7195101976394653,-0.04400765150785446,0.6293797492980957,0.6968343257904053,0.0379522480070591,0.6287142038345337,0.7010068893432617,-0.09291905909776688,0.6191628575325012,0.7335900068283081,0.0014121118001639843,0.6188573837280273,0.7332538366317749,-0.036790721118450165,0.5717463493347168,0.6914287209510803,0.13932731747627258,0.5810033679008484,0.7185029983520508,-0.14837685227394104,0.5865413546562195,0.8104533553123474,0.17924252152442932,0.5912512540817261,0.8462619185447693,-0.17152316868305206,0.6429251432418823,0.8106175661087036,0.14648301899433136,0.6523579955101013,0.8294386863708496,-0.11021342128515244,0.6598741412162781,0.8100231885910034,0.15295691788196564,0.668141782283783,0.8286663293838501,-0.13037291169166565,0.6606413125991821,0.804045557975769,0.14736327528953552,0.6663488149642944,0.8149089217185974,-0.12103037536144257,0.6547632217407227,0.8024605512619019,0.14213977754116058,0.660751461982727,0.8127315044403076,-0.10538098961114883,0.4452303349971771,0.7564293742179871,0.08884543925523758,0.4482438564300537,0.7922232747077942,-0.08882801234722137,0.35567766427993774,0.8192183375358582,0.11622555553913116,0.3512455224990845,0.8408779501914978,-0.06483030319213867,0.2576262950897217,0.837856650352478,0.16339802742004395,0.24999189376831055,0.8614128232002258,-0.037411898374557495,0.2357817441225052,0.8335408568382263,0.1653372198343277,0.22922225296497345,0.8542512655258179,-0.037769366055727005,0.2689135670661926,0.9008431434631348,0.1329067498445511,0.2635651230812073,0.9196234941482544,-0.092832550406456
1781515915.9494925,plank,0.6291736960411072,0.7385227680206299,-0.01942545548081398,0.6367204785346985,0.7251127362251282,-0.011747361160814762,0.6366703510284424,0.7226990461349487,-0.011744929477572441,0.6365918517112732,0.7201682329177856,-0.0117407301440835,0.6365117430686951,0.725200891494751,-0.04046972841024399,0.63630211353302,0.7228426337242126,-0.04047950357198715,0.6360667943954468,0.7203347086906433,-0.04052948206663132,0.6297193765640259,0.6983051896095276,0.039118386805057526,0.6292073726654053,0.7022062540054321,-0.09049363434314728,0.6193159222602844,0.7340852618217468,0.004150524735450745,0.6190130114555359,0.7339881658554077,-0.03368007391691208,0.5718215107917786,0.6916821599006653,0.14061693847179413,0.5810372829437256,0.7183598279953003,-0.14552567899227142,0.5861581563949585,0.8089981079101562,0.17960281670093536,0.5911839604377747,0.8470430374145508,-0.1689739227294922,0.6422293782234192,0.8108106255531311,0.14803841710090637,0.6529170274734497,0.830292820930481,-0.11067404597997665,0.6593647003173828,0.8099884986877441,0.15542009472846985,0.6691831350326538,0.8289405107498169,-0.13121739029884338,0.6603239178657532,0.8044725060462952,0.14980021119117737,0.6671470403671265,0.8155392408370972,-0.12250802665948868,0.6544467210769653,0.8030166625976562,0.14382418990135193,0.6614659428596497,0.8135769367218018,-0.10607044398784637,0.44599395990371704,0.7530854940414429,0.08921782672405243,0.4495253562927246,0.7890156507492065,-0.08920319378376007,0.35556989908218384,0.8185679912567139,0.11646455526351929,0.35149887204170227,0.8398350477218628,-0.06421218067407608,0.25818905234336853,0.838064432144165,0.16274186968803406,0.250308096408844,0.8610653281211853,-0.03680045157670975,0.23696139454841614,0.833547055721283,0.1646682173013687,0.22941954433918,0.8540459275245667,-0.037597302347421646,0.2691759765148163,0.9005069136619568,0.13263754546642303,0.2636718153953552,0.9195090532302856,-0.09352021664381027
1781515916.1394403,plank,0.6291276216506958,0.7384601831436157,-0.017214886844158173,0.6367157697677612,0.7249938249588013,-0.009901673533022404,0.6366680860519409,0.722501814365387,-0.009896618314087391,0.6365931630134583,0.7198864221572876,-0.009889086708426476,0.6365342736244202,0.7252975702285767,-0.038110293447971344,0.6363496780395508,0.7230151891708374,-0.038118865340948105,0.6361463665962219,0.7205480933189392,-0.038162849843502045,0.6298693418502808,0.6982743144035339,0.0395612008869648,0.6295676827430725,0.7025013566017151,-0.0878974199295044,0.619313657283783,0.7338759303092957,0.005835089832544327,0.6190024614334106,0.7340196967124939,-0.03138521686196327,0.5716999769210815,0.6910817623138428,0.14026819169521332,0.5812414884567261,0.7180168032646179,-0.14135104417800903,0.5858811140060425,0.8078606724739075,0.17925211787223816,0.5912349224090576,0.8476647138595581,-0.1639612466096878,0.6419265270233154,0.8105196356773376,0.1528245508670807,0.6539655923843384,0.8310956358909607,-0.1108742505311966,0.6590280532836914,0.8096274733543396,0.1617092788219452,0.670364499092102,0.8291898369789124,-0.13184355199337006,0.6599957346916199,0.8041285872459412,0.15617160499095917,0.6679204106330872,0.8159701824188232,-0.12167271226644516,0.6541706919670105,0.8028275370597839,0.14911815524101257,0.6620880365371704,0.814221203327179,-0.1059875339269638,0.4458625316619873,0.751501202583313,0.08797411620616913,0.4495834410190582,0.7881386876106262,-0.08796714246273041,0.355555921792984,0.818233072757721,0.11538851261138916,0.3516266345977783,0.8393141627311707,-0.061516426503658295,0.25792402029037476,0.8379502892494202,0.16165509819984436,0.2505205273628235,0.86090087890625,-0.03467554599046707,0.23712900280952454,0.8333585262298584,0.16366423666477203,0.22952012717723846,0.8538026809692383,-0.03573254868388176,0.2687881886959076,0.8999016880989075,0.13223503530025482,0.2637929618358612,0.9194144606590271,-0.09147459268569946
1781515916.3253937,plank,0.6291953325271606,0.738172173500061,-0.018643638119101524,0.6367506980895996,0.7247360944747925,-0.011596791446208954,0.6367002725601196,0.7221840620040894,-0.011592498049139977,0.6366221308708191,0.7195295691490173,-0.011584700085222721,0.6365945935249329,0.7252146601676941,-0.03960305079817772,0.6364321708679199,0.7229858636856079,-0.03961215540766716,0.6362550258636475,0.7205949425697327,-0.039659902453422546,0.6300021409988403,0.6980913877487183,0.036817051470279694,0.6298098564147949,0.7027117609977722,-0.08965712040662766,0.6194028258323669,0.733371376991272,0.00409964332357049,0.619118332862854,0.7336171269416809,-0.0328328013420105,0.5715962052345276,0.6907689571380615,0.13804475963115692,0.5816622376441956,0.7187021970748901,-0.14308859407901764,0.5856741070747375,0.8074692487716675,0.17861050367355347,0.5912601947784424,0.8484004735946655,-0.16478870809078217,0.6417042016983032,0.8103164434432983,0.15314409136772156,0.6539160013198853,0.8315004706382751,-0.11155308783054352,0.6588208675384521,0.8094111680984497,0.16222496330738068,0.6702454090118408,0.8292614221572876,-0.13240090012550354,0.6598659753799438,0.8039364218711853,0.15672993659973145,0.667903482913971,0.8161926865577698,-0.12183336913585663,0.6540933847427368,0.8026965856552124,0.14952872693538666,0.6621163487434387,0.8145356178283691,-0.10653054714202881,0.4458392262458801,0.751492977142334,0.08782125264406204,0.4496237337589264,0.7900354266166687,-0.08781904727220535,0.3563302755355835,0.8179606199264526,0.11715022474527359,0.3516484797000885,0.8390543460845947,-0.057816945016384125,0.25848478078842163,0.8376729488372803,0.16663020849227905,0.2506781220436096,0.8606001734733582,-0.0286236759275198,0.2375088632106781,0.8330987691879272,0.1691199094057083,0.22967831790447235,0.8534174561500549,-0.029504399746656418,0.2697960436344147,0.8992211222648621,0.13960224390029907,0.26432013511657715,0.9191468358039856,-0.08408234268426895
1781515916.497787,plank,0.6297899484634399,0.7381394505500793,-0.01950489729642868,0.6372455358505249,0.7246683835983276,-0.01223708875477314,0.6371716260910034,0.722082257270813,-0.012233080342411995,0.6370571851730347,0.7194007635116577,-0.012226520106196404,0.6370709538459778,0.7252354025840759,-0.04061739891767502,0.6368886828422546,0.7230451107025146,-0.04062487185001373,0.6366863250732422,0.7206898927688599,-0.04067792743444443,0.6303492188453674,0.6979725956916809,0.03674333542585373,0.6302229166030884,0.7027952671051025,-0.0908663421869278,0.6199525594711304,0.7331756353378296,0.003587777493521571,0.6196651458740234,0.7334837317466736,-0.03380298241972923,0.5716451406478882,0.6907768249511719,0.1397537887096405,0.5817828178405762,0.7187289595603943,-0.14581932127475739,0.5855473875999451,0.8073233962059021,0.18079055845737457,0.5914322137832642,0.8489270806312561,-0.16700010001659393,0.6418358087539673,0.8101933598518372,0.1570548564195633,0.6540035009384155,0.8314717411994934,-0.11377887427806854,0.6588414907455444,0.809299647808075,0.16637977957725525,0.6702159643173218,0.8290627598762512,-0.13496285676956177,0.6599475741386414,0.8037687540054321,0.16080549359321594,0.6680196523666382,0.816080629825592,-0.12419941276311874,0.6542928218841553,0.8026179075241089,0.1532660722732544,0.6622833609580994,0.8144509792327881,-0.10867524147033691,0.44607409834861755,0.7516528367996216,0.08848537504673004,0.4500617980957031,0.7901318669319153,-0.08847860991954803,0.356457382440567,0.8181401491165161,0.11299721151590347,0.3518032729625702,0.8370742797851562,-0.062227535992860794,0.2578224539756775,0.8380327820777893,0.155416339635849,0.2508719861507416,0.8604264259338379,-0.037325430661439896,0.23662357032299042,0.8333901166915894,0.15685006976127625,0.2298145592212677,0.8534688353538513,-0.03884949907660484,0.26898884773254395,0.900381326675415,0.12200631946325302,0.26450058817863464,0.9193647503852844,-0.09709399938583374
1781515916.6707182,plank,0.629439115524292,0.7381899356842041,-0.019531238824129105,0.6371080279350281,0.7246639728546143,-0.012143461033701897,0.6370510458946228,0.722124457359314,-0.01213894970715046,0.6369546055793762,0.7194675803184509,-0.012132467702031136,0.6369027495384216,0.7250522971153259,-0.04057059809565544,0.6367177367210388,0.7227934002876282,-0.04057762771844864,0.636523962020874,0.7203770875930786,-0.04062841832637787,0.6302887201309204,0.6978527307510376,0.03826592117547989,0.630191445350647,0.7024317383766174,-0.08962862193584442,0.6197699904441833,0.7332835793495178,0.003803545143455267,0.6194146275520325,0.7334544062614441,-0.033649150282144547,0.5716179609298706,0.6906640529632568,0.1407461315393448,0.5816596746444702,0.7181532382965088,-0.1445923149585724,0.585516095161438,0.807173490524292,0.18022294342517853,0.5915616750717163,0.8488958477973938,-0.16704314947128296,0.6419134140014648,0.8101178407669067,0.1534285545349121,0.6539788246154785,0.8313847780227661,-0.11772407591342926,0.6592493653297424,0.8089751601219177,0.16139177978038788,0.6701676845550537,0.8287807703018188,-0.14008310437202454,0.6602630019187927,0.8036127686500549,0.1556810587644577,0.6681038737297058,0.8159049153327942,-0.12983229756355286,0.6544657349586487,0.8025404810905457,0.1493714600801468,0.6623501181602478,0.8142764568328857,-0.11304132640361786,0.44584575295448303,0.7512109279632568,0.08856125175952911,0.4500999450683594,0.7879206538200378,-0.08855441212654114,0.3546712398529053,0.8179806470870972,0.10974489152431488,0.35175853967666626,0.8340809345245361,-0.0680425688624382,0.25637662410736084,0.8396395444869995,0.15115496516227722,0.25070133805274963,0.8603358864784241,-0.04512576013803482,0.23561768233776093,0.8360459804534912,0.15226086974143982,0.2294938862323761,0.854962170124054,-0.047024503350257874,0.2660099267959595,0.9029121398925781,0.11463787406682968,0.26255130767822266,0.9196110963821411,-0.10885848850011826
1781515916.8569484,plank,0.6272633075714111,0.7380607724189758,-0.021533261984586716,0.6356644034385681,0.7247627377510071,-0.013657806441187859,0.6357265710830688,0.722267210483551,-0.013660840690135956,0.6357847452163696,0.7196053266525269,-0.013665841892361641,0.6353987455368042,0.7248814105987549,-0.04196641966700554,0.6352916359901428,0.7226420044898987,-0.041965268552303314,0.6352261900901794,0.7202285528182983,-0.04201505333185196,0.6293610334396362,0.6975836157798767,0.038131553679704666,0.6294568777084351,0.7008485198020935,-0.08862075954675674,0.617737352848053,0.733170747756958,0.0022323396988213062,0.6171829104423523,0.7332693934440613,-0.034964993596076965,0.5710262656211853,0.6901348829269409,0.13967859745025635,0.5807362198829651,0.7147754430770874,-0.14364494383335114,0.5841726064682007,0.8077914714813232,0.16783718764781952,0.588614284992218,0.8482550978660583,-0.16777364909648895,0.6408292055130005,0.810970664024353,0.12557972967624664,0.6529157161712646,0.8311038613319397,-0.12002061307430267,0.6592106819152832,0.8095654249191284,0.12922649085521698,0.668745756149292,0.8284212946891785,-0.1426270753145218,0.6602364182472229,0.803721010684967,0.12352746725082397,0.6672643423080444,0.8153461217880249,-0.1325162798166275,0.654384195804596,0.8027428388595581,0.12077536433935165,0.6618047952651978,0.8136104345321655,-0.11549011617898941,0.4436519145965576,0.7501760125160217,0.08842454850673676,0.4501270651817322,0.7856379747390747,-0.08842639625072479,0.35072338581085205,0.8180091977119446,0.1055053249001503,0.3509668707847595,0.8296553492546082,-0.07209385931491852,0.2533363401889801,0.8437644839286804,0.1476832777261734,0.2505068778991699,0.8605605363845825,-0.045571453869342804,0.2330985814332962,0.8422865867614746,0.14861738681793213,0.2293974608182907,0.858153760433197,-0.04694788157939911,0.2595965266227722,0.9039918780326843,0.10759565979242325,0.2586705982685089,0.9191815853118896,-0.10898388922214508
1781515917.0455692,plank,0.6274303793907166,0.7380915880203247,-0.025003183633089066,0.6356340050697327,0.725238561630249,-0.01715897209942341,0.6357011795043945,0.7227122187614441,-0.017162758857011795,0.6357710361480713,0.7199787497520447,-0.017169080674648285,0.6352671980857849,0.7251625657081604,-0.04483042284846306,0.6351247429847717,0.7227885723114014,-0.04482940211892128,0.6350470185279846,0.7202385067939758,-0.044877536594867706,0.629522442817688,0.6975871324539185,0.03421478718519211,0.6293572187423706,0.7008127570152283,-0.08958576619625092,0.6177193522453308,0.7329813838005066,-0.001466546906158328,0.6171863079071045,0.733005702495575,-0.037815749645233154,0.5715349316596985,0.6887072324752808,0.13392511010169983,0.5807189345359802,0.7143840193748474,-0.14400526881217957,0.58355712890625,0.8072221279144287,0.16222867369651794,0.5872605443000793,0.8481255173683167,-0.16628500819206238,0.6393629908561707,0.812530517578125,0.1330101191997528,0.650772213935852,0.8309891819953918,-0.11234989017248154,0.6585172414779663,0.8106436133384705,0.13886576890945435,0.6666330099105835,0.8281673192977905,-0.13254901766777039,0.659618616104126,0.8042951822280884,0.1365157961845398,0.6651802062988281,0.8150337934494019,-0.12417203187942505,0.6535841226577759,0.803466796875,0.13008105754852295,0.6600383520126343,0.8133015036582947,-0.10815837234258652,0.4442288875579834,0.7481467127799988,0.08746946603059769,0.4502570629119873,0.786413311958313,-0.08747062087059021,0.35253065824508667,0.8178671002388,0.10468865931034088,0.3511245846748352,0.8297096490859985,-0.07067713141441345,0.25375550985336304,0.8437135219573975,0.14812764525413513,0.2503623366355896,0.8606503009796143,-0.04567280411720276,0.2340821474790573,0.8421687483787537,0.14925599098205566,0.22923998534679413,0.8584861755371094,-0.047225382179021835,0.26014959812164307,0.903745174407959,0.110645592212677,0.2571929693222046,0.9190875291824341,-0.10812922567129135
1781515917.2310839,plank,0.6292608380317688,0.7383683323860168,-0.0344063937664032,0.6372396945953369,0.7251773476600647,-0.026903534308075905,0.6372236609458923,0.7226424217224121,-0.026908040046691895,0.6371856927871704,0.7199104428291321,-0.026913056150078773,0.636886477470398,0.7251275181770325,-0.05473741888999939,0.6366718411445618,0.722718358039856,-0.05473930388689041,0.6364911198616028,0.7201331257820129,-0.054784297943115234,0.6308017373085022,0.6974925398826599,0.02397698163986206,0.6302871704101562,0.7007580995559692,-0.1013890877366066,0.6191735863685608,0.7329161167144775,-0.010866285301744938,0.6186502575874329,0.7329483032226562,-0.04751935601234436,0.5735710859298706,0.688719630241394,0.12394632399082184,0.580805778503418,0.7147286534309387,-0.15074099600315094,0.5843731164932251,0.8058550357818604,0.16501876711845398,0.5873916149139404,0.847493588924408,-0.17449651658535004,0.639389157295227,0.8124861121177673,0.14246417582035065,0.6507478952407837,0.8309541344642639,-0.1239689439535141,0.6579652428627014,0.8105629086494446,0.15156951546669006,0.6663898229598999,0.8280097842216492,-0.14550068974494934,0.659092366695404,0.8042656779289246,0.14761649072170258,0.6647152304649353,0.8147764205932617,-0.13622769713401794,0.6533332467079163,0.8034433722496033,0.1398797482252121,0.6596977114677429,0.8131273984909058,-0.11962892860174179,0.445767343044281,0.7515276670455933,0.08596480637788773,0.4503304064273834,0.7937280535697937,-0.08597274124622345,0.354682981967926,0.817801833152771,0.10976463556289673,0.3519241213798523,0.8318062424659729,-0.05828820541501045,0.2549821734428406,0.843610405921936,0.1617916226387024,0.2505810558795929,0.8610482811927795,-0.024609433487057686,0.2357567995786667,0.8417709469795227,0.16421249508857727,0.22971364855766296,0.8590244054794312,-0.02518199384212494,0.26098763942718506,0.9031297564506531,0.1293378621339798,0.25766435265541077,0.9191234111785889,-0.08255084604024887
1781515917.389779,plank,0.6317709684371948,0.7333427667617798,-0.023599252104759216,0.6393641233444214,0.7181446552276611,-0.015593321993947029,0.6391651034355164,0.7155774235725403,-0.01559032965451479,0.6389352679252625,0.7128936648368835,-0.015586691908538342,0.639168381690979,0.7181692123413086,-0.04458104819059372,0.6388732194900513,0.715636670589447,-0.04459468275308609,0.638581395149231,0.7130598425865173,-0.044657789170742035,0.6314226388931274,0.6903522610664368,0.03649686649441719,0.6311895251274109,0.6948816776275635,-0.09300859272480011,0.6209902167320251,0.72809898853302,0.0003386370080988854,0.6206740140914917,0.72761470079422,-0.037812553346157074,0.573167622089386,0.6888808012008667,0.13916100561618805,0.5810362696647644,0.7142835259437561,-0.14699159562587738,0.5830594897270203,0.8062394261360168,0.17888136208057404,0.5876054167747498,0.8468348979949951,-0.16825051605701447,0.6388435959815979,0.8131465315818787,0.15532244741916656,0.6508101224899292,0.8305785059928894,-0.11685391515493393,0.6575230360031128,0.8107979893684387,0.16382575035095215,0.6664228439331055,0.8276439309120178,-0.13830918073654175,0.6586902141571045,0.8044478297233582,0.15870723128318787,0.6647428274154663,0.8144727349281311,-0.12911412119865417,0.6527589559555054,0.8039167523384094,0.15172752737998962,0.6597165465354919,0.8128607869148254,-0.1124207153916359,0.4460011124610901,0.754191517829895,0.08663653582334518,0.45056575536727905,0.7945052981376648,-0.08662830293178558,0.3552347719669342,0.818328857421875,0.11269716918468475,0.3524184226989746,0.8325055241584778,-0.05944540351629257,0.25517329573631287,0.8445978760719299,0.16469380259513855,0.25050264596939087,0.8611702919006348,-0.02752811647951603,0.23604857921600342,0.8416383266448975,0.1670479029417038,0.2300771176815033,0.858965277671814,-0.028371810913085938,0.2603425681591034,0.9030575156211853,0.1317613273859024,0.25667279958724976,0.9191110134124756,-0.0864955335855484
1781515917.5609787,plank,0.6310027837753296,0.7194643020629883,-0.018690189346671104,0.6384261846542358,0.7046633958816528,-0.011161649599671364,0.6382324695587158,0.7026638388633728,-0.011155247688293457,0.6379172205924988,0.7005262970924377,-0.011152038350701332,0.638116180896759,0.7037600874900818,-0.03917580842971802,0.6377408504486084,0.7010528445243835,-0.03918405994772911,0.6373540759086609,0.6983386278152466,-0.03923869505524635,0.6288490891456604,0.6793848872184753,0.03856328874826431,0.6287752389907837,0.6806567907333374,-0.08767440915107727,0.6208380460739136,0.7179059386253357,0.004217079374939203,0.6204505562782288,0.716641902923584,-0.032699164003133774,0.5713607668876648,0.6879012584686279,0.13921895623207092,0.5808045864105225,0.7137390375137329,-0.14265033602714539,0.5816019773483276,0.8050386309623718,0.17809730768203735,0.5877186059951782,0.8465286493301392,-0.16138309240341187,0.6377500295639038,0.8131294846534729,0.15916994214057922,0.6506944298744202,0.8304634094238281,-0.11128753423690796,0.6566261053085327,0.8107580542564392,0.1681596338748932,0.6664178967475891,0.8276047706604004,-0.1327025294303894,0.6573339700698853,0.8042100071907043,0.16217981278896332,0.6646859645843506,0.8144689202308655,-0.12333717197179794,0.650882363319397,0.8039399981498718,0.15537962317466736,0.659551739692688,0.8128746747970581,-0.10690877586603165,0.44664138555526733,0.7548754215240479,0.08660836517810822,0.45061150193214417,0.7965997457504272,-0.08660336583852768,0.355546236038208,0.8187628984451294,0.11194755136966705,0.35231560468673706,0.8348556756973267,-0.06056665629148483,0.25426048040390015,0.8448386192321777,0.1610596477985382,0.24999673664569855,0.861937940120697,-0.03085930645465851,0.23496243357658386,0.841421365737915,0.16317304968833923,0.22968700528144836,0.8589556217193604,-0.03157670423388481,0.25847509503364563,0.9018275737762451,0.1278780996799469,0.2563866078853607,0.9191179871559143,-0.08819107711315155
1781515917.7320907,plank,0.6309230327606201,0.7157709002494812,-0.019564146175980568,0.6380455493927002,0.7004653811454773,-0.011907926760613918,0.6377786993980408,0.6983490586280823,-0.011901983059942722,0.6373743414878845,0.6961476802825928,-0.011898759752511978,0.6376686692237854,0.6998226642608643,-0.03968400880694389,0.6371902227401733,0.6970672011375427,-0.03969349339604378,0.6366698145866394,0.6943880915641785,-0.03974004089832306,0.6273175477981567,0.6749523878097534,0.03777278587222099,0.6274749636650085,0.6777001023292542,-0.08562783896923065,0.6208357810974121,0.7151975631713867,0.003606380196288228,0.6204386949539185,0.7139800190925598,-0.03315650671720505,0.5703728199005127,0.6874850988388062,0.13514557480812073,0.5803614854812622,0.7144026756286621,-0.13731977343559265,0.5807850360870361,0.8050547242164612,0.17092564702033997,0.5877789258956909,0.8465737104415894,-0.15025882422924042,0.6374139189720154,0.8128451704978943,0.1571422964334488,0.6505390405654907,0.8305563926696777,-0.089605912566185,0.6558138728141785,0.8102011680603027,0.16637448966503143,0.6667506098747253,0.8275636434555054,-0.10841276496648788,0.6562341451644897,0.8034284114837646,0.15914492309093475,0.6647040843963623,0.814592719078064,-0.10089641809463501,0.6496309041976929,0.8035042881965637,0.15347647666931152,0.6593121290206909,0.813254714012146,-0.08566515892744064,0.4467484951019287,0.7557901740074158,0.08435473591089249,0.4505131244659424,0.7994925379753113,-0.08436200022697449,0.3553622364997864,0.8185001015663147,0.10986296087503433,0.35201966762542725,0.8371648788452148,-0.058291204273700714,0.2544110417366028,0.8440493941307068,0.15417464077472687,0.2500230371952057,0.862587034702301,-0.028973285108804703,0.23503932356834412,0.840058445930481,0.15573731064796448,0.22972765564918518,0.8586480021476746,-0.029758203774690628,0.26085394620895386,0.8995704054832458,0.11999674886465073,0.259917289018631,0.9182355403900146,-0.0838543027639389
1781515917.9072528,plank,0.6308637261390686,0.7146139144897461,-0.02403329871594906,0.6379451751708984,0.6998122930526733,-0.015801940113306046,0.6376943588256836,0.6979867815971375,-0.015791114419698715,0.637304425239563,0.6960968375205994,-0.01578177511692047,0.6374480128288269,0.6984875798225403,-0.04285668954253197,0.6368895173072815,0.6954911351203918,-0.04287143051624298,0.6362677812576294,0.6925517916679382,-0.042911678552627563,0.6272076368331909,0.674921989440918,0.03646446391940117,0.6269098520278931,0.6752838492393494,-0.08643417060375214,0.6208446025848389,0.7144132852554321,-0.0002671920810826123,0.6204179525375366,0.7127362489700317,-0.03592708706855774,0.5706319212913513,0.6872314810752869,0.13518716394901276,0.5801400542259216,0.7143078446388245,-0.13819357752799988,0.5808379054069519,0.805189847946167,0.16929244995117188,0.5878438353538513,0.8466007709503174,-0.15051032602787018,0.637252688407898,0.8129079937934875,0.15453077852725983,0.650397002696991,0.8306823968887329,-0.08628558367490768,0.6552218794822693,0.8098474144935608,0.16323886811733246,0.6666220426559448,0.8273642659187317,-0.10483820736408234,0.6555772423744202,0.8030709028244019,0.15877777338027954,0.6644884347915649,0.8145167827606201,-0.09772304445505142,0.6491453647613525,0.8034800887107849,0.15156826376914978,0.6590183973312378,0.8133409023284912,-0.082401342689991,0.4477711319923401,0.7562317848205566,0.08425377309322357,0.4506411552429199,0.7989303469657898,-0.08425546437501907,0.35538148880004883,0.8182082176208496,0.10589349269866943,0.35208433866500854,0.8375992774963379,-0.0610235333442688,0.2546485662460327,0.8428266644477844,0.14694663882255554,0.2504270374774933,0.8628851771354675,-0.03677140176296234,0.2351253479719162,0.8383176922798157,0.148007333278656,0.22974327206611633,0.8581247925758362,-0.03850805014371872,0.2621545195579529,0.8964347243309021,0.1092526763677597,0.26137953996658325,0.9170361757278442,-0.09802569448947906
1781515918.0909605,plank,0.6307216286659241,0.7141789197921753,-0.03858986869454384,0.6377698183059692,0.6995242834091187,-0.030278393998742104,0.6375361680984497,0.6978039145469666,-0.03027280792593956,0.6371682286262512,0.6960183382034302,-0.030272776260972023,0.6372016072273254,0.6978785395622253,-0.05730322003364563,0.6365822553634644,0.6947333812713623,-0.05730941891670227,0.6358951330184937,0.6916296482086182,-0.05735059827566147,0.6271324753761292,0.6749146580696106,0.02436027117073536,0.6266354322433472,0.6742623448371887,-0.09728960692882538,0.6208434104919434,0.714063286781311,-0.013917259871959686,0.6203715801239014,0.7122387290000916,-0.04940686374902725,0.5706552863121033,0.6868634223937988,0.12930090725421906,0.5795930624008179,0.7142897844314575,-0.147872194647789,0.5809626579284668,0.8052188158035278,0.16763007640838623,0.5878653526306152,0.846759021282196,-0.1575266420841217,0.6373013854026794,0.8128829002380371,0.15409086644649506,0.6503476500511169,0.8308351039886475,-0.09232038259506226,0.6550224423408508,0.8098137974739075,0.16296902298927307,0.666563868522644,0.82737135887146,-0.111885204911232,0.6554147601127625,0.8030674457550049,0.15839312970638275,0.6644560098648071,0.8145853877067566,-0.10348445177078247,0.6490854620933533,0.8034948706626892,0.1510200947523117,0.658979058265686,0.8134943842887878,-0.08805157244205475,0.44795942306518555,0.7561138868331909,0.08463825285434723,0.45038384199142456,0.7981258034706116,-0.0846431702375412,0.35534992814064026,0.8179630637168884,0.10751356184482574,0.35193973779678345,0.8375356793403625,-0.060976993292570114,0.2546383738517761,0.8417232036590576,0.15387855470180511,0.25031161308288574,0.8626750707626343,-0.032572872936725616,0.23501956462860107,0.8374091386795044,0.1557224541902542,0.22948738932609558,0.8572614192962646,-0.033696915954351425,0.2645234763622284,0.8962994813919067,0.11772651970386505,0.26348984241485596,0.9170222878456116,-0.09275314956903458
1781515918.278856,plank,0.6306688785552979,0.7145452499389648,-0.030892645940184593,0.6376880407333374,0.6999542713165283,-0.022937364876270294,0.637464165687561,0.6982056498527527,-0.022924920544028282,0.6371031999588013,0.6963844895362854,-0.022917231544852257,0.6371123790740967,0.6984331607818604,-0.05005103349685669,0.6364942789077759,0.6953447461128235,-0.05006278678774834,0.6358013153076172,0.6922609806060791,-0.05010329559445381,0.6270944476127625,0.6751649975776672,0.029043039306998253,0.6266357898712158,0.6749753952026367,-0.09305325150489807,0.6208481192588806,0.7142226099967957,-0.007321570999920368,0.620353102684021,0.712491512298584,-0.04295919090509415,0.5707240104675293,0.6867648959159851,0.13301384449005127,0.5795997381210327,0.7142864465713501,-0.14615997672080994,0.5810551047325134,0.8048893213272095,0.17463216185569763,0.5879130959510803,0.8470546007156372,-0.15453073382377625,0.6372923851013184,0.8128405809402466,0.16534820199012756,0.6499696969985962,0.8308484554290771,-0.08724625408649445,0.6548291444778442,0.8098046779632568,0.17552700638771057,0.6661493182182312,0.827358603477478,-0.10610771179199219,0.6553313732147217,0.8030893206596375,0.17027537524700165,0.6641844511032104,0.81465083360672,-0.09836426377296448,0.6490806341171265,0.8035575151443481,0.16211088001728058,0.6586967706680298,0.8136323690414429,-0.08312834054231644,0.4479723870754242,0.75630122423172,0.08524562418460846,0.4506317675113678,0.7971718907356262,-0.08525530993938446,0.3552745580673218,0.8175896406173706,0.10725072771310806,0.3519071638584137,0.8372910618782043,-0.06096015125513077,0.2545146942138672,0.841023325920105,0.15013694763183594,0.2503889501094818,0.8626744747161865,-0.0337696298956871,0.23464596271514893,0.8372021317481995,0.1514950841665268,0.22947892546653748,0.8571697473526001,-0.03506132960319519,0.26571357250213623,0.8962446451187134,0.11446619033813477,0.26489073038101196,0.9168493747711182,-0.09266161173582077
1781515918.4658167,plank,0.630492091178894,0.7146373987197876,-0.02487647905945778,0.637504518032074,0.7001607418060303,-0.017046745866537094,0.6372879147529602,0.6984070539474487,-0.017031554132699966,0.6369364261627197,0.6965731978416443,-0.017025452107191086,0.6369408369064331,0.698636531829834,-0.04436022415757179,0.6363369226455688,0.6955394148826599,-0.044368937611579895,0.6356490850448608,0.6924359202384949,-0.04440964385867119,0.6269516944885254,0.6750117540359497,0.03283923119306564,0.6265586614608765,0.6750327348709106,-0.08979978412389755,0.6206907033920288,0.7142266035079956,-0.002184812445193529,0.6201900243759155,0.7124295830726624,-0.03801925107836723,0.5708891153335571,0.6866122484207153,0.13531458377838135,0.5796505808830261,0.7140506505966187,-0.1452408730983734,0.5809172987937927,0.8046523332595825,0.17307981848716736,0.5879002809524536,0.8472625017166138,-0.1506960242986679,0.6369273662567139,0.8132185935974121,0.15796588361263275,0.6491924524307251,0.830985963344574,-0.07864604890346527,0.6543052792549133,0.8102994561195374,0.16634120047092438,0.6653830409049988,0.8275036215782166,-0.09646593034267426,0.6549656391143799,0.8038622736930847,0.16143165528774261,0.6637082099914551,0.8149793148040771,-0.0890686884522438,0.6487842798233032,0.8046146035194397,0.15453757345676422,0.6581395268440247,0.8141096234321594,-0.07446125894784927,0.44839221239089966,0.7562515139579773,0.08566834032535553,0.4508565366268158,0.7963017821311951,-0.08566739410161972,0.35531219840049744,0.8174390196800232,0.10643891990184784,0.35190337896347046,0.837036669254303,-0.061375994235277176,0.25450369715690613,0.8408622145652771,0.14496266841888428,0.2504802644252777,0.8625112175941467,-0.03749962896108627,0.23455965518951416,0.8371456861495972,0.1457345187664032,0.22940678894519806,0.8569583296775818,-0.039142899215221405,0.2667903006076813,0.8962743878364563,0.10874301195144653,0.2654978632926941,0.9168608784675598,-0.09659042209386826
1781515918.6527398,plank,0.6305769085884094,0.7148052453994751,-0.021526817232370377,0.637478768825531,0.7003364562988281,-0.013568423688411713,0.6372650265693665,0.6985630393028259,-0.013553617522120476,0.6369226574897766,0.6967064738273621,-0.013548703864216805,0.636965811252594,0.6988702416419983,-0.04126700013875961,0.6364098787307739,0.6958314776420593,-0.04127824306488037,0.6357595920562744,0.6927366256713867,-0.04132333770394325,0.6270390152931213,0.6751153469085693,0.0361834391951561,0.6268534064292908,0.6753485202789307,-0.08831094205379486,0.6207460165023804,0.7143185138702393,0.0011487952433526516,0.62024986743927,0.7125756144523621,-0.03519810363650322,0.5715621113777161,0.6865749359130859,0.13888230919837952,0.579872727394104,0.7140856981277466,-0.14509795606136322,0.5809773206710815,0.804655134677887,0.17419922351837158,0.587799608707428,0.847602903842926,-0.149565190076828,0.6367947459220886,0.8139218688011169,0.15700437128543854,0.648399293422699,0.831154465675354,-0.07025627791881561,0.6541100740432739,0.8112713098526001,0.1650092601776123,0.6646403670310974,0.8276835680007935,-0.08659444749355316,0.6548051238059998,0.8049864768981934,0.16087427735328674,0.6631289124488831,0.8152523636817932,-0.08006537705659866,0.6485909223556519,0.8057914972305298,0.15372613072395325,0.6573867797851562,0.8145321607589722,-0.06608815491199493,0.4487522542476654,0.7564384341239929,0.08712403476238251,0.4509829580783844,0.7961596846580505,-0.08711376786231995,0.35527902841567993,0.8169886469841003,0.10792814195156097,0.35167694091796875,0.8369292616844177,-0.06164921447634697,0.2543458640575409,0.8407630920410156,0.14620733261108398,0.25040191411972046,0.8623757362365723,-0.03833923861384392,0.2345883548259735,0.8371412754058838,0.14685261249542236,0.22934921085834503,0.8569365739822388,-0.03995150700211525,0.266920268535614,0.8962929844856262,0.11098670959472656,0.26534947752952576,0.916876494884491,-0.09752766788005829
1781515918.823607,plank,0.630835235118866,0.7148742079734802,-0.018850650638341904,0.6376265287399292,0.7004547715187073,-0.010840807110071182,0.6374117136001587,0.6986778974533081,-0.010825170204043388,0.6370810270309448,0.6968056559562683,-0.010820743627846241,0.6371510028839111,0.6989460587501526,-0.038622863590717316,0.636630654335022,0.6960167288780212,-0.03863693028688431,0.6360177993774414,0.692974328994751,-0.03868407383561134,0.6272724270820618,0.6752158403396606,0.039110004901885986,0.6272541880607605,0.6758765578269958,-0.08598862588405609,0.6209349632263184,0.7143818140029907,0.003837319789454341,0.6204373240470886,0.7126525640487671,-0.032635368406772614,0.5716469287872314,0.6866480112075806,0.14225654304027557,0.5801314115524292,0.7145696878433228,-0.14416474103927612,0.5809763669967651,0.8051366806030273,0.17543837428092957,0.5874320864677429,0.8479540348052979,-0.14601273834705353,0.6367548108100891,0.8140042424201965,0.1568669229745865,0.6479265093803406,0.83116614818573,-0.0629112645983696,0.654009222984314,0.8113738894462585,0.1650157868862152,0.6642781496047974,0.82770174741745,-0.07864423096179962,0.6546342968940735,0.8051106929779053,0.16085244715213776,0.6627963185310364,0.8153005242347717,-0.07165227085351944,0.6483656764030457,0.805941104888916,0.15354691445827484,0.656798243522644,0.8146436810493469,-0.058496080338954926,0.4491080641746521,0.7564370036125183,0.08811911195516586,0.45125365257263184,0.7954001426696777,-0.08810602128505707,0.35516557097435,0.8164329528808594,0.11033843457698822,0.3513728976249695,0.8369584083557129,-0.061899203807115555,0.25440219044685364,0.8406603336334229,0.15009404718875885,0.25037890672683716,0.8623232245445251,-0.03791831061244011,0.234893798828125,0.8369714617729187,0.15094760060310364,0.22937050461769104,0.8567416667938232,-0.03947070986032486,0.2668602466583252,0.8957628011703491,0.11538372188806534,0.2652624845504761,0.9165006875991821,-0.09734436869621277
1781515919.0129006,plank,0.6310555934906006,0.716096818447113,-0.02009805664420128,0.6378568410873413,0.7014056444168091,-0.011667588725686073,0.637653648853302,0.6995112299919128,-0.011654668487608433,0.6373474597930908,0.6975579857826233,-0.011652435176074505,0.6373980045318604,0.7002548575401306,-0.04000816494226456,0.6369057297706604,0.6974639892578125,-0.040027305483818054,0.6363171935081482,0.6944957971572876,-0.040078096091747284,0.627769410610199,0.6757169961929321,0.03848743066191673,0.6276583075523376,0.6771681308746338,-0.08805397897958755,0.6210598349571228,0.714809238910675,0.0029612653888761997,0.6205388307571411,0.7132261395454407,-0.0341898649930954,0.5724904537200928,0.6866322159767151,0.14208130538463593,0.5802122950553894,0.7145721316337585,-0.14744113385677338,0.5814070701599121,0.8058832883834839,0.17653419077396393,0.5872365832328796,0.8484122157096863,-0.1495186984539032,0.6369327306747437,0.8142964839935303,0.15735957026481628,0.6476308107376099,0.831231415271759,-0.06748151034116745,0.6541388630867004,0.8116334676742554,0.1657242476940155,0.6640642881393433,0.8277601599693298,-0.083610400557518,0.6546968221664429,0.8053221702575684,0.1623069941997528,0.662564218044281,0.8153443336486816,-0.07636658847332001,0.648413896560669,0.8061436414718628,0.1542167067527771,0.6565163135528564,0.814731776714325,-0.06297598779201508,0.449432373046875,0.7563149333000183,0.08932604640722275,0.4512619376182556,0.7948641180992126,-0.08930764347314835,0.355010449886322,0.8160603046417236,0.11157912015914917,0.3510964512825012,0.8369172811508179,-0.06185240298509598,0.2545488476753235,0.8406444787979126,0.15317386388778687,0.25055399537086487,0.8623323440551758,-0.036509137600660324,0.23515348136425018,0.8367599248886108,0.1542356014251709,0.2295166552066803,0.8565281629562378,-0.03790830075740814,0.26671937108039856,0.8957117795944214,0.11847112327814102,0.265067458152771,0.9163762331008911,-0.09567467868328094
1781515919.2024617,plank,0.6313785314559937,0.7171326279640198,-0.02089773118495941,0.6381189227104187,0.7022675275802612,-0.012235814705491066,0.6379274129867554,0.7003059387207031,-0.012223237194120884,0.6376364827156067,0.6983169317245483,-0.01222053449600935,0.6376799941062927,0.7013349533081055,-0.04091636463999748,0.6372286081314087,0.6986359357833862,-0.04093852639198303,0.6366809606552124,0.6957603693008423,-0.040990717709064484,0.6281260251998901,0.6761684417724609,0.038149528205394745,0.6279894709587097,0.6781071424484253,-0.08890988677740097,0.6212364435195923,0.7154825925827026,0.0025716221425682306,0.6207004189491272,0.7139832973480225,-0.03502397984266281,0.5725337266921997,0.6865671873092651,0.1421845406293869,0.5802757740020752,0.7144907712936401,-0.14774355292320251,0.5815085172653198,0.8065582513809204,0.1767994463443756,0.5869907140731812,0.8483691811561584,-0.15049229562282562,0.6371483206748962,0.8146599531173706,0.1567138135433197,0.647303581237793,0.8312574028968811,-0.06985185295343399,0.6541772484779358,0.8118999004364014,0.16500890254974365,0.6637593507766724,0.8278223872184753,-0.0864139124751091,0.6547572612762451,0.8056809306144714,0.16176266968250275,0.662286102771759,0.8154401779174805,-0.07902508974075317,0.6484763622283936,0.8064691424369812,0.1536291092634201,0.6562090516090393,0.8148730993270874,-0.06534688174724579,0.4494321942329407,0.7561625242233276,0.08968720585107803,0.45123544335365295,0.7945283651351929,-0.0896681696176529,0.35499849915504456,0.8160091042518616,0.11289757490158081,0.350981742143631,0.8369186520576477,-0.06175167113542557,0.2546463906764984,0.8406305909156799,0.15640176832675934,0.25063449144363403,0.8622040748596191,-0.03527563810348511,0.2352118045091629,0.8365023136138916,0.15778228640556335,0.22953183948993683,0.8558493852615356,-0.03662262111902237,0.2664540112018585,0.8953427672386169,0.12287895381450653,0.2645445466041565,0.9162521362304688,-0.09444652497768402
1781515919.386901,plank,0.6314514875411987,0.7186281681060791,-0.012846080586314201,0.6382578611373901,0.7029202580451965,-0.00580570800229907,0.6380492448806763,0.7007850408554077,-0.005790736526250839,0.6377385258674622,0.6987777948379517,-0.005788613110780716,0.6378515362739563,0.7026592493057251,-0.0332389697432518,0.6374272108078003,0.7001584768295288,-0.03325380012392998,0.6369256377220154,0.6975784301757812,-0.03330705314874649,0.6284312605857849,0.6769645810127258,0.03936966881155968,0.6285035014152527,0.6810162663459778,-0.08385494351387024,0.6211658120155334,0.7157679796218872,0.008111157454550266,0.6207209229469299,0.7146249413490295,-0.02789977192878723,0.5723309516906738,0.686541736125946,0.1419421136379242,0.5808408260345459,0.7144518494606018,-0.1429443210363388,0.5813066959381104,0.8073455691337585,0.17479956150054932,0.5868802666664124,0.8483772873878479,-0.1485179364681244,0.6370110511779785,0.8148450255393982,0.15617437660694122,0.6471574902534485,0.8311907649040222,-0.0701235979795456,0.65395587682724,0.8121273517608643,0.16629619896411896,0.6635696291923523,0.827936053276062,-0.08621512353420258,0.654563307762146,0.8059700131416321,0.16400906443595886,0.6621037721633911,0.8155370354652405,-0.07678483426570892,0.6482728123664856,0.8067280054092407,0.1538751721382141,0.6559996604919434,0.814923882484436,-0.06499967724084854,0.4495314061641693,0.7528195977210999,0.08880144357681274,0.4515851140022278,0.7916218042373657,-0.08878163993358612,0.35505226254463196,0.8159710168838501,0.11115483939647675,0.35099029541015625,0.8365380167961121,-0.06005134433507919,0.2547706663608551,0.8406311273574829,0.1497432291507721,0.2507699429988861,0.8620120286941528,-0.03648822754621506,0.2353890836238861,0.836456298828125,0.15074127912521362,0.22966763377189636,0.8557283282279968,-0.03824470192193985,0.26653623580932617,0.8952546715736389,0.11820679903030396,0.26458483934402466,0.9160887598991394,-0.09516776353120804
1781515919.543015,plank,0.6314142942428589,0.7210208177566528,-0.012642553076148033,0.638426661491394,0.7041130661964417,-0.00620608776807785,0.6381800770759583,0.7015405893325806,-0.006195713300257921,0.6378533840179443,0.6992505192756653,-0.0061980560421943665,0.6381455063819885,0.7047756910324097,-0.03357343748211861,0.6377695202827454,0.7024255394935608,-0.033580608665943146,0.6373637318611145,0.7001237869262695,-0.03363139554858208,0.6292513608932495,0.6788133382797241,0.03799205645918846,0.6294292211532593,0.6842851042747498,-0.08522847294807434,0.6210557222366333,0.7162954807281494,0.007789728697389364,0.6206952333450317,0.7160255312919617,-0.028115689754486084,0.5721128582954407,0.6864830851554871,0.14002525806427002,0.5811340808868408,0.7143733501434326,-0.14311917126178741,0.5812779068946838,0.8074732422828674,0.17371520400047302,0.5869195461273193,0.8483699560165405,-0.15367251634597778,0.6369917988777161,0.8147283792495728,0.1556224822998047,0.6471506357192993,0.8311904072761536,-0.08465232700109482,0.6538324356079102,0.8121293783187866,0.16599658131599426,0.6635658144950867,0.8286141157150269,-0.1029602512717247,0.654477596282959,0.8060013055801392,0.16318897902965546,0.6620989441871643,0.8160771131515503,-0.09272448718547821,0.6482219099998474,0.8067315816879272,0.15321435034275055,0.6560013294219971,0.8152700066566467,-0.07944874465465546,0.44951558113098145,0.7510681748390198,0.08810009062290192,0.4516677260398865,0.7897487282752991,-0.08808355033397675,0.3550642132759094,0.8158896565437317,0.11234162747859955,0.3509770929813385,0.8360450863838196,-0.05815110728144646,0.25482994318008423,0.8406702876091003,0.1557527333498001,0.25084254145622253,0.8618682026863098,-0.03351520746946335,0.2353992909193039,0.8365357518196106,0.1573740839958191,0.2297157347202301,0.8557201027870178,-0.03501683101058006,0.26658815145492554,0.8952913880348206,0.12479003518819809,0.2646403908729553,0.9160147905349731,-0.09056615829467773
1781515919.7312102,plank,0.630219578742981,0.7314878702163696,-0.026013245806097984,0.6380041241645813,0.7163217067718506,-0.01768743060529232,0.6378974914550781,0.7132719159126282,-0.01768842712044716,0.6377019882202148,0.710270881652832,-0.017692122608423233,0.6377444863319397,0.7167739868164062,-0.045624345541000366,0.6374884247779846,0.7140370011329651,-0.04563139006495476,0.6372222304344177,0.7113484740257263,-0.045680783689022064,0.6300413012504578,0.6887608766555786,0.03313199430704117,0.6297834515571594,0.6926741003990173,-0.09232740104198456,0.6200095415115356,0.723882794380188,-0.002763299737125635,0.6195770502090454,0.7241575717926025,-0.039372317492961884,0.5733312964439392,0.6871169805526733,0.13771739602088928,0.5809561014175415,0.7154940962791443,-0.1500159651041031,0.5832775831222534,0.810811460018158,0.166874498128891,0.5867863893508911,0.8491436243057251,-0.1616002321243286,0.6393872499465942,0.8162368535995483,0.13702556490898132,0.6472612619400024,0.832159698009491,-0.08335211127996445,0.6545987725257874,0.8133828639984131,0.143980011343956,0.6635310053825378,0.8305009007453918,-0.10125056654214859,0.6559513807296753,0.8073359727859497,0.1414247304201126,0.6621699929237366,0.817896842956543,-0.09263093024492264,0.650580108165741,0.8077550530433655,0.13411346077919006,0.6563283205032349,0.8169905543327332,-0.07841616123914719,0.4495117664337158,0.7513839602470398,0.08865896612405777,0.4514683783054352,0.7898852825164795,-0.08865207433700562,0.35431966185569763,0.8159553408622742,0.12134867906570435,0.35027259588241577,0.8360623121261597,-0.055544935166835785,0.2549760341644287,0.8401203751564026,0.17595301568508148,0.25081026554107666,0.8614462018013,-0.018693607300519943,0.23642298579216003,0.8358258008956909,0.17843365669250488,0.22985772788524628,0.8553458452224731,-0.018543561920523643,0.2669941186904907,0.8943638205528259,0.14653590321540833,0.2649114727973938,0.9156490564346313,-0.07170166820287704
1781515919.9199035,plank,0.630209743976593,0.7340543270111084,-0.036951351910829544,0.6380621194839478,0.7194185256958008,-0.02858509123325348,0.638001561164856,0.716363251209259,-0.028589555993676186,0.637904942035675,0.7133286595344543,-0.028593113645911217,0.6378028392791748,0.719671905040741,-0.05659022182226181,0.6375678777694702,0.7167844772338867,-0.05659789964556694,0.637352466583252,0.7139111757278442,-0.056642185896635056,0.6310928463935852,0.6913838982582092,0.02384527586400509,0.6304870843887329,0.694539487361908,-0.10214348882436752,0.6199967861175537,0.7265169620513916,-0.01310248114168644,0.6195386052131653,0.7266805768013,-0.049844253808259964,0.5749028325080872,0.6873279213905334,0.12826897203922272,0.5807219743728638,0.7158563137054443,-0.1562999188899994,0.5852272510528564,0.8120269179344177,0.16081860661506653,0.5867299437522888,0.8495742678642273,-0.17141948640346527,0.6410667300224304,0.8167553544044495,0.13539455831050873,0.6473685503005981,0.8325695395469666,-0.09867726266384125,0.6561239361763,0.8138309121131897,0.1428171694278717,0.6636122465133667,0.8312146663665771,-0.11759023368358612,0.6573198437690735,0.8076490759849548,0.1395086795091629,0.6624293327331543,0.8185166120529175,-0.10777787864208221,0.6522372961044312,0.8079598546028137,0.13232830166816711,0.6568354368209839,0.8175968527793884,-0.09348709136247635,0.4496695399284363,0.751521110534668,0.08861513435840607,0.4514085352420807,0.7898872494697571,-0.08861012011766434,0.354159414768219,0.8160942196846008,0.11891404539346695,0.3499794602394104,0.8360459804534912,-0.0559021532535553,0.2551385760307312,0.8398873805999756,0.16966047883033752,0.2507472336292267,0.8611920475959778,-0.021963603794574738,0.23659023642539978,0.8357492089271545,0.17187464237213135,0.229938343167305,0.8552955389022827,-0.022455763071775436,0.2673920691013336,0.894320011138916,0.1381942182779312,0.26508110761642456,0.9153265357017517,-0.07784216105937958
1781515920.1038878,plank,0.6293820142745972,0.735357403755188,-0.03654676303267479,0.6377281546592712,0.7210818529129028,-0.028405632823705673,0.6377674341201782,0.7179965376853943,-0.028408164158463478,0.6378032565116882,0.7149034142494202,-0.02841094695031643,0.637451708316803,0.7212453484535217,-0.056224972009658813,0.6372789144515991,0.7182763814926147,-0.05623306706547737,0.637165904045105,0.7152920961380005,-0.05627810209989548,0.6313876509666443,0.6925889849662781,0.023015528917312622,0.6306959986686707,0.6955138444900513,-0.10209347307682037,0.6193002462387085,0.727691650390625,-0.01304876059293747,0.618741512298584,0.7278022766113281,-0.049571387469768524,0.5753161311149597,0.6873950362205505,0.12656943500041962,0.5805274248123169,0.7159852981567383,-0.15635386109352112,0.58567214012146,0.8120406270027161,0.15948204696178436,0.5867778062820435,0.8496987223625183,-0.17136715352535248,0.6415423154830933,0.8169085383415222,0.13513442873954773,0.6476426124572754,0.8330024480819702,-0.10168153047561646,0.6566638946533203,0.8138556480407715,0.14296166598796844,0.6638221144676208,0.8318058252334595,-0.12072278559207916,0.6578691601753235,0.8078043460845947,0.13936097919940948,0.6627817153930664,0.8190295696258545,-0.11034797132015228,0.6528449654579163,0.8080766201019287,0.1320655345916748,0.6574239730834961,0.8181062340736389,-0.09635691344738007,0.4495554566383362,0.7516283392906189,0.08812357485294342,0.45136865973472595,0.7897832989692688,-0.08812470734119415,0.35421067476272583,0.8160753846168518,0.11784406006336212,0.3500133156776428,0.8357870578765869,-0.055435407906770706,0.2555256187915802,0.8398144245147705,0.16926437616348267,0.2510986924171448,0.861104428768158,-0.021181510761380196,0.23684832453727722,0.8357409238815308,0.17154593765735626,0.2303301841020584,0.8552820682525635,-0.02167089469730854,0.2676483988761902,0.8941759467124939,0.13723912835121155,0.2653420567512512,0.9149919152259827,-0.0769352987408638
1781515920.273845,plank,0.6287819147109985,0.7364582419395447,-0.04004273563623428,0.6373946666717529,0.7219900488853455,-0.032125361263751984,0.6374980807304382,0.7188535332679749,-0.03213244304060936,0.6376101970672607,0.7157250046730042,-0.03214074671268463,0.6370950937271118,0.7221952676773071,-0.06015745922923088,0.6369655728340149,0.7191954851150513,-0.06015937402844429,0.636926531791687,0.7161833047866821,-0.06020472198724747,0.6313921213150024,0.693615734577179,0.019013401120901108,0.6306823492050171,0.6964315176010132,-0.1071191281080246,0.6187955141067505,0.7285115718841553,-0.016537770628929138,0.6181771159172058,0.7287856936454773,-0.053364597260951996,0.5752178430557251,0.687454342842102,0.12313660234212875,0.580045759677887,0.7160282731056213,-0.15932029485702515,0.585773229598999,0.8119623064994812,0.15807673335075378,0.5867201089859009,0.849727213382721,-0.17772959172725677,0.6414812803268433,0.8168905377388,0.13605950772762299,0.6477159261703491,0.8330993056297302,-0.11235280334949493,0.6565893888473511,0.8136051893234253,0.14442172646522522,0.6638401746749878,0.8319727778434753,-0.1323823630809784,0.657814621925354,0.8077786564826965,0.14104251563549042,0.6628243923187256,0.8192031979560852,-0.12118033319711685,0.6527555584907532,0.8080753087997437,0.13316965103149414,0.6575180292129517,0.8182914853096008,-0.10689613968133926,0.44950729608535767,0.7516835331916809,0.08796260505914688,0.4510765075683594,0.7895497679710388,-0.08796404302120209,0.35434895753860474,0.8160056471824646,0.1178499087691307,0.3501508831977844,0.8356367945671082,-0.05492563918232918,0.25607919692993164,0.8398593664169312,0.17037692666053772,0.2517271637916565,0.8610982298851013,-0.020203370600938797,0.23722413182258606,0.8357570171356201,0.17290131747722626,0.23079076409339905,0.85527104139328,-0.020621750503778458,0.2678057849407196,0.8941755294799805,0.13890822231769562,0.2654901146888733,0.9149925112724304,-0.07572866976261139
1781515920.4636853,plank,0.6286260485649109,0.7365548014640808,-0.03405143320560455,0.6372401714324951,0.7221847772598267,-0.026424001902341843,0.6373631954193115,0.7190663814544678,-0.02642672322690487,0.6375047564506531,0.7159497737884521,-0.02643216773867607,0.6369501352310181,0.7224153876304626,-0.05454246327280998,0.636842668056488,0.7194557189941406,-0.05454180762171745,0.6368335485458374,0.7164689898490906,-0.05459079146385193,0.6313838958740234,0.6939970850944519,0.02237265184521675,0.6306755542755127,0.6968680620193481,-0.10421587526798248,0.6185814738273621,0.7285804152488708,-0.011389734223484993,0.617975652217865,0.7288561463356018,-0.04830838367342949,0.5750097036361694,0.6874074935913086,0.12542566657066345,0.5798941850662231,0.7161606550216675,-0.15852399170398712,0.5857337713241577,0.81078040599823,0.15884166955947876,0.5867530107498169,0.8497565388679504,-0.17624668776988983,0.6414009928703308,0.8168367743492126,0.13852821290493011,0.6478654146194458,0.8333642482757568,-0.1059562936425209,0.6564534306526184,0.8134978413581848,0.1471846103668213,0.6640000939369202,0.8323013186454773,-0.12489447742700577,0.6577762365341187,0.8077582716941833,0.14327503740787506,0.6630257368087769,0.8194664716720581,-0.1160130649805069,0.6526859998703003,0.8080413937568665,0.13543309271335602,0.657791018486023,0.8185631036758423,-0.10113191604614258,0.4494033753871918,0.7512743473052979,0.08823375403881073,0.45050209760665894,0.7893539667129517,-0.08823533356189728,0.3543150722980499,0.8159723877906799,0.11811355501413345,0.3498932123184204,0.8355305194854736,-0.055081672966480255,0.2561034858226776,0.8397295475006104,0.17045079171657562,0.25162211060523987,0.860896646976471,-0.02116069197654724,0.237288236618042,0.8355028033256531,0.17285844683647156,0.23072192072868347,0.8549790978431702,-0.021691089496016502,0.2678115963935852,0.8940654397010803,0.13984201848506927,0.2654327154159546,0.9150681495666504,-0.07695551216602325
1781515920.653002,plank,0.6286580562591553,0.7371788620948792,-0.03377797082066536,0.6372746229171753,0.7230957746505737,-0.026085147634148598,0.6373959183692932,0.7199290990829468,-0.02608693577349186,0.6375367045402527,0.7167657613754272,-0.026092877611517906,0.6369912624359131,0.723476231098175,-0.05415459722280502,0.6368902921676636,0.7205654382705688,-0.054154347628355026,0.636886477470398,0.7175686955451965,-0.05419900268316269,0.6315315961837769,0.6947599053382874,0.0227503664791584,0.6307976245880127,0.6974684596061707,-0.10345401614904404,0.6185877919197083,0.7290928959846497,-0.011083761230111122,0.6179875731468201,0.729541540145874,-0.047915104776620865,0.5747710466384888,0.6873964667320251,0.126338392496109,0.5798668265342712,0.7166165113449097,-0.15711459517478943,0.5857228636741638,0.8103019595146179,0.1594427525997162,0.5868282318115234,0.8497775793075562,-0.17219963669776917,0.6412262916564941,0.8167363405227661,0.13597626984119415,0.6479178071022034,0.833632230758667,-0.09846018254756927,0.6562502980232239,0.8133106827735901,0.14385440945625305,0.6640623211860657,0.8326362371444702,-0.11617983877658844,0.6575124263763428,0.8077360391616821,0.14076998829841614,0.6630765199661255,0.8196508884429932,-0.10613957792520523,0.6525231599807739,0.8080227375030518,0.13310852646827698,0.6578741073608398,0.8187304139137268,-0.0930432602763176,0.44944748282432556,0.7505736351013184,0.08825575560331345,0.4505217969417572,0.7893661260604858,-0.08826085925102234,0.35448887944221497,0.815373420715332,0.12062352895736694,0.34994858503341675,0.8353164792060852,-0.05377405881881714,0.2562375068664551,0.8392032980918884,0.17568087577819824,0.25158828496932983,0.8605794310569763,-0.01859348453581333,0.23768845200538635,0.8348910212516785,0.17839062213897705,0.23081083595752716,0.8544600009918213,-0.018874863162636757,0.2679918110370636,0.8931131958961487,0.14714303612709045,0.2655943036079407,0.9147142767906189,-0.07256218045949936
1781515920.838769,plank,0.6287492513656616,0.7374113202095032,-0.03553047031164169,0.6374303102493286,0.7234094142913818,-0.027446037158370018,0.6375595331192017,0.7203182578086853,-0.027449047192931175,0.637701690196991,0.7172170281410217,-0.02745429240167141,0.6371228694915771,0.7236573696136475,-0.05540858954191208,0.637022078037262,0.7207391262054443,-0.055412400513887405,0.6370096206665039,0.7177170515060425,-0.05545743554830551,0.631787121295929,0.6951079368591309,0.022733286023139954,0.6309528350830078,0.6975091099739075,-0.10321022570133209,0.6187741160392761,0.729432225227356,-0.012318517081439495,0.6181656122207642,0.7297947406768799,-0.04898068681359291,0.5750949382781982,0.6875118017196655,0.12630662322044373,0.5799932479858398,0.7167083621025085,-0.15734364092350006,0.5863739252090454,0.8121658563613892,0.15865778923034668,0.5868720412254333,0.8497874736785889,-0.1720426380634308,0.6417438387870789,0.8170183897018433,0.13173715770244598,0.6479148864746094,0.8336187601089478,-0.09591910243034363,0.6570183634757996,0.813991129398346,0.1386253535747528,0.6640187501907349,0.8327843546867371,-0.11368466913700104,0.6579024195671082,0.808192253112793,0.13487936556339264,0.6630691289901733,0.8197678327560425,-0.10365793853998184,0.65289705991745,0.8082854151725769,0.12840262055397034,0.6578632593154907,0.8188247680664062,-0.0904444009065628,0.4495016932487488,0.7505749464035034,0.08846118301153183,0.45071202516555786,0.7892641425132751,-0.08846671879291534,0.35456424951553345,0.8154309391975403,0.12060542404651642,0.35002464056015015,0.8352855443954468,-0.054696448147296906,0.256329208612442,0.8391586542129517,0.1750565767288208,0.2515750229358673,0.8605561256408691,-0.020145101472735405,0.23804239928722382,0.8346676230430603,0.1775030791759491,0.23096199333667755,0.8543556928634644,-0.02055584266781807,0.26795968413352966,0.8932054042816162,0.14492559432983398,0.26549622416496277,0.914733350276947,-0.07521864771842957
1781515921.0121891,plank,0.6309734582901001,0.736459493637085,-0.033154718577861786,0.6393360495567322,0.7217214703559875,-0.02498641051352024,0.6393369436264038,0.7187454104423523,-0.02499091811478138,0.639331579208374,0.7157270908355713,-0.024997929111123085,0.6391203999519348,0.7219977378845215,-0.05346208065748215,0.638957679271698,0.7191497087478638,-0.053467243909835815,0.6388402581214905,0.7162488102912903,-0.05351636931300163,0.6328850388526917,0.6938479542732239,0.025343094021081924,0.6324228644371033,0.6966763138771057,-0.10220080614089966,0.6204389333724976,0.7289621233940125,-0.00992456916719675,0.6199733018875122,0.729343831539154,-0.047235626727342606,0.5751745104789734,0.6873406767845154,0.129581019282341,0.5803248882293701,0.7164936661720276,-0.15705975890159607,0.5863028764724731,0.810894787311554,0.16412688791751862,0.5869118571281433,0.8498023748397827,-0.17122212052345276,0.6415730714797974,0.8166507482528687,0.14341117441654205,0.6480423212051392,0.833626389503479,-0.09454899281263351,0.656778872013092,0.8137495517730713,0.15270212292671204,0.6641820669174194,0.8328502178192139,-0.11243028938770294,0.6578856706619263,0.8080783486366272,0.14965489506721497,0.6631635427474976,0.8198062181472778,-0.10182493925094604,0.6528682708740234,0.808127760887146,0.14072075486183167,0.6579824686050415,0.8188365697860718,-0.0888698399066925,0.4495398998260498,0.7503467202186584,0.08865930140018463,0.4506838917732239,0.7890192866325378,-0.08866178244352341,0.3548259139060974,0.8153738379478455,0.12338094413280487,0.35012561082839966,0.8351812362670898,-0.05370374396443367,0.25659602880477905,0.8391263484954834,0.17961756885051727,0.2517153322696686,0.8604739904403687,-0.01688840612769127,0.2385069578886032,0.8343827128410339,0.18250121176242828,0.2311394214630127,0.8540510535240173,-0.017003800719976425,0.267997145652771,0.8932406306266785,0.15190871059894562,0.26548025012016296,0.91465824842453,-0.0707114189863205
1781515921.1189392,plank,0.6343482732772827,0.7297046184539795,-0.02763257920742035,0.6412879824638367,0.713505744934082,-0.019399309530854225,0.6409965753555298,0.7106446623802185,-0.01939590834081173,0.6407071352005005,0.7077681422233582,-0.019398391246795654,0.6412311792373657,0.7139369249343872,-0.048420220613479614,0.6409076452255249,0.7114153504371643,-0.0484313890337944,0.6406130194664001,0.7089102268218994,-0.04848208278417587,0.6333798170089722,0.6873449087142944,0.031295984983444214,0.6332113742828369,0.6917937994003296,-0.0986790731549263,0.623062789440155,0.7241055965423584,-0.0043589165434241295,0.6228362321853638,0.7242806553840637,-0.042318377643823624,0.575165867805481,0.6873254776000977,0.13696613907814026,0.5812150835990906,0.7164866328239441,-0.15544196963310242,0.5850369930267334,0.8094449639320374,0.17157356441020966,0.5869156718254089,0.8497000932693481,-0.16312576830387115,0.6401948928833008,0.8164376020431519,0.15194636583328247,0.6480766534805298,0.8335860967636108,-0.08358607441186905,0.6555896997451782,0.8135977983474731,0.16137263178825378,0.6641770005226135,0.8327785134315491,-0.10117380321025848,0.6568880677223206,0.8079354166984558,0.15761888027191162,0.6631425023078918,0.8197457194328308,-0.0913684070110321,0.6517962217330933,0.8080625534057617,0.1489057093858719,0.6579591035842896,0.8187724351882935,-0.0781899243593216,0.45045024156570435,0.749604344367981,0.08936966955661774,0.45185843110084534,0.7885792851448059,-0.08935903012752533,0.35557466745376587,0.815360426902771,0.12177558243274689,0.35090887546539307,0.8351812362670898,-0.05662009119987488,0.2567481994628906,0.8389452695846558,0.1702640950679779,0.2517833113670349,0.8604339361190796,-0.02662210538983345,0.2385375052690506,0.8340373635292053,0.17224565148353577,0.23115548491477966,0.8538491129875183,-0.02773641049861908,0.26806408166885376,0.8931518793106079,0.14058513939380646,0.2655109763145447,0.9146580100059509,-0.0838046595454216
1781515921.3334727,plank,0.634675145149231,0.7232851386070251,-0.018652502447366714,0.6412657499313354,0.7070751190185547,-0.011148303747177124,0.6409383416175842,0.704453706741333,-0.011133898049592972,0.6406217217445374,0.7019170522689819,-0.011135637760162354,0.6412492990493774,0.7075598239898682,-0.039389707148075104,0.6409165859222412,0.7051598429679871,-0.03940025717020035,0.6406124830245972,0.702921450138092,-0.03944886848330498,0.6331590414047241,0.6821829676628113,0.03643609210848808,0.633135199546814,0.6872482895851135,-0.09029974788427353,0.623344361782074,0.7178508043289185,0.003420999739319086,0.6232477426528931,0.7178835272789001,-0.03353127837181091,0.5741175413131714,0.6868006587028503,0.13940918445587158,0.5818576216697693,0.7165772318840027,-0.14776045083999634,0.5824086666107178,0.8068974614143372,0.17434754967689514,0.5865577459335327,0.8496224880218506,-0.1511070430278778,0.6379340887069702,0.8159438371658325,0.16035889089107513,0.6476751565933228,0.8334047198295593,-0.07125566899776459,0.6535757780075073,0.8126423358917236,0.1711549460887909,0.6637700200080872,0.8324914574623108,-0.08751536160707474,0.6548744440078735,0.8073605298995972,0.16794714331626892,0.6625732183456421,0.8195722699165344,-0.07803408801555634,0.6495797634124756,0.8078609108924866,0.1578553169965744,0.6570969820022583,0.818648099899292,-0.06596048176288605,0.4505746364593506,0.7488465309143066,0.08953593671321869,0.452310174703598,0.788577675819397,-0.08952189981937408,0.3556536138057709,0.8153457641601562,0.12224207818508148,0.35090741515159607,0.8351200819015503,-0.05666011571884155,0.2567858099937439,0.8389197587966919,0.1702592670917511,0.25175604224205017,0.8603509068489075,-0.02633015438914299,0.23872646689414978,0.8340330123901367,0.17231889069080353,0.23128381371498108,0.8537836670875549,-0.027243485674262047,0.26859620213508606,0.8932004570960999,0.14175616204738617,0.265736848115921,0.914793074131012,-0.08265858888626099
1781515921.5381117,plank,0.6347625851631165,0.722132682800293,-0.0194244422018528,0.6412293910980225,0.7053171992301941,-0.011803658679127693,0.6408918499946594,0.7026996612548828,-0.01179240457713604,0.6405671238899231,0.700176477432251,-0.011796451173722744,0.641222357749939,0.7059510350227356,-0.04024915397167206,0.6408854722976685,0.7036030888557434,-0.04025699570775032,0.6405754089355469,0.7014469504356384,-0.0403050035238266,0.6330013871192932,0.6810785531997681,0.03522435203194618,0.6330932378768921,0.6862547397613525,-0.09105866402387619,0.623451292514801,0.7165206670761108,0.002964601619169116,0.6233791708946228,0.7166688442230225,-0.03426617383956909,0.5737737417221069,0.6863740086555481,0.13650000095367432,0.5822867751121521,0.7165577411651611,-0.14712974429130554,0.5818426012992859,0.8057267665863037,0.1718636453151703,0.5865300893783569,0.8495309352874756,-0.15379023551940918,0.637232780456543,0.8152875304222107,0.16153600811958313,0.6476398706436157,0.8332520127296448,-0.07756240665912628,0.6531670689582825,0.8118447065353394,0.17154455184936523,0.6637317538261414,0.8321865797042847,-0.0939003974199295,0.654403805732727,0.806553065776825,0.16804452240467072,0.6625239253044128,0.8192802667617798,-0.08465658128261566,0.6489862203598022,0.8072785139083862,0.15871751308441162,0.6569362878799438,0.8183590173721313,-0.07204203307628632,0.4507731795310974,0.7463346719741821,0.08892927318811417,0.45289427042007446,0.7861685156822205,-0.08891623467206955,0.3560812473297119,0.815228283405304,0.11976353079080582,0.3512265682220459,0.8348095417022705,-0.05646499991416931,0.25758683681488037,0.8388709425926208,0.16655388474464417,0.25253236293792725,0.8603031635284424,-0.026813935488462448,0.23958417773246765,0.833649754524231,0.168677419424057,0.2318309098482132,0.8534396886825562,-0.02791314385831356,0.26868000626564026,0.8928148150444031,0.13845005631446838,0.2657417356967926,0.9146672487258911,-0.0830630213022232
1781515921.7261713,plank,0.6347771883010864,0.7216671705245972,-0.0210765041410923,0.6412173509597778,0.7046667337417603,-0.013543630950152874,0.640880286693573,0.702010989189148,-0.013535462319850922,0.6405266523361206,0.699429988861084,-0.013539996929466724,0.6412096619606018,0.7053622603416443,-0.04166579619050026,0.6408706307411194,0.7030198574066162,-0.04167274385690689,0.6405578851699829,0.7008663415908813,-0.041719820350408554,0.6329234838485718,0.6806089282035828,0.034305330365896225,0.6330579519271851,0.6858723163604736,-0.09174728393554688,0.6234864592552185,0.7158409357070923,0.0012773240450769663,0.6234236359596252,0.7160943746566772,-0.03565383702516556,0.5738098621368408,0.6862291693687439,0.13243022561073303,0.5828187465667725,0.7166351079940796,-0.14555825293064117,0.5817325711250305,0.8045728802680969,0.1705797016620636,0.586509108543396,0.8494569659233093,-0.15391141176223755,0.6370312571525574,0.8143328428268433,0.16466008126735687,0.6475221514701843,0.832965075969696,-0.08650273084640503,0.6528299450874329,0.810853898525238,0.17699244618415833,0.6636759638786316,0.832149088382721,-0.10517501831054688,0.6540199518203735,0.8056696653366089,0.17236769199371338,0.6624592542648315,0.8191462755203247,-0.09416460990905762,0.6485844850540161,0.8064727187156677,0.1620408594608307,0.6567574739456177,0.8181082010269165,-0.08104099333286285,0.45075827836990356,0.745623767375946,0.08725308626890182,0.45317164063453674,0.7857810854911804,-0.0872517079114914,0.3574763536453247,0.8150574564933777,0.11878035217523575,0.35317933559417725,0.8345413208007812,-0.05307910591363907,0.2586947977542877,0.8387817144393921,0.1681172400712967,0.25359395146369934,0.860467255115509,-0.02101483941078186,0.2406088411808014,0.8333095908164978,0.17083337903022766,0.2327255755662918,0.8531068563461304,-0.021578513085842133,0.2686007618904114,0.8927674293518066,0.14278735220432281,0.2657212018966675,0.9145927429199219,-0.07431406527757645
1781515921.8999274,plank,0.6347008943557739,0.7219529151916504,-0.017440617084503174,0.6411343812942505,0.7048822045326233,-0.010274307802319527,0.6407667994499207,0.7021526098251343,-0.010264071635901928,0.6403759717941284,0.6994823217391968,-0.010265598073601723,0.6411531567573547,0.7056750655174255,-0.038055669516325,0.6408092975616455,0.7033365964889526,-0.03806525468826294,0.6404902935028076,0.7011821269989014,-0.0381154865026474,0.6326307654380798,0.6806840300559998,0.03622395917773247,0.6329712867736816,0.6860586404800415,-0.08880423754453659,0.6234406232833862,0.7159212827682495,0.004171879030764103,0.6233821511268616,0.7162454128265381,-0.032297760248184204,0.5739063024520874,0.6861134171485901,0.13591960072517395,0.583299458026886,0.7169598340988159,-0.14394983649253845,0.5816347002983093,0.8040201663970947,0.17454862594604492,0.5864872336387634,0.8492352962493896,-0.15133798122406006,0.6368424296379089,0.8139790892601013,0.16544897854328156,0.647437334060669,0.8328856825828552,-0.08221345394849777,0.6525737643241882,0.810278594493866,0.17730343341827393,0.6636694669723511,0.8324488401412964,-0.09998948127031326,0.6538368463516235,0.805340051651001,0.1727810800075531,0.6624288558959961,0.819201648235321,-0.08972875028848648,0.6483598947525024,0.8062276244163513,0.16272972524166107,0.6566699743270874,0.8180457949638367,-0.07691998779773712,0.4507783055305481,0.745328426361084,0.08705831319093704,0.4534932076931,0.7855516076087952,-0.08706288784742355,0.35813528299331665,0.8147603273391724,0.11835789680480957,0.3536706864833832,0.8340373635292053,-0.054493535310029984,0.2592395544052124,0.8386645913124084,0.16427770256996155,0.25407320261001587,0.8604059219360352,-0.025816703215241432,0.24065034091472626,0.8332529067993164,0.16624638438224792,0.23280069231987,0.8530199527740479,-0.026826199144124985,0.26837852597236633,0.8931913375854492,0.13623464107513428,0.26554808020591736,0.9146384596824646,-0.08120705187320709
1781515922.0889091,plank,0.6344500780105591,0.7221635580062866,-0.020342377945780754,0.6408610939979553,0.7051639556884766,-0.012940265238285065,0.6404933929443359,0.7024421691894531,-0.01293238252401352,0.6400917768478394,0.6997751593589783,-0.012932565994560719,0.6408354043960571,0.7058567404747009,-0.040064338594675064,0.6404726505279541,0.7034744620323181,-0.040073588490486145,0.6401211023330688,0.7012777328491211,-0.040118876844644547,0.6323713064193726,0.680820882320404,0.03376949205994606,0.6327596306800842,0.6860949397087097,-0.08934830874204636,0.6233773827552795,0.7161129713058472,0.0015997284790500998,0.6233001947402954,0.7163798213005066,-0.03404035046696663,0.5739684700965881,0.6861530542373657,0.1337069272994995,0.5834100842475891,0.7172662615776062,-0.14454039931297302,0.5816435217857361,0.8049801588058472,0.1688476949930191,0.5863620042800903,0.8492645025253296,-0.15177522599697113,0.6368848085403442,0.8140144348144531,0.15196634829044342,0.6472501754760742,0.8326072692871094,-0.07954148948192596,0.6525946259498596,0.8102933168411255,0.16168108582496643,0.6635687351226807,0.8325001001358032,-0.09705732762813568,0.6538406610488892,0.8053954839706421,0.15734146535396576,0.6623197197914124,0.8191719651222229,-0.08742780238389969,0.6483120322227478,0.8062504529953003,0.14901287853717804,0.656463086605072,0.8178953528404236,-0.07440459728240967,0.4507191777229309,0.7448893189430237,0.08678663522005081,0.4538039267063141,0.7853508591651917,-0.08679310232400894,0.35826101899147034,0.8145950436592102,0.11348746716976166,0.3543647527694702,0.8338639140129089,-0.05675479769706726,0.25921884179115295,0.8386496901512146,0.15649846196174622,0.25432324409484863,0.8604081273078918,-0.030046096071600914,0.24004793167114258,0.8333093523979187,0.15789249539375305,0.2327709197998047,0.8530769944190979,-0.03134074807167053,0.26760178804397583,0.8936631679534912,0.12318086624145508,0.26533904671669006,0.9146905541419983,-0.08787930011749268
1781515922.274103,plank,0.6343567371368408,0.7223061323165894,-0.017265360802412033,0.6407750248908997,0.705332338809967,-0.009863858111202717,0.6403985023498535,0.7026007175445557,-0.009855294600129128,0.6399844288825989,0.6999213695526123,-0.009856381453573704,0.6407552361488342,0.7060070037841797,-0.037550054490566254,0.6403923034667969,0.703607976436615,-0.037560828030109406,0.6400391459465027,0.7013964056968689,-0.03760999068617821,0.6322625875473022,0.6808921098709106,0.03703352063894272,0.632697343826294,0.6861653923988342,-0.08759470283985138,0.6232905387878418,0.7161814570426941,0.004558072425425053,0.6232390403747559,0.716461181640625,-0.03177272528409958,0.5737942457199097,0.6861494779586792,0.13870316743850708,0.5834130644798279,0.7172695398330688,-0.14410606026649475,0.5815258026123047,0.8050087094306946,0.1731753647327423,0.586338996887207,0.8492171168327332,-0.15158933401107788,0.636692225933075,0.8139086365699768,0.1606944501399994,0.6472147703170776,0.832716703414917,-0.07827698439359665,0.6524285078048706,0.8102602362632751,0.17279300093650818,0.6636030077934265,0.8328564167022705,-0.09559907019138336,0.6536428332328796,0.8053299784660339,0.16876623034477234,0.6623095273971558,0.8192840814590454,-0.08563438057899475,0.6480630040168762,0.8061594367027283,0.15825852751731873,0.6564172506332397,0.8179604411125183,-0.07293011248111725,0.4505522847175598,0.7442935705184937,0.08715340495109558,0.45396894216537476,0.7847616672515869,-0.08715943992137909,0.35817384719848633,0.8147631287574768,0.11364839971065521,0.3543972373008728,0.8338658809661865,-0.05863383412361145,0.2590605318546295,0.8385046124458313,0.1574094444513321,0.25436335802078247,0.8604029417037964,-0.03120443783700466,0.23957213759422302,0.8331997990608215,0.15883103013038635,0.2327486276626587,0.8530113101005554,-0.0323013998568058,0.2662120461463928,0.893733561038971,0.12394708395004272,0.2643408179283142,0.9148188233375549,-0.0885409265756607
1781515922.3806415,plank,0.6342672109603882,0.7223538160324097,-0.017824672162532806,0.6407071352005005,0.7053837776184082,-0.01036200113594532,0.6403247714042664,0.7026572227478027,-0.010353533551096916,0.6399023532867432,0.6999797224998474,-0.01035390980541706,0.640701413154602,0.7060487270355225,-0.038062237203121185,0.640346109867096,0.7036504149436951,-0.038073524832725525,0.6400006413459778,0.7014341950416565,-0.038122229278087616,0.6322309970855713,0.6809263229370117,0.0363614484667778,0.6326846480369568,0.6861889958381653,-0.088035948574543,0.6232051253318787,0.7161993980407715,0.004086851142346859,0.623179018497467,0.7164969444274902,-0.03225533291697502,0.5735712647438049,0.686148464679718,0.13748911023139954,0.5834168195724487,0.7172726988792419,-0.14428791403770447,0.5814465284347534,0.8050008416175842,0.17339566349983215,0.5862756371498108,0.8491328954696655,-0.15503555536270142,0.6365779638290405,0.8138585686683655,0.16257110238075256,0.6471856832504272,0.8328008651733398,-0.0928504467010498,0.6522486805915833,0.8102082014083862,0.1749553680419922,0.6636040210723877,0.8330939412117004,-0.11256015300750732,0.6535037159919739,0.8052851557731628,0.17008601129055023,0.662308931350708,0.8193560242652893,-0.10049216449260712,0.6479365229606628,0.8061192035675049,0.15984632074832916,0.656408429145813,0.8180044293403625,-0.0871308371424675,0.4501410126686096,0.7441312074661255,0.08715525269508362,0.4538147449493408,0.7848058938980103,-0.08716176450252533,0.35815879702568054,0.814764678478241,0.11716793477535248,0.3543850779533386,0.8339135646820068,-0.057289015501737595,0.2589098811149597,0.8386166095733643,0.16887061297893524,0.2543441653251648,0.8604090213775635,-0.02364666573703289,0.23940786719322205,0.833247184753418,0.17138996720314026,0.23274807631969452,0.8530004024505615,-0.023785490542650223,0.2658805251121521,0.8937237858772278,0.1392180621623993,0.26408421993255615,0.9148111343383789,-0.07784189283847809
1781515922.5084991,plank,0.6340262293815613,0.7229445576667786,-0.020492233335971832,0.6406229734420776,0.7059162855148315,-0.013070027343928814,0.6402502059936523,0.7030972838401794,-0.013065723702311516,0.6398397088050842,0.7003308534622192,-0.013069560751318932,0.6406076550483704,0.7065916061401367,-0.04120038449764252,0.6402595639228821,0.704133152961731,-0.04120654985308647,0.6399208903312683,0.7018393874168396,-0.04125397652387619,0.6321962475776672,0.6811165809631348,0.034591592848300934,0.6326483488082886,0.686404287815094,-0.09163564443588257,0.6229597330093384,0.7165385484695435,0.0019081642385572195,0.6229437589645386,0.7169675230979919,-0.03501083701848984,0.5735179781913757,0.6861714124679565,0.13638143241405487,0.5834517478942871,0.7173194289207458,-0.14584966003894806,0.5814162492752075,0.8050945997238159,0.17331795394420624,0.5863040089607239,0.8490986227989197,-0.15971049666404724,0.6364487409591675,0.813795804977417,0.16263890266418457,0.6471994519233704,0.8328415751457214,-0.10052734613418579,0.6521039009094238,0.8101784586906433,0.17478957772254944,0.663663387298584,0.8331620097160339,-0.12099902331829071,0.6533374786376953,0.8051983118057251,0.17021633684635162,0.6623100638389587,0.8193626403808594,-0.10881278663873672,0.6477707624435425,0.8060328960418701,0.15996231138706207,0.6563748717308044,0.8180074095726013,-0.09486868232488632,0.44972163438796997,0.7442370653152466,0.08722878992557526,0.4537068009376526,0.7850155234336853,-0.08723599463701248,0.3581085503101349,0.8148699998855591,0.11880861222743988,0.35436373949050903,0.8339239358901978,-0.0564393624663353,0.25882917642593384,0.8386879563331604,0.1723688840866089,0.25429171323776245,0.8602867722511292,-0.02115202508866787,0.23933467268943787,0.8332754969596863,0.1750921756029129,0.23272275924682617,0.8527743816375732,-0.021261828020215034,0.2657544016838074,0.894168496131897,0.1428091824054718,0.26375535130500793,0.914965808391571,-0.07558892667293549
1781515922.6326818,plank,0.6338555812835693,0.7230522036552429,-0.02193479798734188,0.6405956745147705,0.7059595584869385,-0.014833830296993256,0.6402279138565063,0.703155517578125,-0.014834009110927582,0.639828622341156,0.7004019618034363,-0.014843958429992199,0.640579342842102,0.7066358923912048,-0.04229552298784256,0.6402343511581421,0.70417720079422,-0.042298443615436554,0.6399012804031372,0.7018967270851135,-0.04234390705823898,0.6322514414787292,0.681159257888794,0.03135080263018608,0.6326415538787842,0.6864465475082397,-0.09198644757270813,0.6228522658348083,0.7169241905212402,-0.00017127054161392152,0.6228009462356567,0.7173135280609131,-0.036160603165626526,0.5735964179039001,0.6861217617988586,0.13078640401363373,0.5835627317428589,0.7173227667808533,-0.14574967324733734,0.5814870595932007,0.8054570555686951,0.16588500142097473,0.5862852334976196,0.8491076827049255,-0.15898317098617554,0.6363691687583923,0.8137986660003662,0.1524946391582489,0.6471573114395142,0.8330302834510803,-0.0972938984632492,0.6519700884819031,0.8102476596832275,0.16342751681804657,0.6636298894882202,0.833302915096283,-0.11692758649587631,0.653230607509613,0.8052571415901184,0.15912500023841858,0.6622611284255981,0.819421648979187,-0.10541494935750961,0.6476576924324036,0.8060732483863831,0.1497746706008911,0.6563111543655396,0.8180791139602661,-0.0918179601430893,0.4497748911380768,0.7442551255226135,0.0865999087691307,0.45374464988708496,0.7852341532707214,-0.0866096019744873,0.35809510946273804,0.8156740665435791,0.11734256893396378,0.3543383777141571,0.8340287208557129,-0.05620081350207329,0.2588147521018982,0.839255690574646,0.17000803351402283,0.2543056607246399,0.8602579832077026,-0.02157132886350155,0.23933999240398407,0.8335912227630615,0.17248010635375977,0.2327965945005417,0.8526715636253357,-0.02182554081082344,0.265464186668396,0.8947751522064209,0.1394067257642746,0.26316601037979126,0.9149218797683716,-0.07615344226360321
1781515922.755838,plank,0.6322058439254761,0.7336389422416687,-0.04138423874974251,0.639783501625061,0.719822347164154,-0.033574461936950684,0.6396474242210388,0.7168627381324768,-0.03358444944024086,0.6394873857498169,0.7138105034828186,-0.03359755501151085,0.6396116614341736,0.7199227809906006,-0.06000991538167,0.6393788456916809,0.7171211838722229,-0.06001286953687668,0.6391785740852356,0.7141408920288086,-0.06004903465509415,0.6323589086532593,0.6918413639068604,0.01852702908217907,0.6323741674423218,0.6935049295425415,-0.10051101446151733,0.6219213008880615,0.7267731428146362,-0.017452897503972054,0.6215431094169617,0.7269556522369385,-0.052102215588092804,0.5752303600311279,0.687003493309021,0.12212904542684555,0.5827659368515015,0.7178964614868164,-0.15169259905815125,0.583677351474762,0.8096317052841187,0.15166208148002625,0.5861705541610718,0.8493567705154419,-0.16470324993133545,0.638573169708252,0.8156909346580505,0.1237136572599411,0.6468173861503601,0.8331512212753296,-0.09502705186605453,0.6534305214881897,0.8130077719688416,0.12996110320091248,0.6634269952774048,0.8335847854614258,-0.11408917605876923,0.6546145677566528,0.8075011968612671,0.1270463764667511,0.6621564030647278,0.8196186423301697,-0.10334013402462006,0.6492096185684204,0.8075563311576843,0.12082353979349136,0.6561936140060425,0.8182810544967651,-0.08960908651351929,0.4499255120754242,0.7459325790405273,0.08653110265731812,0.45368051528930664,0.7868151068687439,-0.08654255419969559,0.35808223485946655,0.8157543540000916,0.1168096661567688,0.3543752431869507,0.8341621160507202,-0.0562259741127491,0.2588053047657013,0.839267909526825,0.16944818198680878,0.25433439016342163,0.8599389791488647,-0.020848635584115982,0.23934099078178406,0.8336045742034912,0.1717565506696701,0.23290717601776123,0.8524932861328125,-0.021068675443530083,0.2654881477355957,0.8948476910591125,0.1372183859348297,0.2631756365299225,0.9148096442222595,-0.07683713734149933
1781515922.8824341,plank,0.6307070255279541,0.7387095093727112,-0.04310682788491249,0.6390292048454285,0.7257009148597717,-0.0353916697204113,0.6391162276268005,0.7226729393005371,-0.03540213033556938,0.6391689777374268,0.7195149660110474,-0.03541407734155655,0.6387418508529663,0.7257545590400696,-0.062162887305021286,0.6386405825614929,0.7228831052780151,-0.06216450408101082,0.6385860443115234,0.7197442650794983,-0.062201809138059616,0.6324396729469299,0.6973363757133484,0.016429858282208443,0.632270097732544,0.6977691650390625,-0.10392747819423676,0.6209494471549988,0.7315056920051575,-0.01927078329026699,0.6203127503395081,0.7317293882369995,-0.0543995276093483,0.5758854746818542,0.6876112818717957,0.11966772377490997,0.5821530222892761,0.7181308269500732,-0.15454967319965363,0.5852596163749695,0.8111129999160767,0.15087288618087769,0.5860740542411804,0.8494049906730652,-0.17029574513435364,0.6402198672294617,0.8163413405418396,0.12406204640865326,0.6467416286468506,0.8333234786987305,-0.09912587702274323,0.6546825170516968,0.8138309717178345,0.1308331936597824,0.6633964776992798,0.833797037601471,-0.1175081729888916,0.656241774559021,0.8082998394966125,0.12730199098587036,0.6621796488761902,0.8199760317802429,-0.10713829845190048,0.6509678959846497,0.8081002831459045,0.12098304182291031,0.6562681794166565,0.818684995174408,-0.0936887115240097,0.4497831463813782,0.7473807334899902,0.08640898019075394,0.4533623158931732,0.7875246405601501,-0.08642114698886871,0.35770437121391296,0.8160449266433716,0.1164613589644432,0.35430464148521423,0.834105372428894,-0.05528625100851059,0.2587854862213135,0.8396219611167908,0.16966259479522705,0.2546309232711792,0.8599452376365662,-0.018333837389945984,0.2392895519733429,0.8339149355888367,0.17194977402687073,0.23321302235126495,0.8525391221046448,-0.01843241974711418,0.26543334126472473,0.8953779339790344,0.13538958132266998,0.2632159888744354,0.9147983193397522,-0.0743890330195427
1781515923.0538275,plank,0.6302107572555542,0.7404273748397827,-0.04472295194864273,0.6388450264930725,0.7274644374847412,-0.03699751943349838,0.6390036344528198,0.7244601845741272,-0.03700806200504303,0.6391187906265259,0.7212759852409363,-0.03702198341488838,0.6385002136230469,0.727479100227356,-0.064169742166996,0.6384320259094238,0.7245893478393555,-0.06417160481214523,0.6384187936782837,0.7214105129241943,-0.06421138346195221,0.6328476071357727,0.6995781064033508,0.014301548711955547,0.6323028802871704,0.7000115513801575,-0.10791663825511932,0.6207050085067749,0.7336467504501343,-0.021144786849617958,0.6200598478317261,0.7338281273841858,-0.05680549144744873,0.5763311386108398,0.6876443028450012,0.11694701761007309,0.5820887088775635,0.7181316018104553,-0.15788623690605164,0.5857294797897339,0.8136566877365112,0.14638230204582214,0.5860308408737183,0.8494354486465454,-0.17234155535697937,0.6403601765632629,0.8174866437911987,0.11830313503742218,0.6467069387435913,0.833695113658905,-0.09866397827863693,0.6549556255340576,0.8149111270904541,0.12486933171749115,0.6633740663528442,0.833905816078186,-0.11678488552570343,0.656283974647522,0.8090561628341675,0.12218751758337021,0.6621878147125244,0.8200825452804565,-0.10628151893615723,0.6510249376296997,0.8087084293365479,0.11550666391849518,0.6563215851783752,0.8188522458076477,-0.09314682334661484,0.44972628355026245,0.7477354407310486,0.0860561802983284,0.45322751998901367,0.7876127362251282,-0.08606450259685516,0.3575918674468994,0.8160511255264282,0.11588700860738754,0.3542947769165039,0.834062933921814,-0.054906755685806274,0.2587668299674988,0.8395915627479553,0.1687205284833908,0.25465530157089233,0.8598492741584778,-0.018631789833307266,0.23936478793621063,0.8338950872421265,0.17087583243846893,0.23332805931568146,0.8525105118751526,-0.018843479454517365,0.2654399275779724,0.8954035639762878,0.1341972053050995,0.2632562518119812,0.9145419001579285,-0.07482098788022995
1781515923.2355669,plank,0.6299961805343628,0.74094557762146,-0.042281512171030045,0.6387118101119995,0.7281485795974731,-0.034578464925289154,0.6389057040214539,0.7251211404800415,-0.03458469361066818,0.6390591263771057,0.7219158411026001,-0.03459572046995163,0.6383454203605652,0.7281798720359802,-0.061786942183971405,0.6382903456687927,0.7252723574638367,-0.061790723353624344,0.6382972002029419,0.7220938801765442,-0.06183433532714844,0.6330162286758423,0.7000876665115356,0.016105912625789642,0.6323131322860718,0.700690746307373,-0.10620288550853729,0.6204971075057983,0.733783483505249,-0.018926460295915604,0.6198424100875854,0.7339772582054138,-0.054641831666231155,0.5768615007400513,0.6877837777137756,0.11880077421665192,0.5819960236549377,0.7180811762809753,-0.1572304666042328,0.5863484740257263,0.8143033385276794,0.14991307258605957,0.58602374792099,0.8494106531143188,-0.17184896767139435,0.6410120725631714,0.8176831007003784,0.12411627918481827,0.6467015743255615,0.8337743878364563,-0.09576372802257538,0.6555262207984924,0.8151596188545227,0.131052628159523,0.663368284702301,0.8340126276016235,-0.11280553042888641,0.6568135023117065,0.809196412563324,0.1279308795928955,0.6622226238250732,0.8201673626899719,-0.10285476595163345,0.6515771746635437,0.8087770938873291,0.12119506299495697,0.6564275026321411,0.8189243078231812,-0.09019219130277634,0.4497004449367523,0.747923731803894,0.08605494350194931,0.452862024307251,0.787614107131958,-0.0860610157251358,0.35753971338272095,0.8160116672515869,0.11570564657449722,0.35428452491760254,0.8341227769851685,-0.05499180033802986,0.2588079571723938,0.8393692970275879,0.16829970479011536,0.25472787022590637,0.8597662448883057,-0.018880682066082954,0.23946912586688995,0.8336633443832397,0.17031678557395935,0.23345649242401123,0.8522981405258179,-0.01913609728217125,0.2654462456703186,0.8953142762184143,0.1336134821176529,0.2633926272392273,0.9145395159721375,-0.0749562531709671
1781515923.3906972,plank,0.6300172805786133,0.7414126992225647,-0.05044891685247421,0.6387047171592712,0.7284405827522278,-0.04259813576936722,0.6389018893241882,0.7253434658050537,-0.04260736331343651,0.6390551328659058,0.7220691442489624,-0.04261953383684158,0.638332188129425,0.728548526763916,-0.07028792053461075,0.6382761001586914,0.7256361246109009,-0.07029560208320618,0.6382849216461182,0.7224602699279785,-0.07033932954072952,0.6331411600112915,0.7001317739486694,0.010063286870718002,0.6323431134223938,0.7011169195175171,-0.11440695822238922,0.620483934879303,0.7337817549705505,-0.026288986206054688,0.6198395490646362,0.7340710163116455,-0.0625920444726944,0.5772735476493835,0.6881043910980225,0.11563750356435776,0.5816247463226318,0.7180925011634827,-0.16519318521022797,0.5867680907249451,0.8147478699684143,0.14556516706943512,0.5859273672103882,0.8494123816490173,-0.1794329434633255,0.6414371132850647,0.8178843259811401,0.11609995365142822,0.6466879844665527,0.8337743282318115,-0.10434635728597641,0.6561391353607178,0.8157975077629089,0.12245889753103256,0.6633662581443787,0.8341553807258606,-0.12235734611749649,0.6574046611785889,0.8097294569015503,0.119026780128479,0.6622549295425415,0.8202759027481079,-0.11248011887073517,0.6520058512687683,0.8091186285018921,0.11287222057580948,0.6564812660217285,0.8189839124679565,-0.09892946481704712,0.4496994614601135,0.7471266984939575,0.08728773891925812,0.4526982307434082,0.7850965857505798,-0.0872960165143013,0.3578246235847473,0.8159538507461548,0.11477358639240265,0.35443928837776184,0.8337187767028809,-0.058698493987321854,0.25883734226226807,0.8392866253852844,0.1653401106595993,0.2547566294670105,0.8596866130828857,-0.025828491896390915,0.2393115758895874,0.8335999250411987,0.16708314418792725,0.23340418934822083,0.8520691990852356,-0.026642147451639175,0.26567983627319336,0.895497739315033,0.1295439749956131,0.2635551393032074,0.9144213199615479,-0.08512835949659348
1781515923.518214,plank,0.6314988136291504,0.7429330348968506,-0.03807670623064041,0.6398946046829224,0.7306586503982544,-0.02903025411069393,0.6400543451309204,0.7277350425720215,-0.029048439115285873,0.6401799321174622,0.7244781255722046,-0.029070597141981125,0.6397914290428162,0.730857253074646,-0.058662138879299164,0.6398420333862305,0.7281138896942139,-0.05866628140211105,0.6399032473564148,0.724989652633667,-0.058708418160676956,0.6350896954536438,0.7019128799438477,0.025932062417268753,0.6341893672943115,0.702302098274231,-0.10692105442285538,0.6221621036529541,0.7358090877532959,-0.013355156406760216,0.6219879388809204,0.7358847856521606,-0.052150093019008636,0.5785006284713745,0.6870400905609131,0.13557715713977814,0.5836501717567444,0.7171010971069336,-0.16748376190662384,0.5864124298095703,0.8127826452255249,0.16301056742668152,0.5859042406082153,0.8496366739273071,-0.16773633658885956,0.6411048173904419,0.8184240460395813,0.12557896971702576,0.646641731262207,0.8352459669113159,-0.06765159964561462,0.6560103297233582,0.8163467645645142,0.13177184760570526,0.6633539795875549,0.8345084190368652,-0.08183114230632782,0.6571561694145203,0.8099778890609741,0.13061785697937012,0.6622244715690613,0.8204634785652161,-0.07273722440004349,0.6517328023910522,0.8092851638793945,0.12242303788661957,0.6564629077911377,0.819502592086792,-0.06181246042251587,0.44967684149742126,0.7294207215309143,0.0925431177020073,0.4511431157588959,0.7578771114349365,-0.09252025932073593,0.3598746657371521,0.8044479489326477,0.11478336900472641,0.3564804196357727,0.8127107620239258,-0.06432503461837769,0.26226919889450073,0.8389241695404053,0.1568492352962494,0.2572392225265503,0.859110414981842,-0.04027675837278366,0.24273750185966492,0.8335778713226318,0.15767475962638855,0.2354663908481598,0.8523842692375183,-0.04194450378417969,0.26602351665496826,0.8982449769973755,0.12295697629451752,0.26325106620788574,0.9165880084037781,-0.10016894340515137
1781515923.7119212,plank,0.6281256079673767,0.7451017498970032,-0.04349900037050247,0.6362367272377014,0.7338637709617615,-0.033015042543411255,0.6363639235496521,0.7311674356460571,-0.03306464105844498,0.6364710330963135,0.7280206680297852,-0.03310617059469223,0.6360569596290588,0.7335903644561768,-0.06374280899763107,0.6360354423522949,0.7307945489883423,-0.06375835090875626,0.6360337138175964,0.7275695204734802,-0.06379641592502594,0.6313998103141785,0.705374538898468,0.025157254189252853,0.6309188008308411,0.7054234743118286,-0.11199036985635757,0.6189257502555847,0.7385267615318298,-0.017811819911003113,0.6183410882949829,0.7381699681282043,-0.05783409625291824,0.5766319632530212,0.6851707696914673,0.13318000733852386,0.5845842361450195,0.7122027277946472,-0.17673328518867493,0.5849177837371826,0.81073397397995,0.14882269501686096,0.5859281420707703,0.8491500020027161,-0.18285897374153137,0.640851616859436,0.8179534077644348,0.07740071415901184,0.6473401784896851,0.8353574872016907,-0.09182962775230408,0.6559363603591919,0.8159438371658325,0.07928253710269928,0.6636040806770325,0.8346364498138428,-0.11248596757650375,0.6569610238075256,0.8090537190437317,0.07453756034374237,0.6626113653182983,0.8205229043960571,-0.0988396555185318,0.6515456438064575,0.8082342147827148,0.07196104526519775,0.6574029922485352,0.8195995688438416,-0.0848216861486435,0.44806307554244995,0.694047212600708,0.09740730375051498,0.4496026933193207,0.7111135125160217,-0.09736816585063934,0.36486488580703735,0.7853606939315796,0.14410391449928284,0.35668545961380005,0.7918851375579834,-0.06796085834503174,0.27554601430892944,0.8339493870735168,0.21269507706165314,0.2571374475955963,0.8556339740753174,-0.04821973294019699,0.26263779401779175,0.8269882798194885,0.21756061911582947,0.23683936893939972,0.8525238037109375,-0.05067955702543259,0.2907629609107971,0.8936658501625061,0.19520877301692963,0.26021650433540344,0.9173746109008789,-0.1058349460363388
1781515923.8630698,plank,0.6160649061203003,0.7450991868972778,-0.15528756380081177,0.6245949268341064,0.7335968613624573,-0.1469995677471161,0.6246687173843384,0.7309975624084473,-0.14703229069709778,0.624704122543335,0.7280002236366272,-0.14708109200000763,0.6245101690292358,0.7335018515586853,-0.1787809133529663,0.6245109438896179,0.7309654355049133,-0.1788022369146347,0.6244980692863464,0.7280957698822021,-0.17882278561592102,0.6191441416740417,0.706153929233551,-0.08405594527721405,0.6189797520637512,0.7069414854049683,-0.22792008519172668,0.6065000891685486,0.7394300699234009,-0.12720748782157898,0.6057026386260986,0.7391141057014465,-0.1695050746202469,0.5660678148269653,0.6813926696777344,0.029403045773506165,0.5784488320350647,0.7106504440307617,-0.2744207978248596,0.5797563791275024,0.8047714829444885,0.06997789442539215,0.5864988565444946,0.8484479188919067,-0.31736212968826294,0.6390976905822754,0.8186766505241394,0.008599275723099709,0.6479665040969849,0.8349462151527405,-0.28003740310668945,0.6550107598304749,0.8160046935081482,0.01211743988096714,0.6653611063957214,0.8342807292938232,-0.31754380464553833,0.6571365594863892,0.8092352747917175,-0.002563193440437317,0.6637392044067383,0.8203743100166321,-0.3048856854438782,0.6509354114532471,0.8085954189300537,-0.0001048998674377799,0.6579040884971619,0.8194664120674133,-0.2759280800819397,0.4464365839958191,0.6766773462295532,0.09679239988327026,0.4453847408294678,0.6914083361625671,-0.09669934958219528,0.5051552057266235,0.746470034122467,0.20133325457572937,0.3561584949493408,0.78232741355896,-0.08125926554203033,0.46101242303848267,0.8108141422271729,0.32861146330833435,0.25639304518699646,0.8555569052696228,-0.07386203110218048,0.44532760977745056,0.8252216577529907,0.33950045704841614,0.23659665882587433,0.8518586754798889,-0.07604816555976868,0.49366623163223267,0.8577788472175598,0.3368290364742279,0.25650203227996826,0.9183619022369385,-0.12481562048196793
1781515924.0498207,plank,0.6172915697097778,0.745550274848938,-0.14172245562076569,0.6262025833129883,0.7334948182106018,-0.13387110829353333,0.6262592077255249,0.7307026982307434,-0.13388174772262573,0.6262916326522827,0.727626383304596,-0.13390524685382843,0.6260066032409668,0.7336020469665527,-0.16516347229480743,0.6259292364120483,0.7309911251068115,-0.1651914417743683,0.6259031295776367,0.7280974388122559,-0.165222629904747,0.6204935312271118,0.7061198353767395,-0.0712217316031456,0.620530366897583,0.7073380947113037,-0.21332967281341553,0.6081408858299255,0.7394310832023621,-0.11383416503667831,0.6077369451522827,0.7393959164619446,-0.15569880604743958,0.5658757090568542,0.6753642559051514,0.03976459428668022,0.5780317783355713,0.7101122736930847,-0.25912997126579285,0.5788735151290894,0.7913077473640442,0.08536387979984283,0.5883371233940125,0.8488960862159729,-0.28866681456565857,0.6389325857162476,0.8131929039955139,0.04352504760026932,0.6487429141998291,0.8346715569496155,-0.23213747143745422,0.6550160646438599,0.8109714984893799,0.05012650415301323,0.6665362119674683,0.8328065872192383,-0.2646738886833191,0.6571194529533386,0.8058752417564392,0.03931779786944389,0.6644501686096191,0.8198360800743103,-0.25516238808631897,0.650987446308136,0.805482804775238,0.037017446011304855,0.658286988735199,0.8190632462501526,-0.22862336039543152,0.4489077627658844,0.6653338074684143,0.0963088795542717,0.4408772587776184,0.6854169964790344,-0.09622921049594879,0.5279040932655334,0.7379270792007446,0.2070111334323883,0.35546427965164185,0.7825316786766052,-0.06382820010185242,0.4741571843624115,0.8150160312652588,0.3305334746837616,0.2595207393169403,0.848705530166626,-0.03062690794467926,0.45979803800582886,0.8262245059013367,0.3412024974822998,0.2390803098678589,0.8426017761230469,-0.0309330765157938,0.5031408667564392,0.8574222326278687,0.3387683928012848,0.2568527162075043,0.9210414290428162,-0.09890743345022202
1781515924.2394955,plank,0.6136947870254517,0.7308797836303711,-0.14441685378551483,0.6223753690719604,0.717485785484314,-0.13622143864631653,0.6226068139076233,0.7148659825325012,-0.13625578582286835,0.6227548718452454,0.7123920917510986,-0.13628412783145905,0.6222237944602966,0.7184262871742249,-0.1681400090456009,0.6223415732383728,0.7164300084114075,-0.16816870868206024,0.6224170923233032,0.7145458459854126,-0.16820450127124786,0.616897463798523,0.6891400814056396,-0.07214980572462082,0.6167712211608887,0.6950417160987854,-0.2175966203212738,0.6055401563644409,0.7247531414031982,-0.11606855690479279,0.6052521467208862,0.7255760431289673,-0.15892866253852844,0.5669479370117188,0.6615505814552307,0.044989630579948425,0.5723918676376343,0.6925283074378967,-0.26818907260894775,0.5791386961936951,0.7647567987442017,0.0940060168504715,0.5875996351242065,0.834419846534729,-0.32188865542411804,0.6358285546302795,0.8023894429206848,0.04572515934705734,0.6484643816947937,0.832816481590271,-0.30335691571235657,0.6534647941589355,0.804889440536499,0.05409771203994751,0.6674335598945618,0.8328316807746887,-0.3442687392234802,0.656643271446228,0.8033830523490906,0.0375489741563797,0.6651249527931213,0.8200336694717407,-0.3301163911819458,0.6498915553092957,0.8025504946708679,0.0369340144097805,0.6583261489868164,0.8187324404716492,-0.2994936406612396,0.45652705430984497,0.6458337306976318,0.09591442346572876,0.4371655583381653,0.6466130614280701,-0.09583210945129395,0.5369782447814941,0.7090515494346619,0.1849336177110672,0.3579644560813904,0.75886470079422,-0.08005163073539734,0.4759335517883301,0.8167406916618347,0.2944487929344177,0.26869720220565796,0.8432396054267883,-0.04660946503281593,0.46130961179733276,0.8344880938529968,0.3032222092151642,0.2502654194831848,0.8317391276359558,-0.04724184423685074,0.5070752501487732,0.8571351766586304,0.28557682037353516,0.2594638466835022,0.918864369392395,-0.12474304437637329
1781515924.4148388,plank,0.6042277812957764,0.6157005429267883,-0.11140843480825424,0.609790563583374,0.5968620777130127,-0.1012299507856369,0.6092925071716309,0.5946877598762512,-0.10128404200077057,0.6086315512657166,0.5926187634468079,-0.10137096792459488,0.6096382737159729,0.5959249138832092,-0.1317402869462967,0.6091368794441223,0.5931382775306702,-0.1317262351512909,0.6085330247879028,0.5903249979019165,-0.13178017735481262,0.5995704531669617,0.5778009295463562,-0.03944389522075653,0.6004823446273804,0.5767050385475159,-0.17848414182662964,0.594170093536377,0.6194519996643066,-0.08507155627012253,0.5944603085517883,0.6187878251075745,-0.1258459985256195,0.5540527701377869,0.5893048644065857,0.05106109380722046,0.5719183683395386,0.6078779101371765,-0.24940729141235352,0.5926575064659119,0.6955174803733826,0.08481521904468536,0.6122628450393677,0.7207499146461487,-0.3467056155204773,0.6349291205406189,0.7811128497123718,-0.024639112874865532,0.6512365937232971,0.8139445781707764,-0.375041663646698,0.6488882899284363,0.7843864560127258,-0.033174388110637665,0.6683377027511597,0.8285509943962097,-0.4276916980743408,0.6493743062019348,0.7850102186203003,-0.063783198595047,0.6669681072235107,0.8215362429618835,-0.40303486585617065,0.6479434967041016,0.7867130637168884,-0.04215259104967117,0.6600375175476074,0.8178934454917908,-0.36881011724472046,0.4458058774471283,0.5951588749885559,0.10263989120721817,0.4318644404411316,0.6012086868286133,-0.10241560637950897,0.503288984298706,0.6967901587486267,0.19747409224510193,0.35482022166252136,0.7289254069328308,-0.08363305777311325,0.46848058700561523,0.8179017901420593,0.3267236351966858,0.26941463351249695,0.8278615474700928,-0.030719969421625137,0.4564577639102936,0.848315954208374,0.33543142676353455,0.24999341368675232,0.8194704055786133,-0.02986123599112034,0.5062708258628845,0.8566199541091919,0.2993144392967224,0.26839953660964966,0.9107916951179504,-0.1265525370836258
1781515924.6104896,plank,0.5930200815200806,0.5409209132194519,-0.031238162890076637,0.5976908802986145,0.521489143371582,-0.021723389625549316,0.5968479514122009,0.5194911956787109,-0.021724367514252663,0.5958706140518188,0.5175180435180664,-0.02176760695874691,0.5984911918640137,0.5206207036972046,-0.052575577050447464,0.5982431173324585,0.5182293653488159,-0.05261131003499031,0.5978925824165344,0.5158394575119019,-0.052681077271699905,0.5865926742553711,0.5049743056297302,0.036205172538757324,0.5897774696350098,0.5037323236465454,-0.10386135429143906,0.5834153294563293,0.5439192056655884,-0.0062922039069235325,0.5851877927780151,0.5420399308204651,-0.04763471335172653,0.5326520204544067,0.5461600422859192,0.14584052562713623,0.5647674798965454,0.5406659245491028,-0.18372586369514465,0.5505552887916565,0.6513263583183289,0.20499315857887268,0.5919783115386963,0.6590803265571594,-0.24618367850780487,0.5712643265724182,0.7396858930587769,0.15173235535621643,0.6104018688201904,0.7661949396133423,-0.24136285483837128,0.5819666981697083,0.755220890045166,0.16463860869407654,0.6226111650466919,0.7898561358451843,-0.2784259617328644,0.5846446752548218,0.7553801536560059,0.1297387331724167,0.6229864358901978,0.7855145931243896,-0.24820809066295624,0.5831223726272583,0.7528351545333862,0.13538676500320435,0.6156876087188721,0.7777406573295593,-0.22996702790260315,0.42541050910949707,0.5704751014709473,0.10284143686294556,0.41968995332717896,0.5600860714912415,-0.10262984037399292,0.49349918961524963,0.6800193190574646,0.16265985369682312,0.3500407338142395,0.7108785510063171,-0.09111211448907852,0.4695264399051666,0.8235429525375366,0.2580122947692871,0.2790537178516388,0.8206956386566162,-0.05487477034330368,0.4521082043647766,0.8622868061065674,0.2653237283229828,0.25999048352241516,0.8210810422897339,-0.05468828231096268,0.5041122436523438,0.857453465461731,0.2408401519060135,0.28957149386405945,0.9044336080551147,-0.13273176550865173
1781515924.7685997,plank,0.5836687088012695,0.4491168260574341,-0.003964989446103573,0.587422251701355,0.43332138657569885,0.005625124089419842,0.5869816541671753,0.43182262778282166,0.005551460664719343,0.5864933729171753,0.43018585443496704,0.005486843176186085,0.5866400003433228,0.4319736957550049,-0.018731748685240746,0.5857438445091248,0.4299672842025757,-0.018805671483278275,0.5848394632339478,0.4278257489204407,-0.018892940133810043,0.5781356692314148,0.4181395173072815,0.05436030775308609,0.5769175291061401,0.41744235157966614,-0.05531851202249527,0.5750505328178406,0.45040982961654663,0.015629883855581284,0.5739460587501526,0.44848042726516724,-0.016657909378409386,0.5316083431243896,0.4435935914516449,0.14433184266090393,0.5430740118026733,0.4516652822494507,-0.13667164742946625,0.5017815828323364,0.5456860065460205,0.16773781180381775,0.5199323296546936,0.559524416923523,-0.14133740961551666,0.48704642057418823,0.6307920217514038,0.12018219381570816,0.5112407803535461,0.6672461628913879,-0.038648445159196854,0.48779383301734924,0.642475962638855,0.12903013825416565,0.509222686290741,0.6835858225822449,-0.046041201800107956,0.49529123306274414,0.6436484456062317,0.10762067139148712,0.509342610836029,0.6818860173225403,-0.03192669153213501,0.4950404763221741,0.6420921087265015,0.109019435942173,0.508902370929718,0.678828239440918,-0.030343931168317795,0.42987576127052307,0.5118499994277954,0.08972792327404022,0.42177385091781616,0.5077112913131714,-0.08958123624324799,0.4863312244415283,0.6613222360610962,0.12024984508752823,0.37060126662254333,0.6724010109901428,-0.10936760902404785,0.4653683304786682,0.8273611068725586,0.16338030993938446,0.29851657152175903,0.7937313318252563,-0.109688900411129,0.4562242031097412,0.862719714641571,0.1642436683177948,0.2812117636203766,0.8016259670257568,-0.11119105666875839,0.5009766221046448,0.8521052002906799,0.14192716777324677,0.31313225626945496,0.8707568645477295,-0.16794827580451965
1781515924.8964665,plank,0.5775916576385498,0.4096522033214569,0.037577636539936066,0.5813908576965332,0.39307937026023865,0.04841069132089615,0.5810877084732056,0.39170214533805847,0.04837219789624214,0.5807265043258667,0.390090674161911,0.048322614282369614,0.5805627703666687,0.3914845883846283,0.018239252269268036,0.5797621011734009,0.38921961188316345,0.018177108839154243,0.5788698792457581,0.386677086353302,0.01810627430677414,0.5716270804405212,0.37637749314308167,0.09856056421995163,0.5697468519210815,0.37409910559654236,-0.03738432377576828,0.5696633458137512,0.41366058588027954,0.059063442051410675,0.5683578252792358,0.41098877787590027,0.01948673650622368,0.521804928779602,0.4034721255302429,0.1885746419429779,0.5333837270736694,0.4068615734577179,-0.12728706002235413,0.4759320318698883,0.48885947465896606,0.2125377207994461,0.4964529871940613,0.51221764087677,-0.16200774908065796,0.4582895338535309,0.5658556818962097,0.15058359503746033,0.4856921136379242,0.623275876045227,-0.1182006224989891,0.45328617095947266,0.58012455701828,0.15158237516880035,0.48254698514938354,0.6488691568374634,-0.14002619683742523,0.45796746015548706,0.5811923742294312,0.12565836310386658,0.48513859510421753,0.6522830128669739,-0.12214477360248566,0.4601610600948334,0.5765814781188965,0.13654276728630066,0.4850218892097473,0.6412914991378784,-0.10924748331308365,0.4227202832698822,0.4993818998336792,0.09560883790254593,0.42349711060523987,0.49715232849121094,-0.09537429362535477,0.3996308445930481,0.6559938788414001,0.09224412590265274,0.4531673789024353,0.6455921530723572,-0.07391905784606934,0.3271768093109131,0.7912328243255615,0.14116694033145905,0.46162495017051697,0.8123586773872375,-0.03505872189998627,0.30715030431747437,0.8024954199790955,0.14359043538570404,0.4523862302303314,0.8520341515541077,-0.03509946167469025,0.34506046772003174,0.8511739373207092,0.09597211331129074,0.4947417676448822,0.8522366285324097,-0.09314565360546112
1781515925.0671947,plank,0.5713320374488831,0.37457749247550964,-0.00805983878672123,0.5750108957290649,0.35816842317581177,0.004635674878954887,0.5746713876724243,0.357456237077713,0.004585342016071081,0.5742791891098022,0.3564670979976654,0.004546151030808687,0.5739124417304993,0.3543913662433624,-0.023738563060760498,0.5728427767753601,0.3513365685939789,-0.023794453591108322,0.5717161893844604,0.34824588894844055,-0.023863941431045532,0.5637671947479248,0.34359210729599,0.06672494113445282,0.5606042742729187,0.33639559149742126,-0.05957062914967537,0.5634159445762634,0.38100364804267883,0.016409778967499733,0.5615465044975281,0.37717506289482117,-0.020739303901791573,0.517376184463501,0.3839241862297058,0.16837149858474731,0.5219391584396362,0.3681795001029968,-0.15202271938323975,0.46875444054603577,0.44595739245414734,0.19399620592594147,0.48841992020606995,0.464844286441803,-0.17380431294441223,0.4423157572746277,0.5249572992324829,0.12716041505336761,0.4802486300468445,0.5715428590774536,-0.09440898150205612,0.4318983554840088,0.5498639941215515,0.125789612531662,0.47609400749206543,0.5918532013893127,-0.1067594513297081,0.4345182776451111,0.5485422015190125,0.10621394217014313,0.4819437861442566,0.5943053960800171,-0.1029643788933754,0.43798762559890747,0.5377533435821533,0.11510135978460312,0.48180311918258667,0.5842007994651794,-0.08951999247074127,0.42585936188697815,0.4999501407146454,0.09663759171962738,0.41799935698509216,0.49253731966018677,-0.09650380909442902,0.4249298572540283,0.6549111604690552,0.060897111892700195,0.4263243079185486,0.6495503783226013,-0.13711050152778625,0.4647432863712311,0.8208380937576294,0.06310967355966568,0.3450596034526825,0.7950226664543152,-0.10542837530374527,0.4555729925632477,0.8473191261291504,0.05845256522297859,0.326043039560318,0.8132836818695068,-0.10516583919525146,0.5013664960861206,0.8508753180503845,0.013166706077754498,0.36366117000579834,0.8588898777961731,-0.1709287464618683
1781515925.2671428,plank,0.5463100671768188,0.2922830283641815,0.044522181153297424,0.5480144619941711,0.2753713130950928,0.058192867785692215,0.5476400256156921,0.2743837237358093,0.058137960731983185,0.5471898317337036,0.2730342745780945,0.05806248262524605,0.5469130277633667,0.27237802743911743,0.029071208089590073,0.545778214931488,0.26965680718421936,0.029007941484451294,0.5444740056991577,0.26661446690559387,0.028893601149320602,0.5372747182846069,0.26388221979141235,0.11774414777755737,0.5326027274131775,0.2569863796234131,-0.01205676794052124,0.5386448502540588,0.29936477541923523,0.06872769445180893,0.5362850427627563,0.29559797048568726,0.030759114772081375,0.5045653581619263,0.33325904607772827,0.20947971940040588,0.49552470445632935,0.29345816373825073,-0.10745123773813248,0.4768308997154236,0.4186643362045288,0.25525787472724915,0.4744642376899719,0.3795440196990967,-0.16500066220760345,0.48103755712509155,0.497336208820343,0.18579736351966858,0.49373459815979004,0.4935106635093689,-0.17439275979995728,0.48449215292930603,0.5380964279174805,0.1845887005329132,0.4957260191440582,0.5179039239883423,-0.19444236159324646,0.4919200837612152,0.5173883438110352,0.1611083298921585,0.502447247505188,0.5144460201263428,-0.18442974984645844,0.4886651933193207,0.5060286521911621,0.1718980073928833,0.5011941194534302,0.5034298300743103,-0.16769012808799744,0.42732009291648865,0.47376173734664917,0.0960264652967453,0.41743916273117065,0.4543568193912506,-0.09575629979372025,0.4528115689754486,0.6333819627761841,0.052573420107364655,0.452271044254303,0.6346083879470825,-0.1363195925951004,0.4583796560764313,0.8144237995147705,0.07402818650007248,0.4471345543861389,0.8274620771408081,-0.12988731265068054,0.44639620184898376,0.8369325399398804,0.07261310517787933,0.4307725429534912,0.8634599447250366,-0.13383500277996063,0.49746185541152954,0.8446775078773499,0.01828749291598797,0.49244943261146545,0.8620085120201111,-0.20884959399700165
1781515925.4544566,plank,0.5093353986740112,0.2186426967382431,0.15713612735271454,0.5080822706222534,0.20163440704345703,0.17106930911540985,0.507759153842926,0.20095624029636383,0.17102935910224915,0.5073243975639343,0.20009677112102509,0.17096608877182007,0.5062788128852844,0.19953952729701996,0.1441994160413742,0.5046371221542358,0.1975892335176468,0.1441381871700287,0.502821683883667,0.19562143087387085,0.1440029889345169,0.4967864155769348,0.1948874592781067,0.21999521553516388,0.4914933145046234,0.1918673813343048,0.09842833876609802,0.504395604133606,0.22892439365386963,0.1760251671075821,0.5015310645103455,0.22713720798492432,0.14051368832588196,0.4783190190792084,0.2732565999031067,0.27365243434906006,0.47500547766685486,0.24091339111328125,-0.014634117484092712,0.47117772698402405,0.382455050945282,0.28363603353500366,0.46861571073532104,0.3109329640865326,-0.16313408315181732,0.49428439140319824,0.44430840015411377,0.20750828087329865,0.497244268655777,0.42197319865226746,-0.26832789182662964,0.4993380010128021,0.475357323884964,0.20412981510162354,0.5039757490158081,0.4440866708755493,-0.2986142039299011,0.5058380961418152,0.47063979506492615,0.18490922451019287,0.5125476717948914,0.44363757967948914,-0.27495327591896057,0.502774715423584,0.4627440273761749,0.19488412141799927,0.5085815191268921,0.43468472361564636,-0.26062247157096863,0.43147459626197815,0.4603969156742096,0.09338296204805374,0.42589515447616577,0.44844767451286316,-0.09328968077898026,0.46318912506103516,0.627510130405426,0.05330992862582207,0.4695623815059662,0.6370473504066467,-0.1252543032169342,0.4625857472419739,0.8066970705986023,0.06730515509843826,0.4661850333213806,0.8315176963806152,-0.14686767756938934,0.4549320638179779,0.8502653241157532,0.06537162512540817,0.4559890329837799,0.8684008121490479,-0.15306903421878815,0.5017908811569214,0.8436112403869629,0.01154128648340702,0.5075899958610535,0.8620383143424988,-0.23168611526489258
1781515925.5590172,plank,0.49124836921691895,0.19650961458683014,0.17012178897857666,0.4894605576992035,0.18036441504955292,0.1878603994846344,0.48939910531044006,0.17996591329574585,0.18778443336486816,0.4892708361148834,0.17946971952915192,0.18771706521511078,0.48672375082969666,0.17845119535923004,0.16508501768112183,0.48444175720214844,0.17678403854370117,0.16506382822990417,0.4818858206272125,0.17515718936920166,0.1649518758058548,0.4799834191799164,0.17684125900268555,0.25733238458633423,0.47002068161964417,0.1733776032924652,0.15564998984336853,0.48747116327285767,0.20871077477931976,0.1968848705291748,0.48366838693618774,0.20683161914348602,0.1670197993516922,0.4697158932685852,0.2622394561767578,0.3077569305896759,0.4582676887512207,0.22567996382713318,0.04390397667884827,0.4754241108894348,0.3708347678184509,0.2842211127281189,0.46457019448280334,0.3089788556098938,-0.10658618062734604,0.5215597748756409,0.4262136220932007,0.17241007089614868,0.503703773021698,0.41425129771232605,-0.22596006095409393,0.5344110727310181,0.4438561797142029,0.17358556389808655,0.50563645362854,0.443004310131073,-0.2485416680574417,0.540133535861969,0.43420588970184326,0.14805622398853302,0.5241857767105103,0.43137258291244507,-0.23582813143730164,0.534450888633728,0.4285929501056671,0.15994958579540253,0.5183393359184265,0.4236745238304138,-0.22910615801811218,0.44106706976890564,0.4513241648674011,0.08880075812339783,0.4380146563053131,0.4409272372722626,-0.08882288634777069,0.46930503845214844,0.6306089758872986,0.016277113929390907,0.47238507866859436,0.6282544136047363,-0.1459454447031021,0.46564024686813354,0.8082337379455566,-0.021510113030672073,0.4673439860343933,0.8304318189620972,-0.20698437094688416,0.4573352336883545,0.853638768196106,-0.03030729852616787,0.45837607979774475,0.8655778765678406,-0.21701037883758545,0.5009008049964905,0.8460723757743835,-0.09673859179019928,0.5029796361923218,0.8609777688980103,-0.30000272393226624
1781515925.7508252,plank,0.4685109555721283,0.17490898072719574,0.017441008239984512,0.4693666994571686,0.16058559715747833,0.04156427085399628,0.4705772399902344,0.1612236201763153,0.04152476042509079,0.47169336676597595,0.16190971434116364,0.04146965593099594,0.46345552802085876,0.15720194578170776,0.023620786145329475,0.4604165554046631,0.15594209730625153,0.023645376786589622,0.4571657180786133,0.15487496554851532,0.023623015731573105,0.4654744565486908,0.1658123880624771,0.17705579102039337,0.44592800736427307,0.15881012380123138,0.05527179688215256,0.4674999713897705,0.191731795668602,0.0585043802857399,0.459744930267334,0.18940618634223938,0.03507987782359123,0.46751338243484497,0.2686852812767029,0.2657439112663269,0.4255198538303375,0.21661432087421417,-0.03057973086833954,0.4768814146518707,0.3872813880443573,0.2718443274497986,0.4416951537132263,0.30068275332450867,-0.17345742881298065,0.5274152755737305,0.4572577476501465,0.16498805582523346,0.4940691590309143,0.39799728989601135,-0.29814866185188293,0.5389278531074524,0.4754338264465332,0.15020182728767395,0.5028974413871765,0.4189363121986389,-0.3331058621406555,0.5444682240486145,0.4680362343788147,0.12118226289749146,0.5104876160621643,0.4127853810787201,-0.319752037525177,0.539161205291748,0.463259220123291,0.14822964370250702,0.5067633390426636,0.40803706645965576,-0.294276624917984,0.47228121757507324,0.45972520112991333,0.08198513090610504,0.4421606659889221,0.45500534772872925,-0.08191774040460587,0.5087122321128845,0.6138811707496643,0.023156527429819107,0.45907121896743774,0.632804811000824,-0.21390314400196075,0.49011746048927307,0.7965328693389893,0.0018008667975664139,0.46487751603126526,0.8343337774276733,-0.24686062335968018,0.47743067145347595,0.8313149213790894,0.01883031614124775,0.4579198956489563,0.8672587871551514,-0.2552902400493622,0.5300072431564331,0.8430848717689514,-0.02803901769220829,0.5060491561889648,0.8638783693313599,-0.36423784494400024
1781515925.8975224,plank,0.4668785035610199,0.1753728985786438,-0.028499966487288475,0.4673535227775574,0.1609126478433609,-0.009656786918640137,0.46841368079185486,0.16135273873806,-0.009681166149675846,0.46928104758262634,0.16180644929409027,-0.009718533605337143,0.46107277274131775,0.15865682065486908,-0.03278576210141182,0.45774340629577637,0.15762992203235626,-0.03278247267007828,0.45412954688072205,0.15659886598587036,-0.03283150494098663,0.4619019627571106,0.1660822182893753,0.09230686724185944,0.442307710647583,0.15791502594947815,-0.011635311879217625,0.4654760956764221,0.19037441909313202,0.01206736359745264,0.4584490656852722,0.18806180357933044,-0.018705733120441437,0.4658556878566742,0.2613600492477417,0.18779601156711578,0.41607800126075745,0.2172490507364273,-0.05444352701306343,0.47112640738487244,0.36513832211494446,0.21695438027381897,0.42764678597450256,0.3140147030353546,-0.1583901047706604,0.4914020001888275,0.44307082891464233,0.1612134724855423,0.47499504685401917,0.4056183993816376,-0.2176215648651123,0.4981880187988281,0.4736788868904114,0.15011347830295563,0.4847411513328552,0.42690086364746094,-0.2463344782590866,0.5007323026657104,0.46746402978897095,0.11900786310434341,0.49014607071876526,0.4166660010814667,-0.2457818239927292,0.4982054829597473,0.45863601565361023,0.14543959498405457,0.4870740473270416,0.41042959690093994,-0.21582266688346863,0.481198787689209,0.45093297958374023,0.07511555403470993,0.44522786140441895,0.4519147574901581,-0.07499466836452484,0.5128018856048584,0.6096570491790771,-0.008852062746882439,0.457186758518219,0.6334947943687439,-0.17535178363323212,0.5144460797309875,0.7966800928115845,0.036586739122867584,0.46339577436447144,0.8368954062461853,-0.1522243320941925,0.5054329633712769,0.8260834813117981,0.035851914435625076,0.4574388563632965,0.869841456413269,-0.156617671251297,0.5501168966293335,0.842362105846405,-0.04117436334490776,0.5073173642158508,0.8710864782333374,-0.2905578315258026
1781515926.0277946,plank,0.46646222472190857,0.17352235317230225,-0.1159372478723526,0.46820664405822754,0.1617891788482666,-0.09819508343935013,0.46965065598487854,0.16267547011375427,-0.09819614142179489,0.47099798917770386,0.16373856365680695,-0.09820018708705902,0.4616493284702301,0.15967661142349243,-0.11534003168344498,0.45859408378601074,0.15894198417663574,-0.11535526812076569,0.4552081525325775,0.15818928182125092,-0.11536677926778793,0.46794968843460083,0.17113687098026276,0.010900708846747875,0.4451207220554352,0.16132855415344238,-0.06997042894363403,0.46675926446914673,0.19030605256557465,-0.07295134663581848,0.4594210982322693,0.18782800436019897,-0.09652133285999298,0.4734013080596924,0.2682799696922302,0.11103292554616928,0.4133721888065338,0.2337607890367508,-0.05764464661478996,0.4762364327907562,0.36851412057876587,0.17028352618217468,0.40880078077316284,0.33212706446647644,-0.09380301088094711,0.4954182505607605,0.45543962717056274,0.09332866966724396,0.41105708479881287,0.4278634786605835,-0.1798189878463745,0.5015439987182617,0.4855377674102783,0.07965417951345444,0.40949758887290955,0.45476609468460083,-0.21127907931804657,0.503869354724884,0.4807988107204437,0.044754426926374435,0.41397595405578613,0.45000216364860535,-0.22380328178405762,0.4999380111694336,0.47218114137649536,0.07590857893228531,0.41673317551612854,0.4417359232902527,-0.1857086718082428,0.49191969633102417,0.4549393951892853,0.05791008472442627,0.4483458399772644,0.45719558000564575,-0.05780472233891487,0.5153570771217346,0.6133753657341003,0.04711691662669182,0.4551392197608948,0.6361849308013916,-0.11232390254735947,0.5310084223747253,0.7951842546463013,0.1255282163619995,0.46467000246047974,0.8365243673324585,-0.06926701217889786,0.5237733125686646,0.8228065371513367,0.126583531498909,0.4611380994319916,0.8691766262054443,-0.07183998078107834,0.5526712536811829,0.8432221412658691,0.03301161155104637,0.49733811616897583,0.8713680505752563,-0.19448062777519226
1781515926.1867065,plank,0.4690767228603363,0.17771436274051666,-0.16305840015411377,0.47059351205825806,0.16576313972473145,-0.14106649160385132,0.4722338616847992,0.16658318042755127,-0.1410728543996811,0.47374314069747925,0.16748347878456116,-0.14106565713882446,0.46389785408973694,0.16360467672348022,-0.1565169245004654,0.4607240557670593,0.16297253966331482,-0.15654253959655762,0.45751309394836426,0.16236120462417603,-0.15656207501888275,0.4716409742832184,0.17433784902095795,-0.014420868828892708,0.4481923580169678,0.16624556481838226,-0.0882309228181839,0.4703300893306732,0.19431354105472565,-0.11425010859966278,0.46283188462257385,0.1922929733991623,-0.13544946908950806,0.4765899181365967,0.2725205719470978,0.1011752113699913,0.41894111037254333,0.23911041021347046,-0.06835909932851791,0.4774794578552246,0.3761335611343384,0.16560415923595428,0.3997945487499237,0.33577507734298706,-0.09436704218387604,0.4919498860836029,0.4633127450942993,0.08925895392894745,0.3829739987850189,0.4322860836982727,-0.18231183290481567,0.4968072772026062,0.49010902643203735,0.07718409597873688,0.37270817160606384,0.45988020300865173,-0.21063390374183655,0.49773305654525757,0.4884791970252991,0.04201210290193558,0.37598398327827454,0.45918744802474976,-0.23157620429992676,0.49354228377342224,0.4797535240650177,0.07164312899112701,0.3811102509498596,0.4510143995285034,-0.18955495953559875,0.4971272051334381,0.45550885796546936,0.06233840435743332,0.4550321102142334,0.4599706530570984,-0.062276680022478104,0.5150668621063232,0.6224220395088196,0.05714386701583862,0.46064549684524536,0.6387472152709961,-0.10609953105449677,0.5291818380355835,0.7966944575309753,0.13513605296611786,0.46297329664230347,0.8372489809989929,-0.04822135716676712,0.523996114730835,0.8258470892906189,0.13616037368774414,0.4582635462284088,0.8717193603515625,-0.049031637609004974,0.5549512505531311,0.8434522747993469,0.050507448613643646,0.49652352929115295,0.869495153427124,-0.1657969355583191
1781515926.3727014,plank,0.4715290665626526,0.18141961097717285,-0.20955292880535126,0.47367411851882935,0.1698540598154068,-0.18821260333061218,0.4756719172000885,0.17097808420658112,-0.18820440769195557,0.47738903760910034,0.17212487757205963,-0.18819114565849304,0.4657701849937439,0.16732370853424072,-0.20281799137592316,0.46238836646080017,0.16687335073947906,-0.20285114645957947,0.4590480923652649,0.16643229126930237,-0.2028435915708542,0.47555676102638245,0.180216446518898,-0.061098963022232056,0.4511116147041321,0.17107564210891724,-0.1322435438632965,0.47387799620628357,0.1993945837020874,-0.16048206388950348,0.46530017256736755,0.1969541311264038,-0.18108126521110535,0.48549580574035645,0.27918675541877747,0.05710980296134949,0.4240991175174713,0.2437874972820282,-0.10584171861410141,0.49918264150619507,0.3815915286540985,0.12158830463886261,0.4012930393218994,0.34122705459594727,-0.10672161728143692,0.5235922932624817,0.4751472771167755,0.03317061811685562,0.3826887011528015,0.43799322843551636,-0.1874394714832306,0.5313872694969177,0.5043152570724487,0.017021173611283302,0.3726813495159149,0.46486935019493103,-0.21711185574531555,0.5310961008071899,0.5060758590698242,-0.021878669038414955,0.3762214481830597,0.4625876545906067,-0.24766191840171814,0.5274956822395325,0.49615487456321716,0.014304990880191326,0.38082176446914673,0.4537522494792938,-0.199387326836586,0.4975266456604004,0.45867136120796204,0.06576754152774811,0.45971208810806274,0.46029752492904663,-0.0656886026263237,0.5124339461326599,0.6304333209991455,0.06466000527143478,0.46877509355545044,0.6407157182693481,-0.12187936156988144,0.526414692401886,0.7992503643035889,0.13366439938545227,0.46233510971069336,0.8367992043495178,-0.07561902701854706,0.523501455783844,0.8268581032752991,0.1341170370578766,0.45727649331092834,0.8707204461097717,-0.07741295546293259,0.5599743127822876,0.8435249328613281,0.048612020909786224,0.5012938976287842,0.8668687343597412,-0.1997406929731369
1781515926.5448618,plank,0.47469520568847656,0.18920019268989563,-0.18942439556121826,0.4773402810096741,0.17745894193649292,-0.16952428221702576,0.48005372285842896,0.17838849127292633,-0.16953320801258087,0.48263877630233765,0.17928415536880493,-0.1695321500301361,0.46985310316085815,0.17538373172283173,-0.18192490935325623,0.466783344745636,0.17476744949817657,-0.18194451928138733,0.46381035447120667,0.1736634224653244,-0.18194490671157837,0.4837263226509094,0.18590609729290009,-0.05140572786331177,0.4571363925933838,0.17853455245494843,-0.11283139884471893,0.4804542064666748,0.20569726824760437,-0.14420798420906067,0.46975794434547424,0.2039492130279541,-0.16176767647266388,0.504600465297699,0.2814350128173828,0.055056534707546234,0.43290597200393677,0.25709912180900574,-0.0911470428109169,0.5257560610771179,0.3785098195075989,0.11121346801519394,0.43390077352523804,0.356270432472229,-0.08698179572820663,0.5543222427368164,0.4578445553779602,0.0072629512287676334,0.4263443350791931,0.4535970091819763,-0.1722160279750824,0.5632817149162292,0.4856618642807007,-0.0157003253698349,0.42288002371788025,0.48458102345466614,-0.20323777198791504,0.5623361468315125,0.4869142174720764,-0.05308689549565315,0.4250783324241638,0.48573461174964905,-0.22465196251869202,0.5585680603981018,0.47671768069267273,-0.011135036125779152,0.4285399913787842,0.4760484993457794,-0.18211521208286285,0.5109872221946716,0.46792933344841003,0.05998817831277847,0.4691537916660309,0.4648593068122864,-0.05995210260152817,0.5130189657211304,0.6424654126167297,0.06290231645107269,0.4728803038597107,0.6422272324562073,-0.12324641644954681,0.5276415944099426,0.8042982220649719,0.14824971556663513,0.4642225205898285,0.8358206748962402,-0.07813103497028351,0.5228255987167358,0.8332743048667908,0.15028467774391174,0.4580896496772766,0.8700421452522278,-0.08011704683303833,0.5569971203804016,0.8445677161216736,0.06200256198644638,0.5008816719055176,0.8668708801269531,-0.18945100903511047
1781515926.717812,plank,0.4787394106388092,0.19218406081199646,-0.10054776817560196,0.4835360646247864,0.180196613073349,-0.0777340829372406,0.48671871423721313,0.18102383613586426,-0.07778213918209076,0.48952826857566833,0.1818387508392334,-0.07777238637208939,0.4732867181301117,0.1776912957429886,-0.08762465417385101,0.4696182310581207,0.17628924548625946,-0.08760760724544525,0.4668043255805969,0.1751418262720108,-0.08758661150932312,0.49285292625427246,0.18709786236286163,0.03944984823465347,0.4646390974521637,0.1838158667087555,-0.009679804556071758,0.4865042269229889,0.20830276608467102,-0.057254355400800705,0.4751102924346924,0.20595143735408783,-0.07095596939325333,0.5136961936950684,0.28236788511276245,0.10868340730667114,0.44023627042770386,0.2668236494064331,-0.01465799193829298,0.5325026512145996,0.378702849149704,0.06017500162124634,0.449585497379303,0.3666611909866333,-0.08932538330554962,0.5555297136306763,0.4258536398410797,-0.14074762165546417,0.47029757499694824,0.45844948291778564,-0.21540436148643494,0.5623592734336853,0.4413028657436371,-0.18268153071403503,0.476778119802475,0.4888930916786194,-0.25655052065849304,0.5614680647850037,0.43365901708602905,-0.2096872627735138,0.4830661714076996,0.47639888525009155,-0.2670627236366272,0.5579574108123779,0.4279829263687134,-0.1580810844898224,0.482649028301239,0.4669204354286194,-0.2214345633983612,0.5139254331588745,0.4831431210041046,0.0487356074154377,0.4714389741420746,0.4805501699447632,-0.04862413555383682,0.513634204864502,0.6487459540367126,0.04707382246851921,0.4709586501121521,0.6458655595779419,-0.1336006224155426,0.5295164585113525,0.807563841342926,0.1249273270368576,0.4640982747077942,0.8318479657173157,-0.08359634876251221,0.5203593969345093,0.8394774794578552,0.1257610023021698,0.4574928879737854,0.869566798210144,-0.08558578044176102,0.5546375513076782,0.8453254699707031,0.03137935325503349,0.4830031394958496,0.8630600571632385,-0.21000806987285614
1781515926.9045835,plank,0.48395103216171265,0.19838248193264008,-0.05354691669344902,0.48841428756713867,0.18433205783367157,-0.030696410685777664,0.4915032982826233,0.18437767028808594,-0.03071373701095581,0.4942803382873535,0.184446781873703,-0.030720854178071022,0.4785007834434509,0.18498924374580383,-0.03780901059508324,0.47490930557250977,0.18534962832927704,-0.037801045924425125,0.4721219539642334,0.18582835793495178,-0.03782054781913757,0.4977737069129944,0.19173000752925873,0.08441545069217682,0.46865686774253845,0.19411127269268036,0.05065058916807175,0.49009060859680176,0.21553166210651398,-0.010751534253358841,0.4793115556240082,0.21622838079929352,-0.02080012485384941,0.5193095803260803,0.2827743887901306,0.1403062641620636,0.4451168179512024,0.2743138372898102,0.03828582540154457,0.5369396209716797,0.3791796863079071,0.02333129569888115,0.4548100531101227,0.3647574186325073,-0.03709406778216362,0.509817898273468,0.3326472043991089,-0.15782430768013,0.5131748914718628,0.396525114774704,-0.10741227865219116,0.4948141574859619,0.32530176639556885,-0.20113904774188995,0.526819109916687,0.4057632386684418,-0.13918933272361755,0.49272996187210083,0.31467846035957336,-0.1920846402645111,0.5295109152793884,0.39533835649490356,-0.13813915848731995,0.49628719687461853,0.31557467579841614,-0.15984657406806946,0.5257905721664429,0.3909989595413208,-0.10660109668970108,0.5127354860305786,0.487989217042923,0.039028845727443695,0.46836310625076294,0.4863135516643524,-0.03891746327280998,0.5128229856491089,0.6466268301010132,0.024379746988415718,0.46028536558151245,0.6445189714431763,-0.08200323581695557,0.5274662971496582,0.8110939264297485,0.10367140918970108,0.4446234703063965,0.8234935998916626,0.006042164750397205,0.5206685066223145,0.8436373472213745,0.10512322187423706,0.44664138555526733,0.8456900119781494,0.008741172030568123,0.5538632273674011,0.8463981747627258,0.004803431686013937,0.44694453477859497,0.8712029457092285,-0.11050021648406982
1781515927.0928879,plank,0.47927436232566833,0.20579509437084198,-0.0369381383061409,0.48453807830810547,0.19282671809196472,-0.015085841529071331,0.4871266782283783,0.19356249272823334,-0.015093579888343811,0.48978090286254883,0.19444245100021362,-0.01509637851268053,0.4743373394012451,0.19310373067855835,-0.02103002555668354,0.4705081880092621,0.19376467168331146,-0.021018609404563904,0.4674588739871979,0.19448921084403992,-0.021037224680185318,0.49469342827796936,0.20387543737888336,0.08959581702947617,0.4624617099761963,0.2021050751209259,0.06102722883224487,0.48575520515441895,0.22385962307453156,0.0016100170323625207,0.47225189208984375,0.22319427132606506,-0.006775464862585068,0.5165573954582214,0.28664353489875793,0.12008122354745865,0.4403727650642395,0.27915364503860474,0.05114605277776718,0.5228580236434937,0.3714900016784668,-0.006049526855349541,0.4437478482723236,0.36444714665412903,-0.034559763967990875,0.4742144048213959,0.3017435371875763,-0.15924480557441711,0.5028648376464844,0.36765196919441223,-0.09034749865531921,0.4639860689640045,0.28950968384742737,-0.20179426670074463,0.5190738439559937,0.3666873872280121,-0.11843142658472061,0.4649817943572998,0.2836926281452179,-0.19237473607063293,0.5195407867431641,0.35368719696998596,-0.11416053771972656,0.4686248302459717,0.2872929275035858,-0.16130389273166656,0.5154697299003601,0.3522912263870239,-0.08846889436244965,0.5109423995018005,0.4923480153083801,0.021207164973020554,0.46220165491104126,0.49348336458206177,-0.02115519717335701,0.5117987394332886,0.6470170617103577,0.007763952016830444,0.4552251696586609,0.649678111076355,-0.03217308968305588,0.5267733335494995,0.8120609521865845,0.09764467924833298,0.4431873857975006,0.8219047784805298,0.07144880294799805,0.5206304788589478,0.8436836004257202,0.10092176496982574,0.44504815340042114,0.8456084132194519,0.07595852017402649,0.5543355941772461,0.8473586440086365,-0.0010610520839691162,0.44611963629722595,0.8734639286994934,-0.03403507545590401
1781515927.265437,plank,0.47562628984451294,0.2121160328388214,-0.06118900328874588,0.4781910479068756,0.2000984400510788,-0.040102776139974594,0.4804175794124603,0.20062416791915894,-0.04011503607034683,0.48209208250045776,0.2013886272907257,-0.040113020688295364,0.4696260988712311,0.19974778592586517,-0.048777539283037186,0.4659654498100281,0.20022521913051605,-0.04876906797289848,0.4625893235206604,0.20097924768924713,-0.04878288879990578,0.4829603135585785,0.20972925424575806,0.05655316635966301,0.4555911421775818,0.20930340886116028,0.025595039129257202,0.47957491874694824,0.22915339469909668,-0.01948331855237484,0.46827831864356995,0.2298513650894165,-0.033552564680576324,0.5088250637054443,0.2932727038860321,0.08219094574451447,0.42984017729759216,0.287196546792984,0.022301649674773216,0.525371253490448,0.36853376030921936,-0.032731980085372925,0.4177916944026947,0.37101221084594727,-0.05220244079828262,0.4826332628726959,0.31267476081848145,-0.17965614795684814,0.4892001152038574,0.36566662788391113,-0.09861431270837784,0.4637690484523773,0.29085907340049744,-0.2177373170852661,0.49974489212036133,0.3625393807888031,-0.124021515250206,0.46362417936325073,0.28449365496635437,-0.20735204219818115,0.5016145706176758,0.35227152705192566,-0.1168111115694046,0.4663481116294861,0.2873767912387848,-0.18053802847862244,0.498067706823349,0.3511963486671448,-0.09567916393280029,0.5005624294281006,0.5018228888511658,0.018531177192926407,0.45203471183776855,0.5064778923988342,-0.018480094149708748,0.5086108446121216,0.6496731042861938,0.0016189550515264273,0.4518683850765228,0.6569725871086121,-0.031947389245033264,0.5265846252441406,0.8118671178817749,0.09162354469299316,0.4437679648399353,0.8225937485694885,0.07142074406147003,0.5203821063041687,0.8439342975616455,0.0952344611287117,0.44575414061546326,0.8461640477180481,0.07557123154401779,0.5556856393814087,0.8475502133369446,-0.005617947783321142,0.4437132477760315,0.8741477727890015,-0.03037863038480282
1781515927.4386725,plank,0.45928898453712463,0.2163265198469162,-0.1283179670572281,0.4612392485141754,0.2038378119468689,-0.10938098281621933,0.46306663751602173,0.20428934693336487,-0.10938521474599838,0.46492281556129456,0.20482875406742096,-0.10939769446849823,0.4539514482021332,0.20243731141090393,-0.1179434210062027,0.4510257840156555,0.20226921141147614,-0.11794664710760117,0.4483727812767029,0.2023817002773285,-0.11792989075183868,0.4637331962585449,0.21165993809700012,-0.0009120579925365746,0.4395093023777008,0.2111951857805252,-0.041691191494464874,0.46104636788368225,0.23125562071800232,-0.08662956953048706,0.45248889923095703,0.23208552598953247,-0.09905923902988434,0.48934897780418396,0.2959693372249603,0.05996735766530037,0.40762415528297424,0.2969033420085907,0.006861207541078329,0.5163857936859131,0.38841599225997925,-0.025184448808431625,0.3904463052749634,0.39601296186447144,-0.09655217826366425,0.48673015832901,0.3266747295856476,-0.21145176887512207,0.4214947819709778,0.358134388923645,-0.26481086015701294,0.48249125480651855,0.31054264307022095,-0.2503064274787903,0.430459588766098,0.3459616005420685,-0.3023809790611267,0.4807968735694885,0.30081936717033386,-0.24502336978912354,0.4314042925834656,0.3337095379829407,-0.29543787240982056,0.48014697432518005,0.30493810772895813,-0.21374964714050293,0.43074169754981995,0.3360825181007385,-0.2642255425453186,0.4840124547481537,0.5018591284751892,0.016845721751451492,0.4372116029262543,0.5096453428268433,-0.016793565824627876,0.5013859272003174,0.6554456949234009,0.0063010104931890965,0.4428672194480896,0.6610700488090515,-0.031438522040843964,0.5263692140579224,0.811808705329895,0.10870029032230377,0.44321703910827637,0.8243409991264343,0.08744019269943237,0.5202140212059021,0.8439710736274719,0.11266154050827026,0.4457758069038391,0.8461781144142151,0.0922793373465538,0.5552083253860474,0.8466718196868896,0.0010457723401486874,0.4426628649234772,0.8741981387138367,-0.025160718709230423
1781515927.5955482,plank,0.4434186518192291,0.23394834995269775,-0.10133160650730133,0.44592610001564026,0.21966536343097687,-0.08567379415035248,0.44806981086730957,0.21933627128601074,-0.08570589125156403,0.450325071811676,0.2191571146249771,-0.08576323837041855,0.43832093477249146,0.21973423659801483,-0.08683636039495468,0.43569064140319824,0.21954131126403809,-0.08681924641132355,0.4325171113014221,0.21961015462875366,-0.08677132427692413,0.45063918828964233,0.22406019270420074,0.008868230506777763,0.4259563386440277,0.22467100620269775,0.004137358162552118,0.4465923309326172,0.2470932900905609,-0.06355747580528259,0.4383714199066162,0.24971416592597961,-0.06572334468364716,0.4768446981906891,0.2971332371234894,0.06508416682481766,0.3977932035923004,0.3065718710422516,0.030005669221282005,0.5032507181167603,0.3905583620071411,-0.037286970764398575,0.38663673400878906,0.3906150460243225,-0.09029755741357803,0.46127066016197205,0.3513225317001343,-0.18730564415454865,0.4236140251159668,0.3020915389060974,-0.2261650264263153,0.44843703508377075,0.351044625043869,-0.22432775795459747,0.43070554733276367,0.2791404724121094,-0.26159897446632385,0.44698596000671387,0.33754631876945496,-0.2155836820602417,0.4303223192691803,0.2676747739315033,-0.25370675325393677,0.44881969690322876,0.33472076058387756,-0.18708129227161407,0.4291954040527344,0.275706946849823,-0.2255544364452362,0.4709078371524811,0.5048494338989258,0.010827505961060524,0.42406296730041504,0.515012800693512,-0.010724633932113647,0.4936066269874573,0.6568949222564697,-0.011440793052315712,0.4361514449119568,0.6618893146514893,-0.031467072665691376,0.5262542963027954,0.811798632144928,0.07894889265298843,0.44231685996055603,0.8274092674255371,0.07505188882350922,0.5200629830360413,0.8438497185707092,0.08180795609951019,0.4453789293766022,0.8490599989891052,0.07865070551633835,0.5550388097763062,0.846295952796936,-0.032251015305519104,0.4423510432243347,0.8740330338478088,-0.038315318524837494
1781515927.7827704,plank,0.42595410346984863,0.2262076437473297,-0.05011547729372978,0.42812657356262207,0.2131737768650055,-0.028304029256105423,0.43062037229537964,0.21318310499191284,-0.028252754360437393,0.43312111496925354,0.21334607899188995,-0.028260642662644386,0.41981878876686096,0.21380630135536194,-0.04425409808754921,0.4169762134552002,0.21452628076076508,-0.04425624758005142,0.4140344262123108,0.21570724248886108,-0.04427667707204819,0.4348573088645935,0.22082053124904633,0.07089178264141083,0.4084166884422302,0.2256929576396942,0.03226935490965843,0.43084388971328735,0.24138060212135315,-0.014978746883571148,0.42014703154563904,0.24339593946933746,-0.0315820649266243,0.46171289682388306,0.2947045564651489,0.06036186218261719,0.3847420811653137,0.30378496646881104,0.03607558086514473,0.47984209656715393,0.38170573115348816,-0.05935054272413254,0.38807106018066406,0.3328297436237335,-0.09664242714643478,0.4247496724128723,0.3533037602901459,-0.17313918471336365,0.43920692801475525,0.28719180822372437,-0.185298889875412,0.4075656533241272,0.35426613688468933,-0.20779144763946533,0.44820696115493774,0.27426615357398987,-0.21577656269073486,0.405186265707016,0.34171679615974426,-0.19053569436073303,0.4491737484931946,0.26689428091049194,-0.20735779404640198,0.4096287190914154,0.33878093957901,-0.16908803582191467,0.4468664526939392,0.27192264795303345,-0.18359562754631042,0.46045875549316406,0.5038531422615051,0.009788312949240208,0.4145553708076477,0.5140725374221802,-0.009709917940199375,0.4870730936527252,0.6559540033340454,-0.01363497506827116,0.4295245110988617,0.6629647612571716,-0.015942787751555443,0.5214470624923706,0.8110790848731995,0.0426996573805809,0.4421228766441345,0.8285301327705383,0.08599573373794556,0.5154836177825928,0.8437578678131104,0.045511163771152496,0.44705772399902344,0.8502932190895081,0.08869065344333649,0.5535814166069031,0.8447362184524536,-0.04197046533226967,0.44163936376571655,0.874930739402771,-0.0313301682472229
1781515927.9700277,plank,0.4145304560661316,0.22739700973033905,-0.07435302436351776,0.41698789596557617,0.21329934895038605,-0.05344846099615097,0.4194638729095459,0.21332794427871704,-0.0534713976085186,0.42185068130493164,0.21355675160884857,-0.053502749651670456,0.4087894856929779,0.2135600447654724,-0.06638303399085999,0.4054526686668396,0.21398136019706726,-0.06635232269763947,0.4026648998260498,0.2147001028060913,-0.06634722650051117,0.4233000874519348,0.22116541862487793,0.05713856220245361,0.395788311958313,0.22481180727481842,0.007704533636569977,0.41811713576316833,0.2422482967376709,-0.03251493722200394,0.40777793526649475,0.24369975924491882,-0.04932061582803726,0.4468304216861725,0.3105259835720062,0.11005248874425888,0.3740025460720062,0.30211788415908813,-0.014759588055312634,0.4754064977169037,0.3964668810367584,-0.017000656574964523,0.3932058811187744,0.3296099305152893,-0.16686105728149414,0.4659516215324402,0.3231322467327118,-0.19710689783096313,0.44376111030578613,0.29343220591545105,-0.2799135446548462,0.4724220335483551,0.2995266318321228,-0.23397204279899597,0.4569864869117737,0.27856728434562683,-0.31412845849990845,0.46828263998031616,0.28719252347946167,-0.22558605670928955,0.4562549591064453,0.26980021595954895,-0.30320316553115845,0.46405333280563354,0.2937357723712921,-0.1994873434305191,0.45158976316452026,0.2760595381259918,-0.27824681997299194,0.44901037216186523,0.5035630464553833,0.0299493670463562,0.4057566523551941,0.5152097940444946,-0.029861748218536377,0.47497764229774475,0.6615798473358154,-0.0017404441023245454,0.4259710907936096,0.6693534851074219,-0.04647770896553993,0.5058814883232117,0.8147690892219543,0.07201966643333435,0.4415622651576996,0.8287391662597656,0.053742825984954834,0.49969974160194397,0.8482264876365662,0.07367017865180969,0.447073757648468,0.850227415561676,0.05631940811872482,0.5439043641090393,0.844037652015686,-0.03379650413990021,0.442232608795166,0.8751166462898254,-0.06081071496009827
1781515928.1576889,plank,0.41397351026535034,0.22693946957588196,-0.0967777818441391,0.4152299761772156,0.21302247047424316,-0.0742967501282692,0.41699156165122986,0.21321628987789154,-0.0743066743016243,0.418775737285614,0.21355925500392914,-0.0743035152554512,0.40763917565345764,0.21298612654209137,-0.08664858341217041,0.4041302800178528,0.21332746744155884,-0.08664245903491974,0.4010104537010193,0.21393714845180511,-0.0866340920329094,0.4190688729286194,0.22079338133335114,0.04223445802927017,0.39284977316856384,0.2235209196805954,-0.016312723979353905,0.41737812757492065,0.24167458713054657,-0.053895819932222366,0.40755611658096313,0.2428595870733261,-0.07075028866529465,0.4403761923313141,0.3166481852531433,0.11858074367046356,0.36841532588005066,0.3015281558036804,-0.026140114292502403,0.46923699975013733,0.3981633484363556,0.04227294772863388,0.3741450905799866,0.35698196291923523,-0.16614942252635956,0.5098215937614441,0.40090328454971313,-0.12638434767723083,0.4342119097709656,0.3458860218524933,-0.2974849343299866,0.5230881571769714,0.3976061940193176,-0.1609843373298645,0.4479547142982483,0.3367035686969757,-0.33284857869148254,0.5222091674804688,0.38950037956237793,-0.18170784413814545,0.4488604664802551,0.3249000012874603,-0.3271246552467346,0.5176821947097778,0.3921460807323456,-0.1406501978635788,0.44427695870399475,0.32711103558540344,-0.29692748188972473,0.447215735912323,0.5053773522377014,0.0315464623272419,0.4037449359893799,0.5190165638923645,-0.03141908720135689,0.47441214323043823,0.6563495397567749,-0.014270095154643059,0.42462578415870667,0.6694211959838867,-0.05106975883245468,0.5000316500663757,0.8150626420974731,0.048553723841905594,0.4403620660305023,0.8272678852081299,0.04760264605283737,0.4951636791229248,0.8483982682228088,0.048670656979084015,0.4470313489437103,0.8481874465942383,0.050421394407749176,0.5361398458480835,0.8403505682945251,-0.05340016633272171,0.4417437016963959,0.8749945759773254,-0.058958977460861206
1781515928.34575,plank,0.4105373024940491,0.22516053915023804,-0.22790031135082245,0.41354092955589294,0.21197248995304108,-0.21211345493793488,0.41593465209007263,0.21233871579170227,-0.21211791038513184,0.418364942073822,0.21286541223526,-0.212123304605484,0.4056779742240906,0.21125182509422302,-0.2186065912246704,0.40251636505126953,0.21122632920742035,-0.2186235636472702,0.3991313576698303,0.21161150932312012,-0.21860671043395996,0.420663058757782,0.22054065763950348,-0.10611464083194733,0.3919124901294708,0.2202850580215454,-0.13938716053962708,0.4147077202796936,0.24058853089809418,-0.18697968125343323,0.4046359658241272,0.24084697663784027,-0.1967785656452179,0.4444963335990906,0.31605759263038635,-0.02171417698264122,0.36865299940109253,0.29942357540130615,-0.08941338956356049,0.4718555510044098,0.4051755666732788,0.025903474539518356,0.37143364548683167,0.3814414143562317,-0.12963958084583282,0.5018898248672485,0.49816077947616577,-0.06175019219517708,0.37208080291748047,0.468964159488678,-0.2613977789878845,0.509175717830658,0.5270793437957764,-0.0806829109787941,0.36875179409980774,0.49552589654922485,-0.29524528980255127,0.5068031549453735,0.5292103886604309,-0.1161256656050682,0.3713841140270233,0.4926379323005676,-0.3132033944129944,0.503115713596344,0.5195748805999756,-0.07765977084636688,0.37397146224975586,0.4841189384460449,-0.27067330479621887,0.4464338719844818,0.5047292709350586,0.02576642669737339,0.4006732106208801,0.5177544355392456,-0.025786142796278,0.4724649488925934,0.6513023376464844,-0.01458238810300827,0.42322397232055664,0.6694931983947754,-0.05278564617037773,0.49319425225257874,0.813930869102478,0.05837284401059151,0.44039398431777954,0.8267694115638733,0.039308857172727585,0.48593869805336,0.848065197467804,0.05901117995381355,0.44828811287879944,0.8481805324554443,0.0402800627052784,0.5181980729103088,0.842879056930542,-0.048768408596515656,0.4411945343017578,0.8750624060630798,-0.07707762718200684
1781515928.533619,plank,0.4178917407989502,0.21352526545524597,-0.39690470695495605,0.4204966127872467,0.2008005827665329,-0.3813272714614868,0.4228282868862152,0.2016124129295349,-0.38129281997680664,0.4250833988189697,0.20232051610946655,-0.38130125403404236,0.4124574661254883,0.19861823320388794,-0.39020445942878723,0.40929698944091797,0.19832153618335724,-0.39031919836997986,0.40602535009384155,0.1984209418296814,-0.3903830647468567,0.4260648190975189,0.2109285145998001,-0.25676852464675903,0.3985239565372467,0.20512311160564423,-0.3004024624824524,0.42132893204689026,0.22959202527999878,-0.34702765941619873,0.41167721152305603,0.22883890569210052,-0.35977423191070557,0.4489120841026306,0.3156675696372986,-0.13297541439533234,0.36951011419296265,0.28899121284484863,-0.21244962513446808,0.4536774754524231,0.41263753175735474,-0.04631475359201431,0.34305664896965027,0.39049407839775085,-0.16042371094226837,0.4517640173435211,0.4910475015640259,-0.10579252243041992,0.32380515336990356,0.4883347749710083,-0.20843736827373505,0.45438352227211,0.5155755877494812,-0.12047175318002701,0.315213680267334,0.5192811489105225,-0.23217399418354034,0.45260509848594666,0.515535295009613,-0.15039226412773132,0.31916099786758423,0.5204645991325378,-0.24860453605651855,0.44917982816696167,0.5076653957366943,-0.11867163330316544,0.323773592710495,0.5109840631484985,-0.21066853404045105,0.4476204812526703,0.5024061799049377,0.025363260880112648,0.40512657165527344,0.5122311115264893,-0.025443997234106064,0.46066784858703613,0.6480072140693665,0.006012907717376947,0.42504772543907166,0.6683295965194702,-0.04805787280201912,0.4749041199684143,0.8192082047462463,0.10811503231525421,0.4408589005470276,0.8287551999092102,0.06049467995762825,0.470989853143692,0.8501825928688049,0.11127885431051254,0.4479365944862366,0.8502814173698425,0.06348921358585358,0.48853105306625366,0.8652297854423523,0.002602179069072008,0.441715806722641,0.874826967716217,-0.06352915614843369
1781515928.7063262,plank,0.42119693756103516,0.20713715255260468,-0.3888882100582123,0.42373448610305786,0.19355130195617676,-0.37435510754585266,0.426236629486084,0.1943434178829193,-0.3743341565132141,0.42843666672706604,0.19512797892093658,-0.37434834241867065,0.41556113958358765,0.19165033102035522,-0.3792756199836731,0.412407785654068,0.19145528972148895,-0.37936344742774963,0.40928611159324646,0.191721111536026,-0.37941890954971313,0.42941445112228394,0.2035464197397232,-0.25983354449272156,0.40271472930908203,0.19857558608055115,-0.2851133942604065,0.4243229925632477,0.2233400195837021,-0.3436700403690338,0.4152058959007263,0.22324617207050323,-0.3511177897453308,0.45266228914260864,0.3141591548919678,-0.1626708209514618,0.3714355528354645,0.28272169828414917,-0.19684213399887085,0.4595528542995453,0.41870105266571045,-0.09993480145931244,0.34938257932662964,0.39630579948425293,-0.16084176301956177,0.4587281346321106,0.511768102645874,-0.1617538332939148,0.33016565442085266,0.4980207085609436,-0.2249945104122162,0.46095675230026245,0.5413752794265747,-0.17837397754192352,0.3207622766494751,0.5266451835632324,-0.24082887172698975,0.45871371030807495,0.542841911315918,-0.21133355796337128,0.32339218258857727,0.5275707840919495,-0.2765980064868927,0.45623835921287537,0.5332489609718323,-0.17599867284297943,0.3283233344554901,0.5195289254188538,-0.23822911083698273,0.44769731163978577,0.5006061792373657,0.013696948066353798,0.4047181010246277,0.5086781978607178,-0.01385543029755354,0.4568963646888733,0.6475185751914978,0.003275506664067507,0.4253872334957123,0.6674225330352783,-0.029109662398695946,0.47269362211227417,0.8281266093254089,0.1014721617102623,0.4415794312953949,0.8298255205154419,0.08906752616167068,0.4705151915550232,0.853192150592804,0.10465069860219955,0.44781094789505005,0.8513725996017456,0.09358762204647064,0.4805384576320648,0.8795850872993469,-0.008602249436080456,0.44228965044021606,0.8737457990646362,-0.026565860956907272
1781515928.8943377,plank,0.42548656463623047,0.1947716623544693,-0.3240099847316742,0.4292934834957123,0.18263664841651917,-0.3077217936515808,0.4321032464504242,0.1833493709564209,-0.3077148497104645,0.43461328744888306,0.1842731535434723,-0.30770862102508545,0.4201330542564392,0.18145181238651276,-0.31338074803352356,0.4168221950531006,0.18144044280052185,-0.31342601776123047,0.4139505922794342,0.18151651322841644,-0.31346026062965393,0.43652939796447754,0.19341294467449188,-0.19564618170261383,0.40981897711753845,0.1894206404685974,-0.2244688719511032,0.43008238077163696,0.21202577650547028,-0.2807050347328186,0.419609397649765,0.2116776406764984,-0.28922566771507263,0.46133750677108765,0.3041425347328186,-0.11110790818929672,0.37371745705604553,0.2794041633605957,-0.16357159614562988,0.4794185161590576,0.4093746244907379,-0.06444750726222992,0.3533777594566345,0.3907252550125122,-0.10010744631290436,0.5014784336090088,0.5008838176727295,-0.14553964138031006,0.35062387585639954,0.4821898937225342,-0.18311989307403564,0.5117774605751038,0.5286182165145874,-0.1713070124387741,0.3449224829673767,0.5116437077522278,-0.20811140537261963,0.5085147619247437,0.5287973880767822,-0.23117688298225403,0.3347112536430359,0.5080010890960693,-0.2447384148836136,0.5046578645706177,0.5192832350730896,-0.1648215502500534,0.3383113741874695,0.4984639585018158,-0.19863605499267578,0.4490421414375305,0.5024608373641968,0.005399975925683975,0.40467357635498047,0.5093299150466919,-0.0055147139355540276,0.45916634798049927,0.6573609709739685,0.001692117191851139,0.42494192719459534,0.6688461899757385,-0.004992302972823381,0.47369351983070374,0.8340908288955688,0.10377335548400879,0.44171300530433655,0.8307136297225952,0.1139865517616272,0.471932977437973,0.8577405214309692,0.10523001849651337,0.44781559705734253,0.8509148359298706,0.11796410381793976,0.4773598313331604,0.8854761123657227,-0.022857723757624626,0.44193172454833984,0.8754953145980835,-0.001513226656243205
1781515929.080986,plank,0.43385666608810425,0.18058353662490845,-0.12101725488901138,0.4378446042537689,0.16856051981449127,-0.09955722838640213,0.44065672159194946,0.1698276251554489,-0.0995878204703331,0.44298505783081055,0.17107601463794708,-0.0995945930480957,0.428443968296051,0.16607320308685303,-0.10726984590291977,0.4248380661010742,0.16588959097862244,-0.10726113617420197,0.4217000901699066,0.16589735448360443,-0.10725250095129013,0.4442388117313385,0.18105468153953552,0.013893532566726208,0.41627708077430725,0.1746109277009964,-0.02371131256222725,0.4392162263393402,0.20058803260326385,-0.07904784381389618,0.42784684896469116,0.1985192894935608,-0.08986556529998779,0.46621233224868774,0.28232520818710327,0.06754320114850998,0.3804636597633362,0.2644312381744385,0.006969013251364231,0.4955664277076721,0.36080503463745117,0.029660353437066078,0.3642271161079407,0.3593118488788605,-0.0758860856294632,0.5374127626419067,0.4178955554962158,-0.1686122715473175,0.39494070410728455,0.418253630399704,-0.25067731738090515,0.5500379204750061,0.4360637962818146,-0.19654637575149536,0.4036460518836975,0.44169288873672485,-0.2909541726112366,0.5471470952033997,0.42958149313926697,-0.22370266914367676,0.4087759554386139,0.4249623715877533,-0.3070448935031891,0.5416684150695801,0.42365366220474243,-0.180435448884964,0.4073593020439148,0.4184426963329315,-0.26029840111732483,0.45435112714767456,0.49235814809799194,0.0076292818412184715,0.40533581376075745,0.49350705742836,-0.007589371409267187,0.46112895011901855,0.6559419631958008,-0.029688213020563126,0.42148441076278687,0.6616235375404358,-0.01985899731516838,0.4746953547000885,0.8357093930244446,0.03749788552522659,0.4394102990627289,0.8284087181091309,0.09499239176511765,0.47188177704811096,0.8615236878395081,0.03610245883464813,0.445063978433609,0.8471647500991821,0.09917561709880829,0.47795137763023376,0.8851057887077332,-0.09181709587574005,0.4414850175380707,0.8752849102020264,-0.025157863274216652
1781515929.2698765,plank,0.44157546758651733,0.16652633249759674,-0.15638640522956848,0.44450169801712036,0.154417484998703,-0.13439498841762543,0.44702276587486267,0.15557900071144104,-0.13442690670490265,0.4492219090461731,0.15686526894569397,-0.1344413310289383,0.435587078332901,0.15275788307189941,-0.14027440547943115,0.43210569024086,0.15270806849002838,-0.14027252793312073,0.4289815425872803,0.15293632447719574,-0.1402430683374405,0.4501245617866516,0.1677941530942917,-0.01386562455445528,0.4230167865753174,0.16229242086410522,-0.040992412716150284,0.4461657404899597,0.18665392696857452,-0.11196277290582657,0.4356653690338135,0.1845594048500061,-0.11983643472194672,0.4741035997867584,0.2716388702392578,0.0350150465965271,0.3854275047779083,0.25836309790611267,-0.0013690425548702478,0.5041489601135254,0.34927645325660706,-0.0846649706363678,0.3712826073169708,0.35285094380378723,-0.09602683782577515,0.535311758518219,0.3607123792171478,-0.36461466550827026,0.39695242047309875,0.3828432261943817,-0.3125026822090149,0.5492345690727234,0.36480003595352173,-0.4225500226020813,0.40513890981674194,0.3965885043144226,-0.36144357919692993,0.5442760586738586,0.3527751564979553,-0.4392891526222229,0.41145095229148865,0.3818674683570862,-0.3706182837486267,0.5386980772018433,0.3514409363269806,-0.379421204328537,0.41005319356918335,0.3754298686981201,-0.32031238079071045,0.45906805992126465,0.4893876016139984,-0.0007557609351351857,0.40631142258644104,0.48959973454475403,0.0008387755369767547,0.46331071853637695,0.6529895067214966,-0.07091985642910004,0.4081103801727295,0.6580254435539246,-0.016646936535835266,0.4761688709259033,0.8345001935958862,0.0447457879781723,0.4294814467430115,0.814936637878418,0.19717761874198914,0.47248977422714233,0.8604056239128113,0.05040200799703598,0.4384819567203522,0.8330215215682983,0.21245305240154266,0.4781268537044525,0.8877212405204773,-0.07482431083917618,0.4311703145503998,0.8743414878845215,0.10566681623458862
1781515929.4586396,plank,0.4464878439903259,0.14657196402549744,-0.11250577121973038,0.4481658935546875,0.13708528876304626,-0.09264663606882095,0.45065921545028687,0.13800333440303802,-0.09268666058778763,0.45298153162002563,0.13900704681873322,-0.09269310534000397,0.44011178612709045,0.13590210676193237,-0.09625077992677689,0.4368665814399719,0.13640819489955902,-0.0962536409497261,0.43372535705566406,0.1372402459383011,-0.09626016765832901,0.4530707895755768,0.1511015146970749,0.009648449718952179,0.42613324522972107,0.1484244018793106,-0.007309903856366873,0.45059460401535034,0.1657940298318863,-0.07505742460489273,0.439960241317749,0.1641458123922348,-0.08002965152263641,0.4814714789390564,0.2585533857345581,0.037573374807834625,0.3893299102783203,0.24220752716064453,0.03575047850608826,0.4999315142631531,0.34968599677085876,-0.02460644394159317,0.3734419047832489,0.34660235047340393,0.01450001448392868,0.5267524719238281,0.3942028880119324,-0.20998749136924744,0.37741538882255554,0.4280364513397217,-0.1081821545958519,0.5404680967330933,0.4242214560508728,-0.2541552782058716,0.36942094564437866,0.45933571457862854,-0.1431393176317215,0.5352712869644165,0.4145961403846741,-0.28550827503204346,0.3753325045108795,0.4599713087081909,-0.17221349477767944,0.5295835137367249,0.4034075140953064,-0.22710826992988586,0.3798254132270813,0.4502943754196167,-0.12338878214359283,0.46484971046447754,0.485183984041214,-0.00465127918869257,0.40971821546554565,0.48366865515708923,0.004748042207211256,0.46707630157470703,0.6540452837944031,-0.05576265603303909,0.4082539975643158,0.6586086750030518,-0.026608649641275406,0.4765130579471588,0.8357329368591309,0.05252125859260559,0.4086909890174866,0.8462569117546082,0.06483908742666245,0.47208303213119507,0.8631306886672974,0.05381447821855545,0.41930848360061646,0.8740708231925964,0.06400616466999054,0.47923532128334045,0.8877061009407043,-0.06937655806541443,0.37591612339019775,0.9012795090675354,-0.05856235697865486
1781515929.6447027,plank,0.4494051933288574,0.1438867300748825,-0.31951040029525757,0.4509199261665344,0.13437631726264954,-0.3026773929595947,0.4529708921909332,0.13539887964725494,-0.302662193775177,0.4549994468688965,0.13645878434181213,-0.30264607071876526,0.4431091845035553,0.13344843685626984,-0.30857980251312256,0.43966251611709595,0.1339184045791626,-0.3086290955543518,0.4359431266784668,0.13463112711906433,-0.3086591362953186,0.4536263048648834,0.14975260198116302,-0.19084087014198303,0.42623385787010193,0.1466199904680252,-0.2192436158657074,0.45277053117752075,0.1630258411169052,-0.2762680649757385,0.44250932335853577,0.16149696707725525,-0.28464627265930176,0.482435405254364,0.25810569524765015,-0.1079183965921402,0.3903128504753113,0.23902180790901184,-0.13255566358566284,0.49763497710227966,0.3620351254940033,-0.032371629029512405,0.3726227879524231,0.3506412208080292,-0.06302283704280853,0.5190793871879578,0.4843459725379944,-0.11747816950082779,0.36439579725265503,0.4716719388961792,-0.1577889770269394,0.5190988779067993,0.5233407616615295,-0.1376573145389557,0.35345861315727234,0.5100396275520325,-0.18266823887825012,0.5147401690483093,0.5222441554069519,-0.17745999991893768,0.3578818440437317,0.5111037492752075,-0.21849508583545685,0.5121994614601135,0.5102744698524475,-0.13456247746944427,0.36479008197784424,0.500716507434845,-0.17377422749996185,0.4689562916755676,0.4827178418636322,-0.0009533751872368157,0.41225290298461914,0.48340603709220886,0.0010057947365567088,0.46792227029800415,0.6538534760475159,-0.010437527671456337,0.4098786413669586,0.6587584018707275,-0.039101120084524155,0.47688212990760803,0.8354230523109436,0.10131361335515976,0.4057668149471283,0.8557197451591492,0.060799382627010345,0.47247013449668884,0.8627799153327942,0.10280171781778336,0.41544198989868164,0.8835889101028442,0.06006104499101639,0.4797438085079193,0.8873907923698425,-0.020057611167430878,0.37441936135292053,0.9051847457885742,-0.0702204555273056
1781515929.7468126,plank,0.4480077624320984,0.14294041693210602,-0.3354734182357788,0.44963493943214417,0.13363882899284363,-0.3182353079319,0.4518321454524994,0.1345151960849762,-0.3182298243045807,0.4539622366428375,0.1354438215494156,-0.3182409107685089,0.44163838028907776,0.13284794986248016,-0.3250442445278168,0.4381369948387146,0.13336379826068878,-0.32510000467300415,0.4343833327293396,0.13396401703357697,-0.3251042366027832,0.45261186361312866,0.14842413365840912,-0.20475442707538605,0.4252413213253021,0.14639638364315033,-0.23736438155174255,0.45176416635513306,0.1617065668106079,-0.2914968430995941,0.44157853722572327,0.160165473818779,-0.30107757449150085,0.480560839176178,0.2585337460041046,-0.1160447746515274,0.38961338996887207,0.23849627375602722,-0.15134510397911072,0.4979497492313385,0.3626514971256256,-0.040066443383693695,0.3725825250148773,0.3521886467933655,-0.09578310698270798,0.5188605785369873,0.4820459187030792,-0.11920706927776337,0.3621523976325989,0.47034752368927,-0.17323783040046692,0.5230145454406738,0.516810953617096,-0.13849768042564392,0.3537103533744812,0.5080903172492981,-0.19843941926956177,0.5189088582992554,0.5173669457435608,-0.17957445979118347,0.35859861969947815,0.508870005607605,-0.2329956591129303,0.5160058736801147,0.5080101490020752,-0.13698528707027435,0.364627480506897,0.4977550208568573,-0.18861408531665802,0.4681951403617859,0.4786350727081299,-0.00031043359194882214,0.41213059425354004,0.48102015256881714,0.0003700499073602259,0.46791186928749084,0.6537007689476013,-0.022821519523859024,0.41035395860671997,0.6587976217269897,-0.0395720899105072,0.4766947329044342,0.8360605835914612,0.07215109467506409,0.4051499366760254,0.8563633561134338,0.04468509182333946,0.47102221846580505,0.8634231686592102,0.07154138386249542,0.4159717559814453,0.8846564292907715,0.04257554933428764,0.4803673326969147,0.8876349329948425,-0.05023910477757454,0.3737092912197113,0.9054858684539795,-0.08769384771585464
1781515929.928441,plank,0.4476951062679291,0.14643746614456177,-0.3021045923233032,0.4487551152706146,0.13565893471240997,-0.2844211161136627,0.45084840059280396,0.13643768429756165,-0.2844139635562897,0.45284539461135864,0.13735057413578033,-0.28442126512527466,0.44101375341415405,0.13495436310768127,-0.2919388711452484,0.43748289346694946,0.13529717922210693,-0.2919772267341614,0.43368855118751526,0.1358805149793625,-0.29196441173553467,0.45215296745300293,0.14919684827327728,-0.1718633621931076,0.42437559366226196,0.14772014319896698,-0.2081661969423294,0.45125800371170044,0.1651708483695984,-0.258605420589447,0.4416835308074951,0.16448701918125153,-0.2692515552043915,0.4788053035736084,0.2597472369670868,-0.0897129625082016,0.3886556625366211,0.23928967118263245,-0.12780609726905823,0.49822551012039185,0.364398330450058,-0.021814748644828796,0.3716188073158264,0.3526119589805603,-0.09072882682085037,0.5262866616249084,0.4782277047634125,-0.09677155315876007,0.3608393371105194,0.46391889452934265,-0.1569325029850006,0.5358290672302246,0.5103116631507874,-0.11549343168735504,0.3533121347427368,0.4990524351596832,-0.1810659021139145,0.5322195887565613,0.5110406279563904,-0.15697869658470154,0.35888344049453735,0.4984109103679657,-0.2158195972442627,0.5283053517341614,0.5027433037757874,-0.11490307748317719,0.36446714401245117,0.4874124825000763,-0.17248153686523438,0.46752944588661194,0.47654151916503906,0.0002818432985804975,0.4116327166557312,0.47982677817344666,-0.00021919584833085537,0.46745339035987854,0.653874933719635,-0.022210657596588135,0.4111766815185547,0.6588544845581055,-0.03759508579969406,0.4766034483909607,0.8374260067939758,0.07109473645687103,0.4038047194480896,0.8537925481796265,0.05032717436552048,0.47040891647338867,0.8650097250938416,0.07093234360218048,0.4153497815132141,0.8827926516532898,0.04887884110212326,0.4807986319065094,0.887772798538208,-0.04802022501826286,0.37307435274124146,0.9045032262802124,-0.0784464031457901
1781515930.1163232,plank,0.4421207904815674,0.14855144917964935,-0.09699144214391708,0.44136562943458557,0.13789230585098267,-0.07449761778116226,0.44268304109573364,0.13869895040988922,-0.07450002431869507,0.44408178329467773,0.13966846466064453,-0.07452062517404556,0.434926837682724,0.13721975684165955,-0.08299148827791214,0.43127918243408203,0.13753275573253632,-0.08299347758293152,0.42742234468460083,0.13815245032310486,-0.08294099569320679,0.4410426616668701,0.1513662189245224,0.03785006329417229,0.41698187589645386,0.14982053637504578,-0.003549880115315318,0.44456085562705994,0.1676570028066635,-0.055324487388134,0.4362413287162781,0.16707822680473328,-0.06740914285182953,0.47190409898757935,0.2615582346916199,0.0859215259552002,0.3825749158859253,0.24067656695842743,0.02150348201394081,0.497884601354599,0.3574597239494324,0.09109260141849518,0.36675888299942017,0.32680752873420715,-0.06888119876384735,0.5276958346366882,0.45527535676956177,-0.021327806636691093,0.3685321509838104,0.4048772156238556,-0.23507952690124512,0.5391978025436401,0.4832598865032196,-0.04834023863077164,0.3688773512840271,0.43070322275161743,-0.27671951055526733,0.5362773537635803,0.48297590017318726,-0.08161680400371552,0.37567880749702454,0.42200928926467896,-0.28849396109580994,0.5312038660049438,0.4730139970779419,-0.03778325393795967,0.3775809407234192,0.41346079111099243,-0.244227796792984,0.462766170501709,0.4763146638870239,0.0014133751392364502,0.40946775674819946,0.479350209236145,-0.0012782603735104203,0.46493035554885864,0.6516374945640564,-0.06012984365224838,0.4107109010219574,0.658340334892273,-0.06273004412651062,0.47615012526512146,0.8372249007225037,0.0046164593659341335,0.4033845067024231,0.8535842895507812,-0.004675109870731831,0.47036951780319214,0.8649125099182129,0.0031781562138348818,0.4151533246040344,0.883711576461792,-0.008193554356694221,0.480926513671875,0.887218713760376,-0.11463992297649384,0.37180763483047485,0.9056103229522705,-0.12956388294696808
1781515930.3007653,plank,0.4337798058986664,0.1493617445230484,-0.03094654344022274,0.43290281295776367,0.13835738599300385,-0.010659763589501381,0.43403372168540955,0.13923053443431854,-0.010669092647731304,0.4352025091648102,0.14016547799110413,-0.010676063597202301,0.42681875824928284,0.1375439614057541,-0.019887475296854973,0.4234727919101715,0.13789178431034088,-0.0198838971555233,0.42006006836891174,0.1385819911956787,-0.019859779626131058,0.43206244707107544,0.15136080980300903,0.08488449454307556,0.40911364555358887,0.15045399963855743,0.041364558041095734,0.43612509965896606,0.16765479743480682,0.004379963502287865,0.4280382990837097,0.16701246798038483,-0.008260687813162804,0.462595134973526,0.26180288195610046,0.10653074830770493,0.37385374307632446,0.2423800826072693,0.04133695363998413,0.48303014039993286,0.3485628366470337,0.06047806143760681,0.36230212450027466,0.3300073742866516,-0.06381283700466156,0.504670262336731,0.42121294140815735,-0.06949429214000702,0.38341110944747925,0.4012298583984375,-0.22114118933677673,0.5108609199523926,0.4437509775161743,-0.09631764143705368,0.39025211334228516,0.42618152499198914,-0.2533946633338928,0.507784366607666,0.4402146339416504,-0.12766329944133759,0.39563047885894775,0.4144943654537201,-0.25602394342422485,0.5031809210777283,0.4325520396232605,-0.08474790304899216,0.39540550112724304,0.4065310060977936,-0.2261408567428589,0.4554649293422699,0.4744097888469696,0.0030221983324736357,0.40534934401512146,0.4767259359359741,-0.0028538682963699102,0.46176663041114807,0.6493620276451111,-0.05817681550979614,0.4087434411048889,0.6571123600006104,-0.05351659655570984,0.4759717881679535,0.8375918865203857,-0.0011869188165292144,0.4028533101081848,0.8528720140457153,0.004099115263670683,0.46994560956954956,0.8672639727592468,-0.0026270782109349966,0.4147006869316101,0.8833075761795044,0.0013158509973436594,0.48198452591896057,0.8870389461517334,-0.10906751453876495,0.3729480803012848,0.9058682918548584,-0.10746612399816513
1781515930.4745336,plank,0.4307645857334137,0.14790430665016174,-0.03185465559363365,0.43019309639930725,0.13698481023311615,-0.011937832459807396,0.4317936897277832,0.13780269026756287,-0.011946821585297585,0.43345561623573303,0.13868629932403564,-0.011961043812334538,0.4236644208431244,0.13650009036064148,-0.020318228751420975,0.4202195107936859,0.13710375130176544,-0.020313190296292305,0.41643422842025757,0.13818465173244476,-0.020296255126595497,0.4309796392917633,0.15023089945316315,0.0815354436635971,0.40608587861061096,0.1505713313817978,0.042423445731401443,0.4343815743923187,0.16604366898536682,0.002704499289393425,0.4256685674190521,0.16598138213157654,-0.008655333891510963,0.4615483283996582,0.2619272470474243,0.10393037647008896,0.3729911148548126,0.24288557469844818,0.04393741488456726,0.48032060265541077,0.3472597002983093,0.07368888705968857,0.36185795068740845,0.33304163813591003,-0.04829947650432587,0.4966588616371155,0.42227503657341003,-0.03529387339949608,0.3859613239765167,0.40889230370521545,-0.17971715331077576,0.5004274845123291,0.4456729590892792,-0.06444601714611053,0.391763836145401,0.4350237548351288,-0.21610219776630402,0.4975337088108063,0.44131702184677124,-0.08575840294361115,0.3970380127429962,0.4238331615924835,-0.21812276542186737,0.4935411512851715,0.4333350658416748,-0.04757985472679138,0.3969973623752594,0.41473883390426636,-0.18338395655155182,0.45436325669288635,0.4741685688495636,0.0025891903787851334,0.40400663018226624,0.4770567715167999,-0.0024299221113324165,0.461404949426651,0.6482817530632019,-0.06001357361674309,0.40851789712905884,0.6571362614631653,-0.04991430416703224,0.4755929112434387,0.8375298380851746,-0.0015313219046220183,0.4026001989841461,0.8526827692985535,0.009525387547910213,0.4695354402065277,0.8679704666137695,-0.002988619962707162,0.4146783947944641,0.8834019303321838,0.007004862185567617,0.4822574257850647,0.8867496252059937,-0.11147431284189224,0.37226301431655884,0.9060056805610657,-0.10072020441293716
1781515930.6481116,plank,0.42657262086868286,0.1436178982257843,-0.25407469272613525,0.427668035030365,0.1330556720495224,-0.23572590947151184,0.4298233389854431,0.13379406929016113,-0.23572762310504913,0.4320164620876312,0.13481535017490387,-0.23573347926139832,0.4199675917625427,0.13253635168075562,-0.24031753838062286,0.4163277745246887,0.13314111530780792,-0.24034281075000763,0.4125348925590515,0.13404682278633118,-0.24034638702869415,0.43094974756240845,0.14655253291130066,-0.12694907188415527,0.40335163474082947,0.14622488617897034,-0.14949563145637512,0.43125638365745544,0.16277068853378296,-0.21299465000629425,0.42039281129837036,0.1626265048980713,-0.21966838836669922,0.4621358811855316,0.26227882504463196,-0.05761037394404411,0.36957332491874695,0.24454675614833832,-0.07876788079738617,0.4798377454280853,0.36846208572387695,-0.004685252904891968,0.35885003209114075,0.3635731637477875,-0.049311716109514236,0.4968910217285156,0.47246381640434265,-0.08058063685894012,0.36114630103111267,0.4726306200027466,-0.13462978601455688,0.5031599402427673,0.5068731307983398,-0.09663372486829758,0.3564237654209137,0.5116324424743652,-0.16122260689735413,0.49980100989341736,0.5072788000106812,-0.14097830653190613,0.36403709650039673,0.5087783336639404,-0.19330592453479767,0.49553924798965454,0.4966808259487152,-0.09790300577878952,0.36885470151901245,0.49732571840286255,-0.14930257201194763,0.4541859030723572,0.4788336753845215,0.0008697551675140858,0.40000420808792114,0.485770583152771,-0.0007697733817622066,0.4607223570346832,0.6497762203216553,-0.04316337779164314,0.4081929624080658,0.6623851656913757,-0.033915091305971146,0.47520604729652405,0.8372542262077332,0.05362970754504204,0.40231743454933167,0.853302001953125,0.06263245642185211,0.46900105476379395,0.8678174614906311,0.05456794425845146,0.4141651690006256,0.884600818157196,0.06265083700418472,0.482700914144516,0.8871246576309204,-0.06504939496517181,0.3722134232521057,0.9067617058753967,-0.05832440406084061
1781515930.8358119,plank,0.4220331609249115,0.14349940419197083,-0.3141535818576813,0.42490363121032715,0.13239477574825287,-0.2964077889919281,0.4273712635040283,0.13297922909259796,-0.29640692472457886,0.43036308884620667,0.1339055746793747,-0.2964072823524475,0.41564375162124634,0.13223902881145477,-0.29857924580574036,0.41167521476745605,0.13300427794456482,-0.2986114025115967,0.4079979956150055,0.13403430581092834,-0.2986134886741638,0.43171587586402893,0.1453089863061905,-0.18777449429035187,0.4010980725288391,0.14615356922149658,-0.19981077313423157,0.4281335771083832,0.16274751722812653,-0.2733589708805084,0.41499534249305725,0.16279014945030212,-0.27694976329803467,0.4627605080604553,0.2625972628593445,-0.1196318119764328,0.3691776990890503,0.24587780237197876,-0.11686273664236069,0.48143744468688965,0.37584155797958374,-0.07420720160007477,0.35028237104415894,0.3668244183063507,-0.0701809749007225,0.5009723901748657,0.4858331084251404,-0.15975472331047058,0.34069833159446716,0.47731971740722656,-0.14933662116527557,0.5072861313819885,0.5217946767807007,-0.1847531646490097,0.3334372043609619,0.5134812593460083,-0.17407970130443573,0.5025666356086731,0.5232107639312744,-0.22121965885162354,0.3382909893989563,0.5123570561408997,-0.20773079991340637,0.49856653809547424,0.5110601782798767,-0.1757158637046814,0.3436337113380432,0.501729428768158,-0.16441138088703156,0.45420798659324646,0.48213908076286316,-0.0016380328452214599,0.3992216885089874,0.49024108052253723,0.0016276329988613725,0.4604417383670807,0.6509193181991577,-0.07299555093050003,0.4083324074745178,0.6643290519714355,-0.03818665072321892,0.4751273989677429,0.8371239304542542,0.005470615345984697,0.4022495746612549,0.8539428114891052,0.0387687161564827,0.4689826965332031,0.868040144443512,0.004167234059423208,0.4142557680606842,0.885068953037262,0.03620366007089615,0.4827319085597992,0.8870642781257629,-0.1236499547958374,0.3722226321697235,0.9070513248443604,-0.09195113927125931
1781515931.0234332,plank,0.4175032675266266,0.14328980445861816,-0.3379665017127991,0.4226589798927307,0.13220421969890594,-0.32084736227989197,0.42541593313217163,0.13278192281723022,-0.3208393454551697,0.42869728803634644,0.13372807204723358,-0.3208460211753845,0.41226664185523987,0.1320643275976181,-0.3223850131034851,0.4084897041320801,0.13284295797348022,-0.32242506742477417,0.4051818251609802,0.1338738054037094,-0.3224337697029114,0.4322584271430969,0.1453235149383545,-0.2119639813899994,0.40044888854026794,0.1457700878381729,-0.2207845002412796,0.42513447999954224,0.1627752184867859,-0.2968912422657013,0.4108974039554596,0.16285091638565063,-0.2995949387550354,0.46366024017333984,0.26286575198173523,-0.13710933923721313,0.37009063363075256,0.246209055185318,-0.13220566511154175,0.4858584403991699,0.37400558590888977,-0.08629991114139557,0.3487895727157593,0.3660886585712433,-0.0797557681798935,0.5058677196502686,0.48211511969566345,-0.1657097488641739,0.3384842276573181,0.47530895471572876,-0.1541331708431244,0.5123980641365051,0.5175632834434509,-0.1890113651752472,0.3302215039730072,0.5110921859741211,-0.17963021993637085,0.5062737464904785,0.5192230939865112,-0.22686262428760529,0.33420246839523315,0.510559618473053,-0.2116752564907074,0.5019659996032715,0.5075200200080872,-0.18197987973690033,0.33928582072257996,0.49979668855667114,-0.16676580905914307,0.4542190432548523,0.4821401834487915,-0.0017809208948165178,0.39959436655044556,0.4896920919418335,0.0017517067026346922,0.46032506227493286,0.6515986919403076,-0.056313980370759964,0.4082951545715332,0.66536545753479,-0.041344910860061646,0.4750572144985199,0.8371071815490723,0.04391730576753616,0.4021790623664856,0.8540608882904053,0.04403269663453102,0.4689972400665283,0.8675479292869568,0.04367445781826973,0.41441798210144043,0.8850555419921875,0.04270343855023384,0.4824393689632416,0.8875083923339844,-0.09462977945804596,0.372140109539032,0.9076977968215942,-0.0871024876832962
1781515931.194488,plank,0.4178590774536133,0.1438005268573761,-0.07588767260313034,0.42284950613975525,0.132419615983963,-0.055832356214523315,0.4255591034889221,0.13298620283603668,-0.05583137273788452,0.42882800102233887,0.13394297659397125,-0.05581267550587654,0.41297879815101624,0.13221243023872375,-0.05586092919111252,0.4092685282230377,0.13303352892398834,-0.05587054044008255,0.40602001547813416,0.13418282568454742,-0.05585572123527527,0.43285274505615234,0.14565744996070862,0.0391901433467865,0.4010915756225586,0.14609800279140472,0.037267543375492096,0.4251815676689148,0.16296887397766113,-0.04223097860813141,0.4117797017097473,0.16332502663135529,-0.04287180304527283,0.46609658002853394,0.26286956667900085,0.05204503983259201,0.3724654018878937,0.24623975157737732,0.05462606996297836,0.48699432611465454,0.36198094487190247,-0.032382361590862274,0.35519900918006897,0.35045817494392395,-0.03180275857448578,0.5023766756057739,0.4488706886768341,-0.1767054945230484,0.3635138273239136,0.4443119466304779,-0.18920588493347168,0.5073092579841614,0.4784785509109497,-0.21655520796775818,0.36608558893203735,0.48086103796958923,-0.23072735965251923,0.5009752511978149,0.4710996747016907,-0.23735392093658447,0.3759799599647522,0.4718984365463257,-0.24524247646331787,0.496661514043808,0.4606127142906189,-0.1891319304704666,0.3780018389225006,0.46064770221710205,-0.19947077333927155,0.45442017912864685,0.48299676179885864,-0.0037429449148476124,0.3996604084968567,0.4894693195819855,0.0037380189169198275,0.4604848325252533,0.651735246181488,-0.042077288031578064,0.4080139100551605,0.6653532385826111,-0.03565208613872528,0.4749690890312195,0.8371486067771912,0.04491310194134712,0.4022562503814697,0.8536796569824219,0.04972926154732704,0.46898818016052246,0.8676552772521973,0.044542308896780014,0.4146021008491516,0.8845074772834778,0.049019705504179,0.4823210835456848,0.8876631855964661,-0.07773599773645401,0.37208086252212524,0.9079331159591675,-0.0676039606332779
1781515931.382706,plank,0.4188671112060547,0.14554795622825623,-0.05801572650671005,0.42345985770225525,0.13346391916275024,-0.03718976303935051,0.42613181471824646,0.1342083066701889,-0.03720035403966904,0.4293065667152405,0.13533568382263184,-0.037191689014434814,0.4138738512992859,0.13341990113258362,-0.036967888474464417,0.4101731777191162,0.13447216153144836,-0.03696313872933388,0.4068731367588043,0.1357985883951187,-0.03693506866693497,0.43422451615333557,0.14728879928588867,0.06084184721112251,0.40197938680648804,0.1480516642332077,0.060663796961307526,0.42589712142944336,0.1640433669090271,-0.02318435348570347,0.4129609167575836,0.1646086871623993,-0.02333487942814827,0.4687057435512543,0.262876033782959,0.07104374468326569,0.3758102357387543,0.24640971422195435,0.07240456342697144,0.48887163400650024,0.3562992811203003,-0.030878406018018723,0.3598007559776306,0.34406715631484985,-0.03315276652574539,0.49833983182907104,0.42668843269348145,-0.2123115509748459,0.37952378392219543,0.432496041059494,-0.21351861953735352,0.5005038976669312,0.45561090111732483,-0.25856107473373413,0.38426780700683594,0.4675324857234955,-0.258023202419281,0.4935661256313324,0.4441471993923187,-0.27566903829574585,0.39253416657447815,0.4569457173347473,-0.26784268021583557,0.49003252387046814,0.4349987506866455,-0.22395935654640198,0.39332467317581177,0.44628262519836426,-0.22181610763072968,0.4562230706214905,0.48335567116737366,-0.0072570727206766605,0.4009522497653961,0.4893188774585724,0.007321915123611689,0.4609249532222748,0.6516931653022766,-0.05187526345252991,0.4079520106315613,0.6646446585655212,-0.03057580627501011,0.47493284940719604,0.8372677564620972,0.019056331366300583,0.40231800079345703,0.8531578779220581,0.04874315857887268,0.46896713972091675,0.8684593439102173,0.018270183354616165,0.4146810472011566,0.8842038512229919,0.04758963733911514,0.4820815622806549,0.8876436948776245,-0.0963355079293251,0.37224701046943665,0.9078688621520996,-0.06769247353076935
1781515931.5688298,plank,0.41954168677330017,0.14611579477787018,-0.10961119085550308,0.4243677258491516,0.13398322463035583,-0.09546646475791931,0.42756175994873047,0.13476872444152832,-0.09541496634483337,0.4311205744743347,0.13604679703712463,-0.09531040489673615,0.415103018283844,0.13396431505680084,-0.08118081092834473,0.4118177890777588,0.13498008251190186,-0.08128298819065094,0.40822702646255493,0.13642606139183044,-0.0813290923833847,0.4384513795375824,0.14834144711494446,-0.011049104854464531,0.40582194924354553,0.14956484735012054,0.02419823780655861,0.4268844723701477,0.16482149064540863,-0.08304664492607117,0.41427770256996155,0.16519133746623993,-0.0671960860490799,0.47376108169555664,0.26275020837783813,0.0016596056520938873,0.38069120049476624,0.24882522225379944,0.034312572330236435,0.49196991324424744,0.3573746681213379,-0.07149296998977661,0.3666670620441437,0.34533455967903137,-0.05823611468076706,0.5012450218200684,0.44597575068473816,-0.22918429970741272,0.3771272897720337,0.44503253698349,-0.23193681240081787,0.5042795538902283,0.48018234968185425,-0.2680777907371521,0.37836843729019165,0.48328378796577454,-0.2722761034965515,0.49751773476600647,0.47459954023361206,-0.2941068410873413,0.38562166690826416,0.4748859405517578,-0.29319822788238525,0.49385395646095276,0.4641774892807007,-0.2431751787662506,0.38759109377861023,0.4621412456035614,-0.2449154406785965,0.46213245391845703,0.4838505983352661,-0.008678296580910683,0.4052561819553375,0.489605575799942,0.00872795283794403,0.4633539319038391,0.6530320644378662,-0.02996525727212429,0.4085477888584137,0.664444625377655,-0.023054052144289017,0.4751576781272888,0.8369178175926208,0.057543568313121796,0.40263277292251587,0.852463960647583,0.06515603512525558,0.4693332612514496,0.8679932355880737,0.05750833824276924,0.4150392413139343,0.8835078477859497,0.06459600478410721,0.48109951615333557,0.8870728611946106,-0.06488755345344543,0.3726387619972229,0.9076614379882812,-0.05281776934862137
1781515931.740126,plank,0.42483681440353394,0.14623935520648956,-0.33732861280441284,0.4296131730079651,0.13405060768127441,-0.3220609724521637,0.4331606924533844,0.13486348092556,-0.3220349848270416,0.4363330900669098,0.13605104386806488,-0.3220183253288269,0.4211556911468506,0.13418841361999512,-0.32205313444137573,0.4178699553012848,0.13525092601776123,-0.32211488485336304,0.4146357476711273,0.1367816925048828,-0.3221384882926941,0.44424256682395935,0.14830300211906433,-0.21965141594409943,0.4118543267250061,0.15037758648395538,-0.22092625498771667,0.43171247839927673,0.16486185789108276,-0.2984522581100464,0.42030245065689087,0.16531561315059662,-0.29890722036361694,0.4780808985233307,0.262496680021286,-0.14641113579273224,0.3857468068599701,0.24985218048095703,-0.132398322224617,0.49787163734436035,0.36658549308776855,-0.10014165937900543,0.36786001920700073,0.3643267750740051,-0.0811866968870163,0.5142003297805786,0.48219460248947144,-0.21177741885185242,0.3692167401313782,0.473923921585083,-0.15970733761787415,0.5201444625854492,0.5168430209159851,-0.20903976261615753,0.35686758160591125,0.5113967061042786,-0.1830405294895172,0.5151503086090088,0.5177859663963318,-0.2628418207168579,0.35991743206977844,0.5103980302810669,-0.21851685643196106,0.5118712186813354,0.5064530968666077,-0.21397534012794495,0.3672408163547516,0.5003765225410461,-0.1758253276348114,0.46647119522094727,0.48420804738998413,-0.007784481160342693,0.4107836186885834,0.4893607199192047,0.007776251528412104,0.46845078468322754,0.6547555923461914,-0.0324833020567894,0.4062259793281555,0.6619942784309387,-0.03785473480820656,0.4753108620643616,0.8364962339401245,0.060330044478178024,0.40268293023109436,0.8521455526351929,0.058668553829193115,0.4694637656211853,0.8656482100486755,0.060443729162216187,0.41524380445480347,0.883246123790741,0.05884239822626114,0.48034363985061646,0.8875123858451843,-0.05959390476346016,0.372439444065094,0.907766580581665,-0.0669778361916542
1781515931.9127214,plank,0.4282844066619873,0.14696988463401794,-0.33446598052978516,0.43298643827438354,0.13442155718803406,-0.31864604353904724,0.4365626275539398,0.13512973487377167,-0.3186221122741699,0.43952226638793945,0.13624362647533417,-0.31860584020614624,0.42474332451820374,0.13450860977172852,-0.31934815645217896,0.4214021563529968,0.13546857237815857,-0.3194103538990021,0.41835957765579224,0.1368851661682129,-0.31943362951278687,0.44714775681495667,0.14845387637615204,-0.2134731113910675,0.41518181562423706,0.150497168302536,-0.2182978093624115,0.43472105264663696,0.16545723378658295,-0.29453325271606445,0.42349982261657715,0.16577501595020294,-0.2959940731525421,0.4799581468105316,0.2628447413444519,-0.13471904397010803,0.38862624764442444,0.2502228319644928,-0.13199695944786072,0.501533567905426,0.37013477087020874,-0.09053955972194672,0.36959531903266907,0.3667861521244049,-0.08554945141077042,0.5210685729980469,0.4835505485534668,-0.16793978214263916,0.36497458815574646,0.4760545492172241,-0.1637241393327713,0.5285096764564514,0.5167804956436157,-0.18649627268314362,0.3531070351600647,0.5130168199539185,-0.18719196319580078,0.5243409276008606,0.5187832117080688,-0.22603502869606018,0.35778337717056274,0.5127379298210144,-0.22336824238300323,0.5209035873413086,0.5076429843902588,-0.1837347447872162,0.3648962378501892,0.5027458071708679,-0.1798730194568634,0.4697134494781494,0.4844864308834076,-0.0052251811139285564,0.41479888558387756,0.4892578125,0.0051306127570569515,0.46979737281799316,0.6547369956970215,-0.05142728611826897,0.4066644608974457,0.6610137820243835,-0.047797974199056625,0.47533226013183594,0.8363800048828125,0.03929919749498367,0.40285784006118774,0.852207362651825,0.041711218655109406,0.4692515432834625,0.8651606440544128,0.03908083587884903,0.41521382331848145,0.8835329413414001,0.040651287883520126,0.4804667532444,0.8879289627075195,-0.09134984016418457,0.37190261483192444,0.9077178835868835,-0.08826138824224472
1781515932.0834749,plank,0.42945966124534607,0.14733724296092987,-0.3520283102989197,0.4338012635707855,0.1346815675497055,-0.3362361788749695,0.4373440146446228,0.13528656959533691,-0.3362175226211548,0.4404889643192291,0.13632485270500183,-0.3362143635749817,0.425414502620697,0.13484469056129456,-0.33654671907424927,0.4221819043159485,0.1357656717300415,-0.3366089463233948,0.4189278483390808,0.13711017370224,-0.3366270661354065,0.44784608483314514,0.1485128104686737,-0.23025619983673096,0.41586780548095703,0.1505463570356369,-0.23332981765270233,0.4357648491859436,0.1657971739768982,-0.31184566020965576,0.42441326379776,0.16610023379325867,-0.3127993643283844,0.48012804985046387,0.26286062598228455,-0.15085723996162415,0.39001718163490295,0.2503764033317566,-0.14052006602287292,0.502722978591919,0.3704117238521576,-0.10117930173873901,0.37152647972106934,0.3674295246601105,-0.08663368225097656,0.5221154093742371,0.48240554332733154,-0.18390807509422302,0.3648446202278137,0.47637027502059937,-0.16617491841316223,0.5288103818893433,0.516563355922699,-0.20328004658222198,0.3549918532371521,0.5128986239433289,-0.1900339424610138,0.5243737697601318,0.5184270739555359,-0.24392935633659363,0.35953670740127563,0.5125495195388794,-0.22683171927928925,0.5209783315658569,0.5067980289459229,-0.20101435482501984,0.3659908175468445,0.5025850534439087,-0.18273165822029114,0.4717036187648773,0.4830603003501892,-0.004277505446225405,0.4164591431617737,0.48760566115379333,0.004174263682216406,0.471109539270401,0.6544957756996155,-0.04902312532067299,0.40671998262405396,0.6590504050254822,-0.04664331674575806,0.4752809405326843,0.8363547325134277,0.046616557985544205,0.40338748693466187,0.8516299724578857,0.04378346726298332,0.4693174362182617,0.8647699356079102,0.046653442084789276,0.41517290472984314,0.883149266242981,0.04283246397972107,0.4805830121040344,0.8879846334457397,-0.08782202750444412,0.3708006739616394,0.9078625440597534,-0.08482344448566437
1781515932.2358773,plank,0.4297081530094147,0.1465313881635666,-0.09428667277097702,0.4339524209499359,0.13461185991764069,-0.07384487986564636,0.43734049797058105,0.13512231409549713,-0.07389609515666962,0.4406701922416687,0.1360287219285965,-0.07391179352998734,0.42528992891311646,0.13488683104515076,-0.0739062950015068,0.4219878613948822,0.1357947140932083,-0.07388727366924286,0.41857200860977173,0.13706737756729126,-0.07385975122451782,0.4476902484893799,0.14853835105895996,0.02742544189095497,0.4152277112007141,0.15028636157512665,0.025596803054213524,0.4362826347351074,0.1653388887643814,-0.05813093110918999,0.4243299067020416,0.16585296392440796,-0.058521024882793427,0.4798629879951477,0.26286783814430237,0.050599414855241776,0.3890327215194702,0.25027722120285034,0.05375520512461662,0.5017971992492676,0.36859631538391113,-0.044026318937540054,0.3760167062282562,0.3613632619380951,-0.026852527633309364,0.5306648015975952,0.38951483368873596,-0.24488568305969238,0.38591092824935913,0.447252482175827,-0.20257151126861572,0.5458256006240845,0.3959859609603882,-0.29360848665237427,0.3875165581703186,0.4852333068847656,-0.239581897854805,0.5430549383163452,0.38383978605270386,-0.3196840286254883,0.39510124921798706,0.47301432490348816,-0.266213983297348,0.536323070526123,0.38101327419281006,-0.26177626848220825,0.3963823616504669,0.4602821469306946,-0.21913310885429382,0.4706907868385315,0.4822193682193756,-0.005409301724284887,0.4153665602207184,0.4859977662563324,0.005465243943035603,0.4711187481880188,0.6546092629432678,-0.027988199144601822,0.40685200691223145,0.6601695418357849,-0.02698272466659546,0.4752611219882965,0.8364603519439697,0.04578925296664238,0.4034184515476227,0.8516161441802979,0.06871442496776581,0.46939629316329956,0.864384114742279,0.045918188989162445,0.4151570200920105,0.8831261396408081,0.06843817234039307,0.4814467430114746,0.8879961371421814,-0.060273461043834686,0.36915451288223267,0.9082724452018738,-0.056488413363695145
1781515932.4263527,plank,0.4296876788139343,0.14799220860004425,-0.1238822191953659,0.43388810753822327,0.13545459508895874,-0.10310985893011093,0.43710488080978394,0.13600988686084747,-0.10315404087305069,0.4404113292694092,0.13688445091247559,-0.10317665338516235,0.4250505864620209,0.13577324151992798,-0.10467873513698578,0.4217023253440857,0.1367373913526535,-0.1046537384390831,0.4182836413383484,0.13804641366004944,-0.10461791604757309,0.44727224111557007,0.14898401498794556,0.009158492088317871,0.4148494601249695,0.15062017738819122,-0.0001648637990001589,0.4363219141960144,0.1663542240858078,-0.08304698765277863,0.42410263419151306,0.16706529259681702,-0.08560573309659958,0.4796958863735199,0.26283031702041626,0.053599536418914795,0.3886595666408539,0.2484082132577896,0.04675678163766861,0.5093135833740234,0.3645842969417572,-0.04929746314883232,0.3759303092956543,0.3538479208946228,-0.01258019544184208,0.5356557369232178,0.33292606472969055,-0.29311105608940125,0.39201003313064575,0.4345332384109497,-0.18236802518367767,0.5466028451919556,0.3250393569469452,-0.34755510091781616,0.3958282768726349,0.4696740508079529,-0.22714968025684357,0.5419846773147583,0.3104081153869629,-0.3659035563468933,0.4029698371887207,0.4567926228046417,-0.23833397030830383,0.5366906523704529,0.31219756603240967,-0.3076338469982147,0.4033741354942322,0.4454735219478607,-0.19195184111595154,0.47009801864624023,0.48223966360092163,-0.005075051449239254,0.41489410400390625,0.485120564699173,0.005212453193962574,0.4710518419742584,0.6545987725257874,-0.031371694058179855,0.4072079658508301,0.660486102104187,-0.030216312035918236,0.475222110748291,0.8364853858947754,0.040076352655887604,0.403425931930542,0.8516117334365845,0.06451640278100967,0.4693906307220459,0.8644160628318787,0.04049595817923546,0.41487449407577515,0.8830956220626831,0.06436769664287567,0.4814797043800354,0.8879854679107666,-0.06538738310337067,0.36906346678733826,0.9083210229873657,-0.06238369271159172
1781515932.533786,plank,0.4315914213657379,0.14805835485458374,-0.12119126319885254,0.4359065592288971,0.13558551669120789,-0.09645536541938782,0.43908587098121643,0.1362515389919281,-0.09645622223615646,0.4422667622566223,0.1373441070318222,-0.09648679941892624,0.42657381296157837,0.13578806817531586,-0.10327015817165375,0.422936350107193,0.13673153519630432,-0.10324504226446152,0.4191618859767914,0.13798001408576965,-0.10320249944925308,0.44847267866134644,0.1497032344341278,0.030704539269208908,0.41520872712135315,0.150532066822052,-0.0035560480318963528,0.43807515501976013,0.16649679839611053,-0.07488930225372314,0.42555269598960876,0.16709178686141968,-0.08489970862865448,0.47752684354782104,0.2632755935192108,0.09106740355491638,0.3885473310947418,0.24525712430477142,0.045187048614025116,0.5254973769187927,0.3333970904350281,-0.027179265394806862,0.3757953941822052,0.34681904315948486,-0.00447081308811903,0.5326377153396606,0.23406456410884857,-0.25474995374679565,0.3917122185230255,0.4309726357460022,-0.15207232534885406,0.5352016091346741,0.21080192923545837,-0.3001938462257385,0.3955670893192291,0.46645307540893555,-0.18614462018013,0.5296555757522583,0.1992320418357849,-0.33544954657554626,0.40294528007507324,0.4558977782726288,-0.2034330666065216,0.5289841890335083,0.2059386968612671,-0.27379587292671204,0.40367037057876587,0.4449533224105835,-0.1616913378238678,0.46992307901382446,0.47789764404296875,0.0012026430340483785,0.41506773233413696,0.4811380207538605,-0.0010609995806589723,0.47097912430763245,0.6540005207061768,-0.03260193392634392,0.4076083302497864,0.660224974155426,-0.0361793115735054,0.4752137064933777,0.8364923000335693,0.04701168090105057,0.40347057580947876,0.8516127467155457,0.060992248356342316,0.46938586235046387,0.8644492030143738,0.04718952625989914,0.4148636758327484,0.8830859065055847,0.06070275977253914,0.4816998839378357,0.8882134556770325,-0.06872258335351944,0.36907655000686646,0.9083852767944336,-0.07040426880121231
1781515932.643866,plank,0.43320614099502563,0.14882372319698334,-0.13237187266349792,0.4381284713745117,0.1363314688205719,-0.10788081586360931,0.44137993454933167,0.13731814920902252,-0.10786713659763336,0.44459590315818787,0.1386619508266449,-0.10789313167333603,0.42867904901504517,0.13602574169635773,-0.11272027343511581,0.4250256419181824,0.13683533668518066,-0.1126977801322937,0.4212069511413574,0.13804587721824646,-0.11265309900045395,0.4502977728843689,0.15058673918247223,0.01711823232471943,0.4163757264614105,0.15072324872016907,-0.00793620478361845,0.43956488370895386,0.16743823885917664,-0.08699153363704681,0.42740097641944885,0.1673021912574768,-0.09450889378786087,0.47751355171203613,0.2621588706970215,0.0655587837100029,0.38925009965896606,0.2427898347377777,0.062054187059402466,0.5326436161994934,0.28761163353919983,-0.039720505475997925,0.37570029497146606,0.34358930587768555,0.07464075088500977,0.5098778605461121,0.1836218237876892,-0.24167409539222717,0.38946211338043213,0.4354183077812195,-0.005522298160940409,0.49977850914001465,0.153084859251976,-0.2992859184741974,0.391386479139328,0.4705083668231964,-0.026871120557188988,0.49454259872436523,0.15018248558044434,-0.27277785539627075,0.3974359631538391,0.46193593740463257,-0.05124008655548096,0.4947497248649597,0.16041642427444458,-0.23924127221107483,0.3989880681037903,0.4509263336658478,-0.016344185918569565,0.46985164284706116,0.47528430819511414,-0.004085448104888201,0.415067195892334,0.4787653088569641,0.0042160553857684135,0.47094815969467163,0.6536381244659424,-0.04849062114953995,0.4081430435180664,0.6600556969642639,-0.0335051566362381,0.4751524329185486,0.8366101384162903,0.040334805846214294,0.4036141335964203,0.8516083359718323,0.06325055658817291,0.46936970949172974,0.8647685647010803,0.04117048531770706,0.41486501693725586,0.8830691576004028,0.06287460774183273,0.481881320476532,0.8890781998634338,-0.084724560379982,0.3690203130245209,0.9084510803222656,-0.06613417714834213
1781515932.8339539,plank,0.4352757930755615,0.14938072860240936,-0.18542273342609406,0.4398435056209564,0.13783685863018036,-0.15686212480068207,0.4430166184902191,0.13951405882835388,-0.15679673850536346,0.4461762309074402,0.1411190778017044,-0.15680024027824402,0.4311661124229431,0.13631731271743774,-0.16612616181373596,0.4276343286037445,0.13698206841945648,-0.1660975217819214,0.4239315986633301,0.1380978375673294,-0.16603419184684753,0.4515451490879059,0.15322981774806976,-0.028792569413781166,0.41780146956443787,0.1511068195104599,-0.053193509578704834,0.4410168528556824,0.16863977909088135,-0.13033851981163025,0.42958012223243713,0.1674390733242035,-0.14525794982910156,0.4776082932949066,0.2558261752128601,0.03222598880529404,0.38920164108276367,0.24134033918380737,0.0191566850990057,0.5303744673728943,0.2496691197156906,-0.11059479415416718,0.37481197714805603,0.34547606110572815,0.0455695204436779,0.4860002398490906,0.15553033351898193,-0.28393054008483887,0.3756934404373169,0.44892680644989014,-0.020042331889271736,0.4757668375968933,0.13644571602344513,-0.3267825245857239,0.36938950419425964,0.48309189081192017,-0.040429919958114624,0.4706825315952301,0.13968311250209808,-0.31355714797973633,0.3759361207485199,0.4825870990753174,-0.06647911667823792,0.47142815589904785,0.14777669310569763,-0.2840316593647003,0.38027483224868774,0.4704035520553589,-0.03118162229657173,0.47024717926979065,0.4753050208091736,-0.009396227076649666,0.4160727858543396,0.47884422540664673,0.009401909075677395,0.4709267020225525,0.6530756950378418,-0.04122546687722206,0.40957245230674744,0.6586349010467529,-0.01703442819416523,0.4751313626766205,0.8369562029838562,0.059544384479522705,0.4037460386753082,0.8515990376472473,0.08497988432645798,0.4693600535392761,0.8651452660560608,0.061693232506513596,0.4147018790245056,0.8831368088722229,0.08566153794527054,0.4821750223636627,0.8898330926895142,-0.06478807330131531,0.3683420717716217,0.908617377281189,-0.041314247995615005
1781515933.022772,plank,0.4356258809566498,0.1495532989501953,-0.1808953583240509,0.4398420751094818,0.13825970888137817,-0.15521617233753204,0.44295257329940796,0.1399439126253128,-0.15518169105052948,0.4460277557373047,0.14145298302173615,-0.15518303215503693,0.43134626746177673,0.1366875171661377,-0.16124150156974792,0.42803245782852173,0.13732628524303436,-0.16122595965862274,0.42449450492858887,0.13835205137729645,-0.16117791831493378,0.45140987634658813,0.15349966287612915,-0.025515060871839523,0.4191562235355377,0.15136826038360596,-0.05320249870419502,0.4416767656803131,0.1689588725566864,-0.13289125263690948,0.4301988184452057,0.1675313264131546,-0.14173097908496857,0.4778635501861572,0.25446784496307373,0.02140294760465622,0.38984522223472595,0.2418537139892578,0.023238886147737503,0.5255066752433777,0.23836277425289154,-0.08038467168807983,0.37263065576553345,0.3439384698867798,0.05445658043026924,0.47738099098205566,0.14722123742103577,-0.1980258822441101,0.37345290184020996,0.4486698508262634,0.0038783594500273466,0.4670488238334656,0.1290103644132614,-0.23409216105937958,0.36829012632369995,0.48255017399787903,-0.014945794828236103,0.46253103017807007,0.13437049090862274,-0.22209031879901886,0.37538930773735046,0.4826042056083679,-0.039195142686367035,0.46424540877342224,0.14381803572177887,-0.19788143038749695,0.37933841347694397,0.4702014923095703,-0.006400553975254297,0.4702296853065491,0.47691044211387634,-0.010042375884950161,0.4160255491733551,0.4791092276573181,0.010035409592092037,0.47089147567749023,0.6542803645133972,-0.039050158113241196,0.40976423025131226,0.6600816249847412,-0.016493307426571846,0.47519412636756897,0.8382118940353394,0.05797383934259415,0.40386947989463806,0.8523680567741394,0.08040238171815872,0.4697611927986145,0.865982711315155,0.0594085231423378,0.41460418701171875,0.8834730386734009,0.08063754439353943,0.4821203649044037,0.8910195231437683,-0.06776145845651627,0.36838245391845703,0.9089252948760986,-0.04541533440351486
1781515933.130645,plank,0.435626357793808,0.14978733658790588,-0.16607330739498138,0.439782053232193,0.1384580433368683,-0.14107930660247803,0.4428859353065491,0.14010827243328094,-0.14104709029197693,0.44595757126808167,0.14157003164291382,-0.14104987680912018,0.43126362562179565,0.13698802888393402,-0.14672651886940002,0.42800769209861755,0.13762153685092926,-0.14671491086483002,0.42446112632751465,0.1386284977197647,-0.14666958153247833,0.45136579871177673,0.15362900495529175,-0.014768826775252819,0.41944894194602966,0.15163345634937286,-0.041969090700149536,0.4418260157108307,0.16939093172550201,-0.11970158666372299,0.4302996098995209,0.16794267296791077,-0.1279461681842804,0.4779239594936371,0.2542414963245392,0.03100031055510044,0.3901444673538208,0.2425878494977951,0.03169212490320206,0.5244501829147339,0.23737254738807678,-0.06131784990429878,0.37214815616607666,0.3437228798866272,0.06452120840549469,0.477116197347641,0.14625200629234314,-0.181898295879364,0.3737366795539856,0.44807443022727966,0.02146238461136818,0.466890811920166,0.12790820002555847,-0.2178855836391449,0.3690495491027832,0.4814050793647766,0.004021928645670414,0.4622076153755188,0.13290810585021973,-0.20679238438606262,0.37600308656692505,0.4810740053653717,-0.018984366208314896,0.4637901782989502,0.1422729343175888,-0.18229754269123077,0.37983739376068115,0.46886175870895386,0.012021633796393871,0.4702141284942627,0.4777354300022125,-0.009757356718182564,0.416026771068573,0.47924309968948364,0.00975889153778553,0.4709482192993164,0.6544586420059204,-0.04102916270494461,0.4100075662136078,0.6600943803787231,-0.016946738585829735,0.47520560026168823,0.8383337259292603,0.053959913551807404,0.40394067764282227,0.8523663282394409,0.07955718040466309,0.4697951376438141,0.8659948706626892,0.05549747496843338,0.41455692052841187,0.8834741115570068,0.08034729957580566,0.4820132851600647,0.8912238478660583,-0.07017676532268524,0.3684529662132263,0.9089409112930298,-0.04611079394817352
1781515933.3189938,plank,0.4352301061153412,0.14963164925575256,-0.14100110530853271,0.4392112195491791,0.13825806975364685,-0.11627732217311859,0.4422973692417145,0.13969361782073975,-0.11627064645290375,0.445435106754303,0.1410098373889923,-0.11626458168029785,0.4303918778896332,0.1371021568775177,-0.11958007514476776,0.42682281136512756,0.1379503756761551,-0.11955244839191437,0.423339307308197,0.13916705548763275,-0.11950848996639252,0.45126327872276306,0.15285035967826843,0.003974743187427521,0.41952067613601685,0.1521105170249939,-0.012456672266125679,0.4417586326599121,0.16925321519374847,-0.09788791835308075,0.43021997809410095,0.16798652708530426,-0.10293090343475342,0.4779750406742096,0.2518464922904968,0.03244587033987045,0.390872597694397,0.24756447970867157,0.059265874326229095,0.5198256373405457,0.2451951503753662,-0.10095318406820297,0.3728216588497162,0.34714436531066895,0.09617292135953903,0.47821658849716187,0.14853332936763763,-0.29001548886299133,0.37461087107658386,0.4472808837890625,0.04474133625626564,0.4697372317314148,0.12356691062450409,-0.3353947401046753,0.3719829320907593,0.4804673194885254,0.027201613411307335,0.4654510021209717,0.12622010707855225,-0.3229341208934784,0.37832874059677124,0.47622641921043396,0.0031257872469723225,0.46620407700538635,0.1372509002685547,-0.29200223088264465,0.3811398446559906,0.46495184302330017,0.034418441355228424,0.4697543680667877,0.4783764183521271,-0.014137929305434227,0.4156951308250427,0.4798511564731598,0.014175725169479847,0.47093185782432556,0.6544038653373718,-0.05904167890548706,0.41077542304992676,0.6594110131263733,-0.021573077887296677,0.4752524495124817,0.8383640646934509,0.025313377380371094,0.40396180748939514,0.8523836731910706,0.05871810391545296,0.470062792301178,0.8658605813980103,0.025588884949684143,0.4143848419189453,0.8835011720657349,0.0579238124191761,0.4812145233154297,0.891437292098999,-0.10401751846075058,0.368511825799942,0.9089177250862122,-0.06678297370672226
1781515933.490917,plank,0.43506693840026855,0.14962144196033478,-0.11582127958536148,0.4389762282371521,0.1381581723690033,-0.0917462632060051,0.4419262409210205,0.13946108520030975,-0.09174999594688416,0.44500666856765747,0.1406371295452118,-0.09176194667816162,0.430032342672348,0.1371147632598877,-0.09427042305469513,0.42623645067214966,0.13798561692237854,-0.09423963725566864,0.4226495623588562,0.1392829418182373,-0.09420684725046158,0.4508823752403259,0.15168283879756927,0.02447272278368473,0.41917818784713745,0.15216557681560516,0.011602761223912239,0.4416016936302185,0.1691691130399704,-0.07415375858545303,0.4300164580345154,0.16799558699131012,-0.0781698077917099,0.4783720076084137,0.24905778467655182,0.05039355158805847,0.39137858152389526,0.2489149272441864,0.08058995753526688,0.5178253650665283,0.25633513927459717,-0.08797357976436615,0.37502726912498474,0.35347479581832886,0.1187768429517746,0.47998833656311035,0.15938812494277954,-0.26590970158576965,0.3763299584388733,0.4492412507534027,0.06657175719738007,0.47298675775527954,0.13292571902275085,-0.30936843156814575,0.37314242124557495,0.4813991189002991,0.04998438432812691,0.46892625093460083,0.13313379883766174,-0.302065372467041,0.37863293290138245,0.4763374626636505,0.02372759021818638,0.4688926339149475,0.1445770561695099,-0.2687069773674011,0.3815237879753113,0.46501031517982483,0.05501125380396843,0.469740092754364,0.47849032282829285,-0.015430552884936333,0.41566506028175354,0.47996973991394043,0.015512567944824696,0.47092205286026,0.6532008051872253,-0.06437285244464874,0.409979909658432,0.657944917678833,-0.022529710084199905,0.475238561630249,0.8383373618125916,0.017062164843082428,0.40396612882614136,0.8522794246673584,0.05584828183054924,0.470104455947876,0.8653349280357361,0.017406446859240532,0.4142571985721588,0.8834855556488037,0.05441373586654663,0.4807156026363373,0.8914339542388916,-0.11268343031406403,0.368519127368927,0.9089356064796448,-0.0698084756731987
1781515933.650452,plank,0.4298124313354492,0.14966009557247162,-0.14823561906814575,0.43499842286109924,0.13757362961769104,-0.1274973750114441,0.4381987452507019,0.13812045753002167,-0.12754486501216888,0.441448450088501,0.13890910148620605,-0.12755677103996277,0.4250195026397705,0.13736163079738617,-0.12836717069149017,0.42168211936950684,0.13855980336666107,-0.1283598691225052,0.4187329411506653,0.14007288217544556,-0.12836739420890808,0.4498733580112457,0.14951345324516296,-0.0289168618619442,0.4179609417915344,0.15217526257038116,-0.017996061593294144,0.43837475776672363,0.16776731610298157,-0.10623829066753387,0.4252077639102936,0.16782942414283752,-0.10805545002222061,0.4800185263156891,0.24283212423324585,0.00666534248739481,0.3921239674091339,0.24879314005374908,0.055823951959609985,0.5137419700622559,0.3328184485435486,-0.12371154874563217,0.3760925233364105,0.3558831810951233,0.07172708213329315,0.4781154692173004,0.2423098087310791,-0.326385498046875,0.37636619806289673,0.4600629508495331,-0.03390813618898392,0.4704975485801697,0.2160067856311798,-0.37290188670158386,0.369141161441803,0.49327459931373596,-0.05890499800443649,0.46878474950790405,0.20749083161354065,-0.3682030141353607,0.3741081655025482,0.49351078271865845,-0.088057741522789,0.4691128730773926,0.21865086257457733,-0.3298404812812805,0.3797686696052551,0.48259812593460083,-0.0482412651181221,0.47067609429359436,0.4782087206840515,-0.015348370186984539,0.41651225090026855,0.4799884259700775,0.01541090290993452,0.47188645601272583,0.6536028981208801,-0.0435936413705349,0.4102557599544525,0.6579636335372925,-0.03582580015063286,0.47522544860839844,0.8382997512817383,0.054366935044527054,0.404014527797699,0.8518604636192322,0.06626486033201218,0.47008246183395386,0.8652185797691345,0.056395191699266434,0.4142574369907379,0.8833495378494263,0.06796815991401672,0.48094502091407776,0.8911710977554321,-0.07149430364370346,0.36812466382980347,0.909070611000061,-0.055582255125045776
1781515933.8350418,plank,0.4290296137332916,0.1492115706205368,-0.1297205090522766,0.4341767728328705,0.13630934059619904,-0.11339247226715088,0.4373956620693207,0.13637390732765198,-0.11342458426952362,0.44056400656700134,0.13693131506443024,-0.11341121047735214,0.42407694458961487,0.13708233833312988,-0.10887161642313004,0.42084041237831116,0.13845986127853394,-0.10888459533452988,0.4180336594581604,0.14014436304569244,-0.10888426005840302,0.44896799325942993,0.14729949831962585,-0.027994196861982346,0.41726893186569214,0.15180033445358276,-0.003406645031645894,0.43778127431869507,0.1667155772447586,-0.09783733636140823,0.4245186448097229,0.16756679117679596,-0.09167484939098358,0.4839974343776703,0.2428947389125824,-0.04281654953956604,0.3929211497306824,0.24930286407470703,0.04003923386335373,0.5062774419784546,0.3437926471233368,-0.08208058029413223,0.37785080075263977,0.35904744267463684,0.019136354327201843,0.49819478392601013,0.41818949580192566,-0.2569222152233124,0.3771056830883026,0.4653317332267761,-0.1338752806186676,0.49894294142723083,0.4447704255580902,-0.3012892007827759,0.3699025511741638,0.5010659694671631,-0.17353099584579468,0.4921082854270935,0.4359671175479889,-0.3317810893058777,0.3748970031738281,0.4994328022003174,-0.19686546921730042,0.490060031414032,0.4279188811779022,-0.27171480655670166,0.3796149790287018,0.4891968071460724,-0.14780142903327942,0.47134852409362793,0.48081880807876587,-0.01572854444384575,0.41608157753944397,0.4814344644546509,0.015796290710568428,0.47205597162246704,0.6537232398986816,-0.03955046087503433,0.41015562415122986,0.6579543948173523,-0.032948292791843414,0.47522276639938354,0.8379265666007996,0.053051531314849854,0.4045438766479492,0.8511978983879089,0.06551028043031693,0.4700782895088196,0.863921046257019,0.05186556652188301,0.4148221015930176,0.8822304606437683,0.06604065001010895,0.4810214042663574,0.8911187648773193,-0.07589048892259598,0.36865025758743286,0.9087473750114441,-0.05687422677874565
1781515934.0247245,plank,0.42939361929893494,0.14159367978572845,-0.253539115190506,0.4348921775817871,0.12751251459121704,-0.23684675991535187,0.4382452368736267,0.12761951982975006,-0.23684605956077576,0.44164448976516724,0.128058522939682,-0.2368343621492386,0.4244382977485657,0.12914137542247772,-0.23521092534065247,0.4211803376674652,0.1306251436471939,-0.2352464199066162,0.41834941506385803,0.13234001398086548,-0.2352464646100998,0.4502941071987152,0.13919776678085327,-0.13070794939994812,0.4176790118217468,0.14434224367141724,-0.12513770163059235,0.43829554319381714,0.16030512750148773,-0.21378418803215027,0.4249306321144104,0.1627172827720642,-0.2122088372707367,0.48525604605674744,0.24337074160575867,-0.06620113551616669,0.3940567970275879,0.24789723753929138,-0.06058201193809509,0.5051457285881042,0.3595818281173706,-0.056656092405319214,0.37839022278785706,0.35289302468299866,-0.11859238147735596,0.5230891108512878,0.47271645069122314,-0.15507327020168304,0.3896910846233368,0.43035757541656494,-0.3094804883003235,0.5295240879058838,0.5076193809509277,-0.18259187042713165,0.39277663826942444,0.4571688771247864,-0.3521706461906433,0.5252304673194885,0.5084171891212463,-0.21505674719810486,0.3986612856388092,0.4439370930194855,-0.3709985613822937,0.5218461751937866,0.4985412061214447,-0.16943871974945068,0.39930373430252075,0.4338466227054596,-0.32152849435806274,0.4686180055141449,0.48378562927246094,-0.00916216615587473,0.41408124566078186,0.48352620005607605,0.009146204218268394,0.4702988266944885,0.6536400318145752,-0.03908802941441536,0.40640169382095337,0.6571106910705566,-0.05789870023727417,0.47518983483314514,0.8372740149497986,0.05426429584622383,0.40457797050476074,0.8510525822639465,0.049592696130275726,0.4700016379356384,0.8633859157562256,0.05424661189317703,0.4150753915309906,0.8815276026725769,0.0510912761092186,0.4810478091239929,0.8898245096206665,-0.07601888477802277,0.37029439210891724,0.9082197546958923,-0.07542124390602112
1781515934.2099285,plank,0.43062272667884827,0.13858045637607574,-0.27521347999572754,0.4366172254085541,0.12328770011663437,-0.2592250108718872,0.4401857256889343,0.12327558547258377,-0.25922566652297974,0.44374972581863403,0.12368892878293991,-0.25922709703445435,0.42565035820007324,0.12512242794036865,-0.25758597254753113,0.42233166098594666,0.1265230029821396,-0.2576085031032562,0.41942304372787476,0.12809206545352936,-0.2576104998588562,0.4521772265434265,0.13489921391010284,-0.15372154116630554,0.41882315278053284,0.14001427590847015,-0.14723733067512512,0.4398610591888428,0.15770268440246582,-0.235264390707016,0.4262676239013672,0.16027343273162842,-0.23356203734874725,0.4856976568698883,0.24668723344802856,-0.08171210438013077,0.3946349024772644,0.24400785565376282,-0.07950662821531296,0.5058108568191528,0.3645596504211426,-0.0543702132999897,0.3778298497200012,0.34794098138809204,-0.11720428615808487,0.524470865726471,0.476480096578598,-0.13861139118671417,0.3910277783870697,0.4264355003833771,-0.2879296541213989,0.530031681060791,0.510037899017334,-0.16300585865974426,0.3938286304473877,0.45380815863609314,-0.32737553119659424,0.5264519453048706,0.5100778341293335,-0.19568949937820435,0.4000232219696045,0.4436890482902527,-0.34855663776397705,0.5236891508102417,0.5003775358200073,-0.1527070701122284,0.4008720815181732,0.4341226816177368,-0.30051419138908386,0.4655245244503021,0.48450326919555664,-0.004615413025021553,0.41158193349838257,0.48411351442337036,0.004559648223221302,0.4695063531398773,0.6536731123924255,-0.0531834177672863,0.3998333811759949,0.6529414057731628,-0.08662523329257965,0.4751879572868347,0.8368387818336487,0.03376027196645737,0.40364009141921997,0.8511793613433838,0.013540394604206085,0.4695356488227844,0.8640639185905457,0.03274401277303696,0.4151450991630554,0.8816788792610168,0.014446358196437359,0.48149433732032776,0.8892129063606262,-0.1041606217622757,0.3711952567100525,0.908272385597229,-0.11549796164035797
1781515934.3964884,plank,0.4325040876865387,0.13853883743286133,-0.3122106194496155,0.4389096200466156,0.123259998857975,-0.29698190093040466,0.44255003333091736,0.12332406640052795,-0.2969737648963928,0.4460352063179016,0.12376631796360016,-0.2969697415828705,0.42753109335899353,0.12500758469104767,-0.2963149845600128,0.4240623116493225,0.12639863789081573,-0.2963528037071228,0.42096957564353943,0.1278018057346344,-0.2963707745075226,0.4537016749382019,0.13458630442619324,-0.18995660543441772,0.41968685388565063,0.13897694647312164,-0.1876441091299057,0.44162312150001526,0.15764644742012024,-0.27123895287513733,0.42771977186203003,0.16005489230155945,-0.2707599699497223,0.48605507612228394,0.25055503845214844,-0.10776136070489883,0.3949785828590393,0.24173082411289215,-0.10953084379434586,0.5043956637382507,0.3680115044116974,-0.05858062580227852,0.3769623935222626,0.34713608026504517,-0.09533002227544785,0.5215662121772766,0.47589120268821716,-0.14116521179676056,0.38037556409835815,0.44047683477401733,-0.22796562314033508,0.5267491936683655,0.5113422274589539,-0.16284143924713135,0.3769182860851288,0.47194740176200867,-0.2641471326351166,0.5229397416114807,0.5112106204032898,-0.1991417557001114,0.38179126381874084,0.46377184987068176,-0.2874903082847595,0.5197775363922119,0.5016637444496155,-0.15650412440299988,0.3846726715564728,0.4528271555900574,-0.2411479651927948,0.4639821946620941,0.48542895913124084,-0.002262385096400976,0.4096134305000305,0.4845679700374603,0.002198306145146489,0.46837979555130005,0.6554843187332153,-0.014132325537502766,0.39453521370887756,0.6524750590324402,-0.07236845791339874,0.4752374589443207,0.8363420367240906,0.09663557261228561,0.3979773223400116,0.8518044948577881,0.027073655277490616,0.46848997473716736,0.8646061420440674,0.09822524338960648,0.4083484709262848,0.8815638422966003,0.02758624032139778,0.4820273518562317,0.8889376521110535,-0.03641229867935181,0.37323933839797974,0.9091615676879883,-0.10406646877527237
1781515934.584054,plank,0.4307187497615814,0.13996876776218414,-0.30217427015304565,0.43668264150619507,0.12455586344003677,-0.28874465823173523,0.44057130813598633,0.12477310001850128,-0.2887530028820038,0.44409894943237305,0.1251012533903122,-0.28876420855522156,0.42592039704322815,0.12547944486141205,-0.2885703444480896,0.42272719740867615,0.1270359605550766,-0.2886177897453308,0.41992443799972534,0.12837915122509003,-0.28864678740501404,0.44871073961257935,0.1353529840707779,-0.18533101677894592,0.4179573059082031,0.13860256969928741,-0.185215026140213,0.4390037953853607,0.15880241990089417,-0.26182520389556885,0.4251694679260254,0.16021250188350677,-0.2619154751300812,0.4814119338989258,0.2509041130542755,-0.10065611451864243,0.38736873865127563,0.2415779083967209,-0.10652176290750504,0.4927369952201843,0.35934749245643616,-0.06014788895845413,0.3736051917076111,0.35835859179496765,-0.0693715363740921,0.5134890675544739,0.45140618085861206,-0.15342292189598083,0.3606756031513214,0.47619539499282837,-0.13575193285942078,0.5217211246490479,0.48239850997924805,-0.18038508296012878,0.3511661887168884,0.5132130980491638,-0.16033576428890228,0.5184742212295532,0.48101094365119934,-0.21837666630744934,0.35384899377822876,0.5132783055305481,-0.195653036236763,0.516304075717926,0.47106942534446716,-0.1728784292936325,0.35995277762413025,0.5030415654182434,-0.1518878936767578,0.45863431692123413,0.48405811190605164,0.0031097191385924816,0.4051690697669983,0.4828018248081207,-0.0031702513806521893,0.465292751789093,0.6552110314369202,-0.02273940108716488,0.397225558757782,0.6579925417900085,-0.036983974277973175,0.47527557611465454,0.8368502855300903,0.07527277618646622,0.3957018256187439,0.854144811630249,0.053183745592832565,0.4680287837982178,0.8679414391517639,0.07554344832897186,0.4031476378440857,0.8842193484306335,0.052915722131729126,0.48557764291763306,0.887480616569519,-0.05509258061647415,0.38242632150650024,0.909183144569397,-0.08053885400295258
1781515934.7560937,plank,0.41213804483413696,0.1471432000398636,-0.1586458832025528,0.4165513515472412,0.13065090775489807,-0.1398789882659912,0.41985830664634705,0.13079918920993805,-0.13989675045013428,0.4233417510986328,0.13109110295772552,-0.13988688588142395,0.4081042408943176,0.13122007250785828,-0.1418212503194809,0.4054011404514313,0.13199299573898315,-0.14183710515499115,0.40238437056541443,0.13297507166862488,-0.1418318748474121,0.42998892068862915,0.14010308682918549,-0.031078854575753212,0.39869362115859985,0.14208431541919708,-0.039948783814907074,0.41839760541915894,0.16445554792881012,-0.1181822195649147,0.407917320728302,0.16501373052597046,-0.12069722265005112,0.4628121852874756,0.25069987773895264,0.019507041200995445,0.36861878633499146,0.2485109120607376,-0.02488575503230095,0.4805828630924225,0.3569457232952118,-0.06405714899301529,0.3676357865333557,0.36241552233695984,-0.1401553750038147,0.5006200075149536,0.44859424233436584,-0.2623338997364044,0.3697919249534607,0.4583669900894165,-0.3450566530227661,0.5122995972633362,0.4772147238254547,-0.3047744631767273,0.3728572726249695,0.49543511867523193,-0.3952615559101105,0.5076906085014343,0.47598981857299805,-0.3276599645614624,0.3790667653083801,0.4833696484565735,-0.40583935379981995,0.5017193555831909,0.46579936146736145,-0.27764812111854553,0.37985411286354065,0.47181227803230286,-0.3542477488517761,0.4472319185733795,0.49146735668182373,0.0029236848931759596,0.39555156230926514,0.495292067527771,-0.002907295012846589,0.45710501074790955,0.6576186418533325,-0.014138048514723778,0.39610084891319275,0.6674751043319702,-0.033523742109537125,0.4749271273612976,0.8366864323616028,0.0857536569237709,0.39498522877693176,0.8562838435173035,0.05957017466425896,0.467916876077652,0.8678722977638245,0.08756431937217712,0.40337905287742615,0.8859572410583496,0.060247041285037994,0.48536109924316406,0.8864623308181763,-0.037147797644138336,0.38165971636772156,0.9088682532310486,-0.0685921385884285
1781515934.9462907,plank,0.3954697549343109,0.15117794275283813,-0.23114243149757385,0.3996855616569519,0.13552811741828918,-0.2135584056377411,0.40285181999206543,0.1355605125427246,-0.2135341465473175,0.40625008940696716,0.13582204282283783,-0.213541179895401,0.3915230929851532,0.1362728476524353,-0.21607796847820282,0.38878974318504333,0.13696934282779694,-0.21611329913139343,0.38613349199295044,0.13785474002361298,-0.21609273552894592,0.4127125144004822,0.14531837403774261,-0.10232947766780853,0.38310790061950684,0.1470407247543335,-0.11528907716274261,0.4020184576511383,0.16794899106025696,-0.18897095322608948,0.3920750319957733,0.16889947652816772,-0.1928805708885193,0.44461026787757874,0.2513708472251892,-0.013122426345944405,0.355264812707901,0.25251391530036926,-0.06432163715362549,0.46765369176864624,0.3570486605167389,-0.040812231600284576,0.3503325283527374,0.3610207438468933,-0.13512860238552094,0.4892531931400299,0.4579869508743286,-0.1591116487979889,0.3772449493408203,0.4242262542247772,-0.30192065238952637,0.4995558261871338,0.4894462525844574,-0.1907351315021515,0.3863293528556824,0.4415484070777893,-0.34355542063713074,0.4954585134983063,0.4910336434841156,-0.22296324372291565,0.3919585347175598,0.4243262708187103,-0.35674628615379333,0.48976659774780273,0.4833330512046814,-0.17477016150951385,0.39070791006088257,0.41705772280693054,-0.3104812502861023,0.4339698255062103,0.48858705163002014,0.0036752051673829556,0.38337576389312744,0.49288228154182434,-0.003668004646897316,0.448634535074234,0.6572637557983398,-0.01719694398343563,0.3908035159111023,0.6680771708488464,-0.029595131054520607,0.4738795757293701,0.8364864587783813,0.08584553003311157,0.39420285820961,0.8548546433448792,0.07118720561265945,0.4677579402923584,0.867364227771759,0.08751291036605835,0.4036386013031006,0.8835535049438477,0.07210619002580643,0.48420295119285583,0.8859575986862183,-0.044244106858968735,0.38096335530281067,0.9090448021888733,-0.060483455657958984
1781515935.1127563,plank,0.3834480345249176,0.15296758711338043,-0.21012334525585175,0.3874434530735016,0.13837739825248718,-0.19370660185813904,0.3907321095466614,0.13840937614440918,-0.19370418787002563,0.3942120373249054,0.13880887627601624,-0.19370193779468536,0.378861665725708,0.13899658620357513,-0.1941821128129959,0.3757871687412262,0.13967187702655792,-0.19420762360095978,0.373180091381073,0.14055797457695007,-0.19418050348758698,0.3993120789527893,0.1481303870677948,-0.09114309400320053,0.36919352412223816,0.15125301480293274,-0.09510708600282669,0.3904547095298767,0.16962383687496185,-0.1716407984495163,0.37927281856536865,0.17048045992851257,-0.1730034500360489,0.43335849046707153,0.2517087459564209,-0.028090160340070724,0.3417789041996002,0.2587800621986389,-0.04168718308210373,0.4505729079246521,0.359857976436615,-0.024362768977880478,0.3340258002281189,0.3638332486152649,-0.09917857497930527,0.4698365330696106,0.46423250436782837,-0.12846672534942627,0.34677764773368835,0.4423539936542511,-0.27024656534194946,0.4799744188785553,0.4977278709411621,-0.15630662441253662,0.35004904866218567,0.47067463397979736,-0.3100420832633972,0.4743528366088867,0.4972907304763794,-0.18703274428844452,0.35548049211502075,0.45726633071899414,-0.3279302418231964,0.4696769118309021,0.4890246093273163,-0.14300796389579773,0.35602205991744995,0.4475574493408203,-0.2810351252555847,0.42329058051109314,0.48822978138923645,0.0033997490536421537,0.37134745717048645,0.4964198172092438,-0.0033869885373860598,0.44204825162887573,0.657307505607605,-0.018920984119176865,0.3834964334964752,0.6679815649986267,-0.03498435392975807,0.47200480103492737,0.8358270525932312,0.07860248535871506,0.3937014937400818,0.8527751564979553,0.07152660191059113,0.46679121255874634,0.8665019273757935,0.07970485091209412,0.4037010669708252,0.8809389472007751,0.07158759236335754,0.4834235608577728,0.8858622312545776,-0.050876181572675705,0.38136887550354004,0.9089142084121704,-0.061875175684690475
1781515935.2912867,plank,0.3773733377456665,0.15886220335960388,-0.31797897815704346,0.38043537735939026,0.14456142485141754,-0.30262863636016846,0.3833079934120178,0.14486637711524963,-0.3026192784309387,0.3861987292766571,0.14535528421401978,-0.302621990442276,0.37127405405044556,0.14479580521583557,-0.30681031942367554,0.3681733012199402,0.14523330330848694,-0.3068394660949707,0.36520805954933167,0.14617782831192017,-0.3068283200263977,0.38906005024909973,0.1531176120042801,-0.19152700901031494,0.359133243560791,0.15611758828163147,-0.21124675869941711,0.3831782639026642,0.17444516718387604,-0.27442359924316406,0.3712751865386963,0.17655834555625916,-0.28036850690841675,0.4204365611076355,0.25596728920936584,-0.10281936079263687,0.32774996757507324,0.2604491710662842,-0.12421989440917969,0.43485602736473083,0.3772338926792145,-0.03540438041090965,0.3181919455528259,0.3840542733669281,-0.07378478348255157,0.4499342441558838,0.4850457012653351,-0.11214152723550797,0.306205153465271,0.49405840039253235,-0.14633741974830627,0.46084102988243103,0.5165014266967773,-0.13164733350276947,0.2968761920928955,0.5313647389411926,-0.1710558831691742,0.4581362307071686,0.5168820023536682,-0.16967979073524475,0.2984204888343811,0.5319272875785828,-0.206374853849411,0.45304450392723083,0.5077967047691345,-0.12859107553958893,0.3031448423862457,0.5206996202468872,-0.16235961019992828,0.41211867332458496,0.4831235706806183,0.0046005891636013985,0.35867050290107727,0.4938834011554718,-0.004679834935814142,0.43941792845726013,0.6530675292015076,-0.02197941578924656,0.37801724672317505,0.6678866744041443,-0.03814415633678436,0.4692719876766205,0.8352245092391968,0.07002297788858414,0.39346790313720703,0.8547993302345276,0.0684327632188797,0.46458134055137634,0.8663508296012878,0.07049856334924698,0.40215426683425903,0.8821144104003906,0.06859825551509857,0.48285356163978577,0.8860785365104675,-0.0676225870847702,0.38198041915893555,0.9087890386581421,-0.06631825864315033
1781515935.4576328,plank,0.3727545142173767,0.16269353032112122,-0.35112109780311584,0.37600764632225037,0.1479364037513733,-0.33496469259262085,0.37888437509536743,0.14807504415512085,-0.3349542021751404,0.3813953697681427,0.14841748774051666,-0.33496224880218506,0.36671483516693115,0.14808467030525208,-0.33909764885902405,0.36329859495162964,0.14848996698856354,-0.33914223313331604,0.3599110245704651,0.14913040399551392,-0.3391493856906891,0.38370081782341003,0.1560864895582199,-0.21880130469799042,0.35427233576774597,0.15825071930885315,-0.23880231380462646,0.3791632056236267,0.17873649299144745,-0.30583062767982483,0.3664453625679016,0.18077604472637177,-0.31187835335731506,0.41500768065452576,0.26451972126960754,-0.1262545883655548,0.32239991426467896,0.26144787669181824,-0.15159161388874054,0.43003660440444946,0.38829725980758667,-0.05715235322713852,0.3129933774471283,0.38605639338493347,-0.10375586897134781,0.44462570548057556,0.49390438199043274,-0.13298462331295013,0.3062435984611511,0.500232458114624,-0.18297359347343445,0.4543258249759674,0.5226778984069824,-0.15418431162834167,0.30112743377685547,0.5368296504020691,-0.21013760566711426,0.45191532373428345,0.5229969620704651,-0.19190433621406555,0.3045666217803955,0.5372514724731445,-0.2443195879459381,0.44652995467185974,0.513419508934021,-0.1493106335401535,0.30871471762657166,0.5255839228630066,-0.19835743308067322,0.4081761837005615,0.4833369851112366,0.006012297235429287,0.3536798357963562,0.49476560950279236,-0.00612341845408082,0.43597060441970825,0.6505581140518188,-0.028427496552467346,0.3736812472343445,0.6676927208900452,-0.055662982165813446,0.4649590849876404,0.8348830342292786,0.0652691125869751,0.39230355620384216,0.8555137515068054,0.05523284524679184,0.4597926735877991,0.8657266497612,0.06591552495956421,0.4013863205909729,0.8835388422012329,0.05672868341207504,0.4846009314060211,0.8863494992256165,-0.06985433399677277,0.3820570111274719,0.9088942408561707,-0.08184307813644409
1781515935.5675275,plank,0.369053453207016,0.16263379156589508,-0.32802045345306396,0.37208715081214905,0.14784543216228485,-0.3170495927333832,0.37492483854293823,0.1480514258146286,-0.3170364201068878,0.37743455171585083,0.14846600592136383,-0.31711480021476746,0.3628048598766327,0.14793257415294647,-0.30936604738235474,0.3593178391456604,0.14836667478084564,-0.30940186977386475,0.3558743894100189,0.14909647405147552,-0.3093761205673218,0.37942782044410706,0.1566844880580902,-0.20901672542095184,0.3500679135322571,0.15836423635482788,-0.20225365459918976,0.3753812611103058,0.17917105555534363,-0.2885403037071228,0.3625687062740326,0.18113699555397034,-0.280853807926178,0.4101048409938812,0.2664472460746765,-0.10832621902227402,0.3183424472808838,0.26123902201652527,-0.12826350331306458,0.424811989068985,0.38997647166252136,-0.036369528621435165,0.31330379843711853,0.38340359926223755,-0.1041884794831276,0.4405549168586731,0.4976194500923157,-0.12163045257329941,0.31633833050727844,0.49326664209365845,-0.19162246584892273,0.4498981833457947,0.5264174342155457,-0.1430477648973465,0.3144127130508423,0.5296369791030884,-0.2214047908782959,0.44769152998924255,0.5265780687332153,-0.1804947555065155,0.3190571069717407,0.525999903678894,-0.2510577142238617,0.4423820972442627,0.5166027545928955,-0.13811233639717102,0.3217856287956238,0.514879584312439,-0.20558562874794006,0.4063587188720703,0.48427578806877136,0.008181841112673283,0.3527147173881531,0.4967951774597168,-0.0082582151517272,0.43456974625587463,0.6506454944610596,-0.021628497168421745,0.3727114498615265,0.6676493883132935,-0.05985398218035698,0.4607982635498047,0.8348981142044067,0.07637061923742294,0.3916715383529663,0.8556950092315674,0.05507589504122734,0.4560059905052185,0.8664052486419678,0.07790292799472809,0.4013913571834564,0.8849403262138367,0.056806910783052444,0.48600611090660095,0.883432924747467,-0.04992196336388588,0.3828381896018982,0.9087063074111938,-0.08001405000686646
1781515935.7387033,plank,0.363412469625473,0.16300851106643677,-0.22200679779052734,0.36680760979652405,0.14810249209403992,-0.20359893143177032,0.3696358799934387,0.14850695431232452,-0.20360131561756134,0.3720744252204895,0.14900855720043182,-0.2035946547985077,0.3570654094219208,0.1478556990623474,-0.209294393658638,0.3537433445453644,0.14824150502681732,-0.20931832492351532,0.3504583239555359,0.14892899990081787,-0.2093304693698883,0.3752921223640442,0.15812832117080688,-0.08802136033773422,0.34476813673973083,0.15848703682422638,-0.11714576184749603,0.37035730481147766,0.18001961708068848,-0.17786863446235657,0.35680004954338074,0.18130934238433838,-0.18628892302513123,0.405843585729599,0.26665255427360535,-0.014532968401908875,0.31572356820106506,0.26074251532554626,-0.07104294747114182,0.42388075590133667,0.38663148880004883,0.0005482693086378276,0.31266945600509644,0.37667351961135864,-0.11490167677402496,0.4407840669155121,0.49128833413124084,-0.10974337160587311,0.32599979639053345,0.4702414274215698,-0.2672944962978363,0.4478609561920166,0.521938145160675,-0.13789477944374084,0.3335969150066376,0.5052021741867065,-0.30795589089393616,0.4449848234653473,0.5218557715415955,-0.17195910215377808,0.34102219343185425,0.4932095408439636,-0.32445424795150757,0.43950843811035156,0.5115207433700562,-0.12585873901844025,0.34079602360725403,0.4822464883327484,-0.27685412764549255,0.40602272748947144,0.4854171872138977,0.009810206480324268,0.35165196657180786,0.4991241991519928,-0.0097982008010149,0.4337208867073059,0.650027334690094,-0.02183973416686058,0.37050166726112366,0.6676615476608276,-0.06277968734502792,0.4544837474822998,0.8347616195678711,0.08033690601587296,0.39124470949172974,0.8558431267738342,0.0536796860396862,0.4478275179862976,0.8677752017974854,0.0825217217206955,0.4015985131263733,0.8854939937591553,0.05679755285382271,0.4850853383541107,0.8817427158355713,-0.0415198877453804,0.38336360454559326,0.9082802534103394,-0.07363124936819077
1781515935.8937254,plank,0.3614504337310791,0.16234534978866577,-0.22277645766735077,0.3644724190235138,0.14763541519641876,-0.20328088104724884,0.3672196567058563,0.1480078250169754,-0.2032742202281952,0.3702753186225891,0.14852625131607056,-0.20326972007751465,0.3549451231956482,0.14751124382019043,-0.20929798483848572,0.35108277201652527,0.14787158370018005,-0.20931990444660187,0.34761467576026917,0.14857657253742218,-0.20931701362133026,0.3741084933280945,0.15769529342651367,-0.08463545143604279,0.3420141339302063,0.15822435915470123,-0.11462827771902084,0.3677022457122803,0.1794803887605667,-0.17778629064559937,0.3548312485218048,0.1806887537240982,-0.18657799065113068,0.40422624349594116,0.2665570080280304,-0.006859355606138706,0.31601011753082275,0.2604215741157532,-0.06727363169193268,0.42375296354293823,0.3868403434753418,0.0156807042658329,0.3151382803916931,0.37561216950416565,-0.13160823285579681,0.44587215781211853,0.48882320523262024,-0.09040477871894836,0.3413979411125183,0.45570632815361023,-0.30837497115135193,0.4541400074958801,0.5180544853210449,-0.11898479610681534,0.34815120697021484,0.48724934458732605,-0.35280841588974,0.4519628584384918,0.5176571011543274,-0.15465138852596283,0.3549728989601135,0.4733092784881592,-0.36872872710227966,0.44627779722213745,0.5077905654907227,-0.10754275321960449,0.3541739284992218,0.46340009570121765,-0.3183848559856415,0.4079272747039795,0.4853174090385437,0.011139387264847755,0.35470131039619446,0.49963897466659546,-0.011081703007221222,0.4339848458766937,0.6474835276603699,-0.020368682220578194,0.37194719910621643,0.6687333583831787,-0.05098341777920723,0.45286911725997925,0.8322323560714722,0.08780628442764282,0.390917032957077,0.85356205701828,0.06726329028606415,0.4456104636192322,0.8654474020004272,0.09003395587205887,0.4010464549064636,0.8831318616867065,0.06943894922733307,0.4751507341861725,0.881170392036438,-0.03879348188638687,0.38326218724250793,0.9082357883453369,-0.06218823045492172
1781515936.0152557,plank,0.36415860056877136,0.16264578700065613,-0.2967027425765991,0.3672839105129242,0.1479371339082718,-0.27894720435142517,0.3703698515892029,0.14846035838127136,-0.27892327308654785,0.37333470582962036,0.14905238151550293,-0.27888941764831543,0.35784366726875305,0.14739009737968445,-0.28429269790649414,0.35419338941574097,0.14774870872497559,-0.2843368649482727,0.3506924510002136,0.14854130148887634,-0.2843700051307678,0.3772764801979065,0.15858574211597443,-0.1623912751674652,0.3453773558139801,0.15826700627803802,-0.18976761400699615,0.37046927213668823,0.1807098239660263,-0.2522351145744324,0.35762184858322144,0.18132270872592926,-0.2603621184825897,0.4078431725502014,0.26761728525161743,-0.0721248984336853,0.3182637393474579,0.26038700342178345,-0.12495853751897812,0.4287605285644531,0.38686713576316833,-0.029787197709083557,0.3156835734844208,0.3763170838356018,-0.1349509060382843,0.4513740539550781,0.4872034192085266,-0.14418722689151764,0.34116145968437195,0.4675121009349823,-0.27935653924942017,0.45908650755882263,0.5168041586875916,-0.1719864457845688,0.34721776843070984,0.5035780668258667,-0.3209008574485779,0.45594239234924316,0.5167495012283325,-0.21186354756355286,0.3528100848197937,0.49462074041366577,-0.3385990262031555,0.4510385990142822,0.506504237651825,-0.1622355580329895,0.35232776403427124,0.48259687423706055,-0.2901991009712219,0.40876612067222595,0.48610207438468933,0.011866259388625622,0.3561859726905823,0.5020920634269714,-0.011849678121507168,0.43723005056381226,0.6447345018386841,-0.0013490916462615132,0.3727762997150421,0.6686424016952515,-0.05355994775891304,0.45472556352615356,0.8205881714820862,0.11126319319009781,0.3909161388874054,0.851627767086029,0.06464459002017975,0.44826942682266235,0.8472583293914795,0.1138811856508255,0.4001925587654114,0.879763126373291,0.06695529073476791,0.4754313826560974,0.8724057674407959,-0.014753038994967937,0.3841375708580017,0.9079965949058533,-0.06924913823604584
1781515936.138518,plank,0.366961270570755,0.16357508301734924,-0.3434891104698181,0.37121567130088806,0.14916221797466278,-0.3267713487148285,0.3747689723968506,0.14964379370212555,-0.32672375440597534,0.3778647780418396,0.1501230150461197,-0.32668665051460266,0.3618941307067871,0.14846594631671906,-0.33138084411621094,0.3587825894355774,0.14865025877952576,-0.3314398229122162,0.354941189289093,0.1493501514196396,-0.33146074414253235,0.3808199167251587,0.1594308465719223,-0.21080687642097473,0.34833088517189026,0.15929864346981049,-0.23483812808990479,0.37224629521369934,0.1812715381383896,-0.2989616394042969,0.3616495132446289,0.18200567364692688,-0.3060547709465027,0.4119822382926941,0.2678941786289215,-0.11508806049823761,0.3195935785770416,0.2610955536365509,-0.15418915450572968,0.4389157295227051,0.38354921340942383,-0.0681922510266304,0.31665903329849243,0.38302209973335266,-0.12929728627204895,0.4572802186012268,0.48535269498825073,-0.18144765496253967,0.3345502018928528,0.48580411076545715,-0.22875313460826874,0.4641803801059723,0.5163997411727905,-0.20903436839580536,0.33579885959625244,0.5265631675720215,-0.2602365016937256,0.4601600766181946,0.5168450474739075,-0.2483200579881668,0.3438219428062439,0.5195704698562622,-0.2891104519367218,0.45547524094581604,0.505833625793457,-0.19915442168712616,0.34704601764678955,0.5069008469581604,-0.24140605330467224,0.41549426317214966,0.4836984872817993,0.011477557010948658,0.3606804609298706,0.5009810924530029,-0.011476314626634121,0.4445623755455017,0.6423035264015198,0.025874946266412735,0.3744063079357147,0.6691884994506836,-0.05870328098535538,0.46365469694137573,0.8102298378944397,0.15053388476371765,0.3912350535392761,0.8517078757286072,0.040059659630060196,0.45736804604530334,0.8321790099143982,0.15401355922222137,0.4005899429321289,0.8798805475234985,0.039922431111335754,0.48220840096473694,0.8618760704994202,0.02875489555299282,0.38395166397094727,0.9082803726196289,-0.09823023527860641
1781515936.249526,plank,0.3711340129375458,0.16473746299743652,-0.3455008566379547,0.37575966119766235,0.15022613108158112,-0.3289684057235718,0.3792404532432556,0.15059484541416168,-0.3289185166358948,0.38230520486831665,0.15092948079109192,-0.32887986302375793,0.36656489968299866,0.14976835250854492,-0.3334062397480011,0.3634711802005768,0.14997781813144684,-0.3334686756134033,0.3602595925331116,0.1505766063928604,-0.3334920406341553,0.38565343618392944,0.1604357361793518,-0.2144404649734497,0.35479944944381714,0.16083064675331116,-0.23704376816749573,0.3765013813972473,0.18235436081886292,-0.30158597230911255,0.36628520488739014,0.1831800490617752,-0.30826976895332336,0.4174341559410095,0.267854243516922,-0.12145695835351944,0.3263064920902252,0.2615298628807068,-0.15527230501174927,0.4426232874393463,0.3807794451713562,-0.07326913625001907,0.3170294165611267,0.3838183581829071,-0.1282472312450409,0.4592079520225525,0.4824826419353485,-0.18341182172298431,0.33178484439849854,0.4898727834224701,-0.2070309817790985,0.46521830558776855,0.5136545300483704,-0.21024632453918457,0.3305093050003052,0.5294973850250244,-0.23618848621845245,0.46172624826431274,0.5139371156692505,-0.24875132739543915,0.33804813027381897,0.5244535803794861,-0.266227126121521,0.4577344059944153,0.503043532371521,-0.20087115466594696,0.34217458963394165,0.5119868516921997,-0.2201073169708252,0.4191663861274719,0.48332181572914124,0.010677258484065533,0.3646090030670166,0.5009133815765381,-0.010713199153542519,0.4481259882450104,0.6403159499168396,0.024618463590741158,0.37638992071151733,0.6711729168891907,-0.05485997721552849,0.47179174423217773,0.8042880296707153,0.1498488187789917,0.39095574617385864,0.8517390489578247,0.043405886739492416,0.4661530554294586,0.8252043128013611,0.15354810655117035,0.4004024863243103,0.8799476623535156,0.043447911739349365,0.4878624975681305,0.8590656518936157,0.02537592314183712,0.38391241431236267,0.9078698754310608,-0.09707845747470856
1781515936.3554611,plank,0.38689324259757996,0.17299994826316833,-0.33335548639297485,0.3906349539756775,0.15824469923973083,-0.31661495566368103,0.39373624324798584,0.15823403000831604,-0.3165768086910248,0.39655402302742004,0.1583682894706726,-0.31653687357902527,0.38109686970710754,0.15781114995479584,-0.32022160291671753,0.37778377532958984,0.15779516100883484,-0.32028859853744507,0.3742597997188568,0.15822172164916992,-0.32031455636024475,0.3988038897514343,0.16497619450092316,-0.20262126624584198,0.36955174803733826,0.1664832979440689,-0.21998664736747742,0.3919796347618103,0.18903079628944397,-0.2895616888999939,0.3807764947414398,0.19011293351650238,-0.2947613298892975,0.43140149116516113,0.2684386074542999,-0.1231822744011879,0.33971142768859863,0.26577332615852356,-0.1468113213777542,0.45248985290527344,0.3761619031429291,-0.08581122756004333,0.32151928544044495,0.383282333612442,-0.08601833879947662,0.45950961112976074,0.47232601046562195,-0.19998013973236084,0.3351970314979553,0.4883679151535034,-0.1749214231967926,0.4650685787200928,0.5029021501541138,-0.23164188861846924,0.33379456400871277,0.5276288986206055,-0.2053479701280594,0.4604613184928894,0.4991735816001892,-0.26576176285743713,0.34147006273269653,0.5207135677337646,-0.23416228592395782,0.4570345878601074,0.48976919054985046,-0.21549972891807556,0.3457643389701843,0.509396493434906,-0.1875390112400055,0.4296136498451233,0.48312345147132874,-0.0006833221414126456,0.3763115108013153,0.49920204281806946,0.0006384783773683012,0.45239776372909546,0.6367629170417786,0.018342625349760056,0.38133352994918823,0.6652808785438538,-0.056765902787446976,0.48279300332069397,0.8044722676277161,0.13500753045082092,0.3909657299518585,0.8517048358917236,0.03222263976931572,0.4810095727443695,0.8259670734405518,0.1377120465040207,0.40043386816978455,0.880004346370697,0.031459979712963104,0.4901123642921448,0.858081579208374,0.01607373170554638,0.3817651569843292,0.9077060222625732,-0.10448770225048065
1781515936.4641638,plank,0.4021800458431244,0.18089559674263,-0.2511473298072815,0.40614423155784607,0.1656181663274765,-0.23090961575508118,0.4084094166755676,0.16552673280239105,-0.23090016841888428,0.41060870885849,0.16553348302841187,-0.23087957501411438,0.39633968472480774,0.16581960022449493,-0.2342698872089386,0.3924315571784973,0.16608399152755737,-0.2343156635761261,0.3891213834285736,0.16660858690738678,-0.23429858684539795,0.41335529088974,0.17171098291873932,-0.11097190529108047,0.38355451822280884,0.1736135482788086,-0.12800157070159912,0.40751519799232483,0.197653129696846,-0.20629100501537323,0.3957187533378601,0.1985454112291336,-0.2113584280014038,0.4435664117336273,0.27409887313842773,-0.05160357430577278,0.3535771667957306,0.27166610956192017,-0.04696948826313019,0.4654102921485901,0.37588226795196533,-0.06919938325881958,0.3319694399833679,0.38108113408088684,-0.08010651171207428,0.45925483107566833,0.4407264292240143,-0.2125174105167389,0.3558994233608246,0.45917564630508423,-0.2513607144355774,0.46053045988082886,0.47300681471824646,-0.25374892354011536,0.3595375418663025,0.4878806173801422,-0.2977740466594696,0.45309966802597046,0.46144795417785645,-0.27794545888900757,0.3660925030708313,0.47502538561820984,-0.31222003698349,0.45164138078689575,0.4514414966106415,-0.22469961643218994,0.3661620020866394,0.46508675813674927,-0.26039576530456543,0.43714284896850586,0.48568785190582275,-0.0024457976687699556,0.3869503438472748,0.49914973974227905,0.0024642522912472486,0.45486170053482056,0.6374582648277283,0.01360064186155796,0.3910117447376251,0.661805272102356,-0.0931311547756195,0.4839339852333069,0.8067269921302795,0.12786148488521576,0.3913061022758484,0.8527708053588867,-0.016928745433688164,0.4809883236885071,0.8291887044906616,0.12989604473114014,0.4005158543586731,0.8807708024978638,-0.018714312463998795,0.49068060517311096,0.8596884608268738,0.0032551209442317486,0.380524605512619,0.9078314304351807,-0.15564899146556854
1781515936.6502204,plank,0.4234410226345062,0.19699795544147491,-0.32107341289520264,0.4274609088897705,0.1822209656238556,-0.30304914712905884,0.43037909269332886,0.18231922388076782,-0.30304184556007385,0.4330824911594391,0.18248684704303741,-0.3030529320240021,0.4183216691017151,0.18159067630767822,-0.3058600425720215,0.41531381011009216,0.1815514862537384,-0.3059311509132385,0.412365198135376,0.18171165883541107,-0.3059461712837219,0.43577608466148376,0.18732388317584991,-0.17860294878482819,0.4085689187049866,0.18796268105506897,-0.19060400128364563,0.4280380606651306,0.21457460522651672,-0.2730419635772705,0.4174480438232422,0.21382011473178864,-0.27711671590805054,0.4666989743709564,0.2829044461250305,-0.09901327639818192,0.3783159554004669,0.2821597754955292,-0.09325957298278809,0.49043577909469604,0.38578376173973083,-0.16487376391887665,0.3576495945453644,0.38873931765556335,-0.16162511706352234,0.45146483182907104,0.40170174837112427,-0.35205942392349243,0.4074791967868805,0.4130667448043823,-0.34390705823898315,0.44103869795799255,0.41415274143218994,-0.39768850803375244,0.422025591135025,0.4211466610431671,-0.3886722922325134,0.43693479895591736,0.3966425955295563,-0.40720134973526,0.4255252778530121,0.40387091040611267,-0.3925793468952179,0.4390822947025299,0.39195942878723145,-0.35861045122146606,0.42261558771133423,0.4004642069339752,-0.34733834862709045,0.45488518476486206,0.4965789318084717,-0.0021119164302945137,0.4062380790710449,0.501953661441803,0.0021418537944555283,0.463235467672348,0.6511688828468323,0.044377557933330536,0.39960190653800964,0.6618996858596802,-0.08040641248226166,0.48426932096481323,0.8081778883934021,0.19774512946605682,0.393527090549469,0.8556645512580872,0.0064934007823467255,0.4789590835571289,0.8311331272125244,0.20513832569122314,0.4018574357032776,0.8833246827125549,0.005260671954602003,0.4912096858024597,0.8612696528434753,0.07578061521053314,0.3797762989997864,0.9079346656799316,-0.141199991106987
1781515936.7916281,plank,0.4430058002471924,0.2070717066526413,-0.29876258969306946,0.4468807280063629,0.1926223784685135,-0.27991893887519836,0.44972553849220276,0.19314314424991608,-0.2799486517906189,0.4525754451751709,0.19375084340572357,-0.2799901068210602,0.43858036398887634,0.190948024392128,-0.2806416451931,0.4357028007507324,0.19063366949558258,-0.28071868419647217,0.4328891336917877,0.19069471955299377,-0.2807416021823883,0.456057608127594,0.19902446866035461,-0.15996389091014862,0.4273269772529602,0.198589026927948,-0.15610110759735107,0.44705647230148315,0.22340057790279388,-0.25272899866104126,0.43777480721473694,0.2237987518310547,-0.2530963718891144,0.48548680543899536,0.29073566198349,-0.0981564074754715,0.3974267840385437,0.29032015800476074,-0.07804503291845322,0.5084744095802307,0.3968580365180969,-0.19331514835357666,0.3831601142883301,0.40143492817878723,-0.1697344034910202,0.4613122344017029,0.387491911649704,-0.37102025747299194,0.4340895116329193,0.39540910720825195,-0.3403042256832123,0.4477105140686035,0.38406816124916077,-0.41580018401145935,0.4431912899017334,0.3890416920185089,-0.38300564885139465,0.4414606988430023,0.3651820719242096,-0.4142356812953949,0.444265216588974,0.3724147081375122,-0.3854962885379791,0.4475417733192444,0.3650270998477936,-0.3740697503089905,0.4424217641353607,0.3736065626144409,-0.3444351553916931,0.46846288442611694,0.5072838664054871,-0.012173561379313469,0.41979774832725525,0.5067459344863892,0.012270154431462288,0.4720418453216553,0.6580904722213745,-0.03449712693691254,0.4046071469783783,0.6546161770820618,-0.07970067113637924,0.4861242175102234,0.8144640326499939,0.08192655444145203,0.3949767053127289,0.8511576056480408,0.021536935120821,0.48099595308303833,0.8370869159698486,0.08517946302890778,0.40349650382995605,0.8820227980613708,0.02423737570643425,0.4926544725894928,0.8601252436637878,-0.04246537387371063,0.35551297664642334,0.8841580152511597,-0.10896287113428116
1781515936.9151204,plank,0.450711190700531,0.20991751551628113,-0.26120465993881226,0.45455145835876465,0.19592653214931488,-0.24276046454906464,0.45711907744407654,0.19654062390327454,-0.2427813708782196,0.45990675687789917,0.19741669297218323,-0.2428063154220581,0.44664686918258667,0.1947678178548813,-0.24430403113365173,0.44353049993515015,0.1948092132806778,-0.2443581074476242,0.44048959016799927,0.19511176645755768,-0.24436962604522705,0.4631974697113037,0.20486274361610413,-0.1254904419183731,0.43516868352890015,0.20383961498737335,-0.13157854974269867,0.45510736107826233,0.22667986154556274,-0.2160344123840332,0.4456961750984192,0.2262376993894577,-0.21794839203357697,0.49155014753341675,0.2944428622722626,-0.06648559123277664,0.4076283872127533,0.293884813785553,-0.05451515316963196,0.5115227699279785,0.40228602290153503,-0.16018548607826233,0.39168769121170044,0.4006207287311554,-0.15194961428642273,0.466858446598053,0.375416100025177,-0.3408634066581726,0.4384916424751282,0.37473025918006897,-0.32300978899002075,0.45369952917099,0.37076255679130554,-0.3831472396850586,0.4496892988681793,0.36649149656295776,-0.36436107754707336,0.45229214429855347,0.3524268865585327,-0.3806162476539612,0.44963693618774414,0.3507257401943207,-0.36488524079322815,0.45619630813598633,0.35264670848846436,-0.3434060215950012,0.4474818706512451,0.3519625961780548,-0.32561492919921875,0.4749452471733093,0.5087891221046448,-0.016860036179423332,0.4249492287635803,0.5061045289039612,0.01697368547320366,0.47489744424819946,0.6581931114196777,-0.04404196888208389,0.40809255838394165,0.655907392501831,-0.0391293466091156,0.4854929447174072,0.8167145848274231,0.06469400227069855,0.4075775742530823,0.8421729803085327,0.07123973220586777,0.4816351532936096,0.8389747738838196,0.06745665520429611,0.41727501153945923,0.8704904913902283,0.07383348047733307,0.49212509393692017,0.8600109815597534,-0.0576818473637104,0.3696736991405487,0.8807407021522522,-0.04949072003364563
1781515937.038062,plank,0.45160752534866333,0.2127181440591812,-0.21921351552009583,0.4552587568759918,0.19804412126541138,-0.20285113155841827,0.45810604095458984,0.19815443456172943,-0.20286300778388977,0.4610592722892761,0.198638454079628,-0.20287735760211945,0.4469640851020813,0.19823631644248962,-0.2031361311674118,0.4436730742454529,0.19858281314373016,-0.20316310226917267,0.44042307138442993,0.19900622963905334,-0.2031596601009369,0.4656979441642761,0.20597383379936218,-0.09533380717039108,0.43636831641197205,0.2063361257314682,-0.09558724611997604,0.45677661895751953,0.2290828973054886,-0.17740634083747864,0.446173757314682,0.2282811552286148,-0.17781208455562592,0.49342936277389526,0.2952262759208679,-0.03975803405046463,0.4106212556362152,0.2954128682613373,-0.02378191612660885,0.5122541189193726,0.4034140408039093,-0.13430023193359375,0.39308175444602966,0.40022900700569153,-0.11347991228103638,0.4656704068183899,0.36621585488319397,-0.28119945526123047,0.44353991746902466,0.36384615302085876,-0.2788238823413849,0.4537995457649231,0.35261964797973633,-0.3159619867801666,0.45406898856163025,0.350279837846756,-0.31351029872894287,0.4528454840183258,0.3375707268714905,-0.30657103657722473,0.4531354010105133,0.33763211965560913,-0.3043268322944641,0.45603981614112854,0.33991214632987976,-0.2803649306297302,0.4509751796722412,0.34047645330429077,-0.27671220898628235,0.4783644676208496,0.5087747573852539,-0.017904436215758324,0.42818182706832886,0.5065135359764099,0.01803506538271904,0.47639504075050354,0.6618074178695679,-0.010816111229360104,0.4188942313194275,0.6615620851516724,-0.0009154261788353324,0.48630061745643616,0.8170246481895447,0.12221616506576538,0.42346277832984924,0.8369373679161072,0.10364742577075958,0.48190444707870483,0.8395191431045532,0.12782537937164307,0.433565229177475,0.8644634485244751,0.10585226863622665,0.4921005368232727,0.8595209121704102,0.014894302003085613,0.3879041075706482,0.8777437210083008,-0.010613757185637951
1781515937.225754,plank,0.4508931636810303,0.21174806356430054,-0.202102392911911,0.45534688234329224,0.19830456376075745,-0.1859506368637085,0.4578095078468323,0.19854675233364105,-0.18596258759498596,0.4603613018989563,0.19899997115135193,-0.18597736954689026,0.4462229609489441,0.1985953450202942,-0.18533582985401154,0.44315600395202637,0.19900137186050415,-0.1853434145450592,0.44022732973098755,0.1995065063238144,-0.18533220887184143,0.4645446240901947,0.20720455050468445,-0.08374516665935516,0.4361397325992584,0.20733071863651276,-0.08033322542905807,0.4566451609134674,0.22871237993240356,-0.16264598071575165,0.4448043704032898,0.22755712270736694,-0.16202184557914734,0.49189892411231995,0.29724815487861633,-0.0390954427421093,0.4103139042854309,0.2963564097881317,-0.01327391155064106,0.5101170539855957,0.40294724702835083,-0.13230527937412262,0.3914993405342102,0.3994562327861786,-0.09950445592403412,0.46463242173194885,0.3611299395561218,-0.26778551936149597,0.44130682945251465,0.3638785481452942,-0.25761526823043823,0.4512835144996643,0.34520408511161804,-0.3034217953681946,0.4524616301059723,0.3489300310611725,-0.2923862338066101,0.45119509100914,0.33321163058280945,-0.2935163378715515,0.450890451669693,0.3380362093448639,-0.28579503297805786,0.454622358083725,0.3361701965332031,-0.26609206199645996,0.44846639037132263,0.34104496240615845,-0.257005900144577,0.47852081060409546,0.5080885887145996,-0.02071671560406685,0.42974281311035156,0.5083369612693787,0.020836303010582924,0.4767875075340271,0.6609207391738892,-0.021366234868764877,0.42967748641967773,0.6642184853553772,0.024969547986984253,0.48778074979782104,0.8162647485733032,0.09504655003547668,0.4376707971096039,0.8299515843391418,0.13074585795402527,0.4826059341430664,0.8394731283187866,0.09936197102069855,0.44831639528274536,0.855873167514801,0.1337517946958542,0.4916626811027527,0.8596448302268982,0.0005915909423492849,0.40327244997024536,0.8751640915870667,0.024682875722646713
1781515937.41573,plank,0.448996365070343,0.21462731063365936,-0.1973695605993271,0.4534458518028259,0.2010347545146942,-0.1822023093700409,0.4560801386833191,0.20109863579273224,-0.182218998670578,0.45843014121055603,0.20131215453147888,-0.18223929405212402,0.4442213475704193,0.20169608294963837,-0.18137753009796143,0.4411749243736267,0.2021745890378952,-0.18139034509658813,0.43819528818130493,0.20273038744926453,-0.1813831776380539,0.46201834082603455,0.20817682147026062,-0.08100228756666183,0.43407028913497925,0.21005672216415405,-0.07677283883094788,0.4549857974052429,0.2301584631204605,-0.15784235298633575,0.4428580701351166,0.22987407445907593,-0.15696796774864197,0.48994994163513184,0.2962910234928131,-0.03307623416185379,0.4077867865562439,0.2969517111778259,-0.00778305996209383,0.508036732673645,0.401858389377594,-0.11631494760513306,0.3911076784133911,0.3999044597148895,-0.0872555747628212,0.4617813527584076,0.36384785175323486,-0.2573603093624115,0.43772584199905396,0.36797022819519043,-0.2464561015367508,0.44839826226234436,0.3491896986961365,-0.29351019859313965,0.4480043053627014,0.35527387261390686,-0.281995564699173,0.4486439824104309,0.3362567126750946,-0.28649407625198364,0.4471420645713806,0.3434513509273529,-0.2770838439464569,0.4518405497074127,0.3391434848308563,-0.256866991519928,0.44503870606422424,0.34580156207084656,-0.2470741719007492,0.47746139764785767,0.5075141191482544,-0.020165730267763138,0.4287368357181549,0.5083333253860474,0.020289447158575058,0.47601014375686646,0.6611987948417664,-0.03339589014649391,0.43054842948913574,0.6636644005775452,0.011803609319031239,0.48778024315834045,0.8163207173347473,0.0697864517569542,0.4383985996246338,0.8291047811508179,0.11336006969213486,0.48209482431411743,0.8425074815750122,0.0732702985405922,0.4486416280269623,0.8541521430015564,0.11604049056768417,0.49141258001327515,0.8605908155441284,-0.03473048284649849,0.40628689527511597,0.8729428052902222,0.006417583674192429
1781515937.600931,plank,0.4472510814666748,0.21553359925746918,-0.18805742263793945,0.4511912763118744,0.20197029411792755,-0.17347927391529083,0.4535602033138275,0.20200835168361664,-0.17350204288959503,0.45600461959838867,0.20223677158355713,-0.1735324114561081,0.44221392273902893,0.2024640440940857,-0.17220979928970337,0.43895965814590454,0.2028939574956894,-0.17221315205097198,0.4357333183288574,0.20350335538387299,-0.17220242321491241,0.45959383249282837,0.20898683369159698,-0.0762070044875145,0.4316236972808838,0.2108534276485443,-0.06947167217731476,0.4522961676120758,0.23104305565357208,-0.15000048279762268,0.44094720482826233,0.2314332276582718,-0.14838004112243652,0.4879302382469177,0.29592591524124146,-0.025963610038161278,0.4056459963321686,0.2988806664943695,-0.005536187440156937,0.5067571401596069,0.40134337544441223,-0.09871704876422882,0.3895348608493805,0.40110036730766296,-0.07739629596471786,0.45679211616516113,0.3667905032634735,-0.22580461204051971,0.43614062666893005,0.3713965117931366,-0.22511883080005646,0.44282954931259155,0.35428115725517273,-0.2590506374835968,0.4466738700866699,0.36100056767463684,-0.2596607506275177,0.44335755705833435,0.34010711312294006,-0.25247645378112793,0.44529715180397034,0.3487382233142853,-0.25425389409065247,0.4462706446647644,0.34241947531700134,-0.2248474806547165,0.4430723786354065,0.35032919049263,-0.22538113594055176,0.4751296639442444,0.5072857141494751,-0.018134964630007744,0.4260414242744446,0.5082377791404724,0.01829628273844719,0.475130558013916,0.6613385081291199,-0.023356329649686813,0.43004631996154785,0.663450300693512,0.014750179834663868,0.4874996244907379,0.8164533972740173,0.08440117537975311,0.43833184242248535,0.8296183943748474,0.1160973310470581,0.4819153845310211,0.84382563829422,0.08818808197975159,0.44765812158584595,0.854541540145874,0.11909355223178864,0.4910212457180023,0.8607465028762817,-0.024131882935762405,0.4067074656486511,0.8735180497169495,0.009845061227679253
1781515937.7710125,plank,0.4436728060245514,0.21655942499637604,-0.1543378382921219,0.4479126036167145,0.20278477668762207,-0.13952437043190002,0.45060452818870544,0.20285139977931976,-0.13954955339431763,0.453421026468277,0.20293542742729187,-0.13959240913391113,0.4394114017486572,0.20323237776756287,-0.1384313702583313,0.43664079904556274,0.20374281704425812,-0.1384277194738388,0.4339914321899414,0.20432497560977936,-0.13840483129024506,0.4576752185821533,0.20915605127811432,-0.04630440101027489,0.4306398034095764,0.21178089082241058,-0.040552906692028046,0.44951552152633667,0.23218953609466553,-0.11800430715084076,0.43845582008361816,0.2328355759382248,-0.11668230593204498,0.487013041973114,0.2958987355232239,-0.0037308852188289165,0.4047911763191223,0.30092987418174744,0.016074389219284058,0.5061355829238892,0.4010341167449951,-0.07388676702976227,0.38830476999282837,0.4019602835178375,-0.055269837379455566,0.4554055631160736,0.3684493899345398,-0.1867484301328659,0.43482398986816406,0.37296062707901,-0.1916634887456894,0.4413524568080902,0.3566407859325409,-0.21811863780021667,0.4451548159122467,0.3630892336368561,-0.22445228695869446,0.44169220328330994,0.34254372119903564,-0.20991632342338562,0.4440235495567322,0.35075101256370544,-0.21803812682628632,0.4443850517272949,0.34457796812057495,-0.18486061692237854,0.44182705879211426,0.35225892066955566,-0.19142377376556396,0.4745049476623535,0.5058819055557251,-0.017524730414152145,0.42509979009628296,0.5068140029907227,0.017725547775626183,0.47474876046180725,0.661220133304596,-0.030509447678923607,0.4297627806663513,0.6620137095451355,0.00688951974734664,0.48732930421829224,0.816440761089325,0.06575458496809006,0.43854206800460815,0.8297561407089233,0.0979122593998909,0.4817794859409332,0.8444880247116089,0.06887557357549667,0.4479592740535736,0.8545572757720947,0.09978239983320236,0.4907304346561432,0.8608072996139526,-0.03683727979660034,0.40665656328201294,0.8732343316078186,0.0028789793141186237
1781515937.963615,plank,0.4403461813926697,0.21907921135425568,-0.16587164998054504,0.4448416233062744,0.20455661416053772,-0.1515047699213028,0.4476429522037506,0.20452257990837097,-0.15152642130851746,0.45067816972732544,0.2044232189655304,-0.15156719088554382,0.4363912045955658,0.2050495147705078,-0.1502104103565216,0.4340890049934387,0.20558005571365356,-0.1502101719379425,0.4321429133415222,0.2060834914445877,-0.15018972754478455,0.45557698607444763,0.20990513265132904,-0.05698537081480026,0.42957767844200134,0.21328018605709076,-0.05053647235035896,0.4468986988067627,0.23419183492660522,-0.12890085577964783,0.4357060492038727,0.2351212203502655,-0.1273227483034134,0.48667582869529724,0.2962571382522583,-0.010222290642559528,0.40448054671287537,0.302143931388855,0.009244157932698727,0.5058714747428894,0.4010046124458313,-0.08020992577075958,0.3877638578414917,0.40306389331817627,-0.060751497745513916,0.45543885231018066,0.36929839849472046,-0.19793294370174408,0.43429383635520935,0.3744201958179474,-0.20055612921714783,0.4416399896144867,0.3580237925052643,-0.2298581302165985,0.4445316195487976,0.3642900288105011,-0.2335398644208908,0.4415860176086426,0.34384945034980774,-0.22234156727790833,0.44351130723953247,0.35171622037887573,-0.22801323235034943,0.4442935883998871,0.3457675576210022,-0.19641505181789398,0.44131404161453247,0.35332852602005005,-0.2006884068250656,0.4740581512451172,0.5046600699424744,-0.016798019409179688,0.42464232444763184,0.505772590637207,0.01701899990439415,0.47463178634643555,0.6609810590744019,-0.03289269655942917,0.43020376563072205,0.6612824201583862,0.004094974137842655,0.4872353971004486,0.8165672421455383,0.06288592517375946,0.43847209215164185,0.8298426866531372,0.09355907887220383,0.4816780090332031,0.8450812697410583,0.06577099859714508,0.44780635833740234,0.8545804619789124,0.0954047217965126,0.4906964898109436,0.8612650632858276,-0.042285576462745667,0.40718239545822144,0.872976541519165,-0.001589990803040564
1781515938.147462,plank,0.4395142197608948,0.21930524706840515,-0.19552399218082428,0.44413822889328003,0.20487569272518158,-0.18232692778110504,0.44709277153015137,0.20487111806869507,-0.1823541522026062,0.4502400755882263,0.2047429233789444,-0.18239499628543854,0.43538832664489746,0.20540614426136017,-0.18016305565834045,0.43304643034935,0.20598262548446655,-0.18017515540122986,0.43132930994033813,0.20649532973766327,-0.18017080426216125,0.4551820158958435,0.2102154791355133,-0.08692808449268341,0.4293079376220703,0.21376287937164307,-0.07670669257640839,0.4463668465614319,0.23454822599887848,-0.15803256630897522,0.43481796979904175,0.2355162501335144,-0.15505921840667725,0.48630446195602417,0.29661211371421814,-0.033696290105581284,0.40400633215904236,0.30268773436546326,-0.006913596298545599,0.5063105225563049,0.4012303352355957,-0.09986808896064758,0.3876607120037079,0.4037806987762451,-0.07338988035917282,0.4569922089576721,0.3777136206626892,-0.2312849462032318,0.4341422915458679,0.38366609811782837,-0.22605553269386292,0.4446333348751068,0.3745139539241791,-0.2661176323890686,0.44429898262023926,0.3768012523651123,-0.26122015714645386,0.4421626031398773,0.3565829396247864,-0.26118606328964233,0.44364842772483826,0.36064568161964417,-0.2583795487880707,0.4446929395198822,0.3562576174736023,-0.23120231926441193,0.44122520089149475,0.3614822328090668,-0.22740888595581055,0.4739464223384857,0.5047804117202759,-0.017090482637286186,0.42523521184921265,0.5060575604438782,0.017271658405661583,0.47460564970970154,0.6610013246536255,-0.030704129487276077,0.4303739070892334,0.6612281799316406,0.012670790776610374,0.4872003197669983,0.8166824579238892,0.07014665752649307,0.4382920265197754,0.829843282699585,0.10777348279953003,0.4815266728401184,0.8451694250106812,0.07333362847566605,0.44770246744155884,0.8545619249343872,0.10997331142425537,0.4903763234615326,0.8618397116661072,-0.03680434077978134,0.4072251319885254,0.8731056451797485,0.0029380260966718197
1781515938.3338258,plank,0.44120916724205017,0.21891368925571442,-0.27439698576927185,0.4454386830329895,0.2045411616563797,-0.2595730423927307,0.4485222399234772,0.20456096529960632,-0.2595948576927185,0.45128965377807617,0.2044488936662674,-0.25962716341018677,0.4365455210208893,0.2050434947013855,-0.2602514624595642,0.43383246660232544,0.2056116759777069,-0.2602944076061249,0.43170061707496643,0.20611698925495148,-0.2603026330471039,0.45539015531539917,0.21001851558685303,-0.15154150128364563,0.429398775100708,0.21338649094104767,-0.15334564447402954,0.44809168577194214,0.23443613946437836,-0.2320488691329956,0.435981422662735,0.23519831895828247,-0.23277577757835388,0.487008273601532,0.2965744733810425,-0.07841368019580841,0.4040830731391907,0.3031781315803528,-0.0740259513258934,0.507870614528656,0.4016994833946228,-0.14107224345207214,0.38745126128196716,0.40646690130233765,-0.12881627678871155,0.4679792523384094,0.39148402214050293,-0.31725752353668213,0.4332086443901062,0.4070636034011841,-0.2946948707103729,0.45727115869522095,0.3967077136039734,-0.35830551385879517,0.44506382942199707,0.4013245105743408,-0.3345947861671448,0.454740434885025,0.37686219811439514,-0.3639789819717407,0.44548049569129944,0.38192740082740784,-0.3350800573825836,0.4568161070346832,0.3724553883075714,-0.32225656509399414,0.4424111247062683,0.38148143887519836,-0.2968815863132477,0.4742913246154785,0.505889356136322,-0.009691359475255013,0.4254169464111328,0.506581723690033,0.009770272299647331,0.4749128222465515,0.6621747612953186,-0.007135803811252117,0.4254835247993469,0.6651621460914612,0.010570958256721497,0.48747676610946655,0.8166959285736084,0.10540231317281723,0.4328840374946594,0.8295315504074097,0.11087416112422943,0.48156625032424927,0.8452917337417603,0.10914846509695053,0.44229039549827576,0.8541986346244812,0.11351676285266876,0.4922197461128235,0.8625727891921997,-0.01221795566380024,0.40980419516563416,0.8745012283325195,0.00042299198685213923
1781515938.5076659,plank,0.4410056173801422,0.21866436302661896,-0.27943217754364014,0.4451100826263428,0.20444418489933014,-0.2642548084259033,0.4482123851776123,0.20445679128170013,-0.2642667293548584,0.4510212540626526,0.2043904811143875,-0.2642916142940521,0.43640241026878357,0.20493189990520477,-0.2639385759830475,0.4337570071220398,0.2054695188999176,-0.2639821171760559,0.4316108822822571,0.206033855676651,-0.263979971408844,0.45493054389953613,0.2100124955177307,-0.1541527658700943,0.42934125661849976,0.21338100731372833,-0.1529313623905182,0.4478786885738373,0.2341669499874115,-0.23675692081451416,0.43586915731430054,0.23492887616157532,-0.23661653697490692,0.48657751083374023,0.29716911911964417,-0.0806417167186737,0.40356436371803284,0.30343005061149597,-0.0673966258764267,0.5079182386398315,0.40269041061401367,-0.13964518904685974,0.38357728719711304,0.4063614010810852,-0.12839889526367188,0.4688231945037842,0.4039812684059143,-0.32306188344955444,0.42103999853134155,0.4261605143547058,-0.2797732949256897,0.4584195613861084,0.4129263162612915,-0.36742931604385376,0.4329957365989685,0.4337305724620819,-0.3186163306236267,0.45573657751083374,0.39942631125450134,-0.3759574890136719,0.4360051155090332,0.4158712923526764,-0.32298919558525085,0.45810961723327637,0.3948509991168976,-0.32912713289260864,0.4331582188606262,0.4130289852619171,-0.2829783856868744,0.47305774688720703,0.5063608288764954,-0.004346481524407864,0.4250865876674652,0.5067910552024841,0.004363861866295338,0.4747658669948578,0.664897084236145,0.0033939785789698362,0.42349037528038025,0.6670999526977539,0.002268267562612891,0.4874785542488098,0.81683349609375,0.11442878097295761,0.4253390431404114,0.8281015753746033,0.11521317064762115,0.48144665360450745,0.845076322555542,0.11815051734447479,0.43376001715660095,0.8533411026000977,0.11781809478998184,0.4938945174217224,0.8634830713272095,-0.004821318667382002,0.4172433316707611,0.8748442530632019,-0.008887863717973232
1781515938.68907,plank,0.43461138010025024,0.22217129170894623,-0.22829106450080872,0.43745604157447815,0.20862078666687012,-0.2130124568939209,0.4401695132255554,0.208823099732399,-0.21301893889904022,0.44274091720581055,0.20909525454044342,-0.2130114734172821,0.43035173416137695,0.20892228186130524,-0.2135380059480667,0.42800769209861755,0.20949850976467133,-0.21356722712516785,0.42551326751708984,0.2102699726819992,-0.21355533599853516,0.445936381816864,0.21641476452350616,-0.11555316299200058,0.4213084578514099,0.21948856115341187,-0.12459351122379303,0.4400385022163391,0.23794740438461304,-0.19235919415950775,0.4303176999092102,0.23890690505504608,-0.1939868927001953,0.476468950510025,0.3082016408443451,-0.054918210953474045,0.39302757382392883,0.30922144651412964,-0.05740007013082504,0.49462422728538513,0.4045535624027252,-0.08238395303487778,0.37804335355758667,0.408711314201355,-0.054906852543354034,0.4776762127876282,0.4518251121044159,-0.2317141592502594,0.38837558031082153,0.48036476969718933,-0.19581171870231628,0.4718629717826843,0.47531118988990784,-0.2705618739128113,0.3894619345664978,0.5108967423439026,-0.23188777267932892,0.4677109718322754,0.4655993580818176,-0.29335489869117737,0.39503371715545654,0.500087559223175,-0.2504138648509979,0.468031108379364,0.45825618505477905,-0.24239644408226013,0.39589232206344604,0.4880808889865875,-0.2058754414319992,0.4623681604862213,0.5107344388961792,-0.0009382235584780574,0.4184376299381256,0.5158040523529053,0.0009454551036469638,0.4698106348514557,0.6654729247093201,-0.0005830437876284122,0.4230922758579254,0.6692659854888916,-0.02366318181157112,0.4872163236141205,0.8172264695167542,0.09334240108728409,0.42450055480003357,0.8300709128379822,0.06558118760585785,0.48139017820358276,0.8466551303863525,0.09544618427753448,0.4319390654563904,0.8559204339981079,0.0666574016213417,0.49483075737953186,0.8634746074676514,-0.016775738447904587,0.41946592926979065,0.8747456073760986,-0.04802838712930679
1781515938.8497353,plank,0.4199222922325134,0.22859662771224976,-0.26481226086616516,0.42334261536598206,0.21424229443073273,-0.251854807138443,0.4260548949241638,0.21431635320186615,-0.25185951590538025,0.4291388988494873,0.21450312435626984,-0.25185632705688477,0.41617870330810547,0.21490176022052765,-0.2524586617946625,0.41380029916763306,0.21534386277198792,-0.25249433517456055,0.4108019769191742,0.2162548005580902,-0.25250598788261414,0.4351220726966858,0.22189000248908997,-0.15873205661773682,0.40791183710098267,0.22541368007659912,-0.1625436246395111,0.4252706468105316,0.24436412751674652,-0.22908058762550354,0.416411817073822,0.24524807929992676,-0.23031218349933624,0.4651484489440918,0.31582868099212646,-0.0890764519572258,0.38124698400497437,0.3152562975883484,-0.0938260555267334,0.48063069581985474,0.41242578625679016,-0.0727812647819519,0.36933383345603943,0.41946130990982056,-0.060145892202854156,0.4918142259120941,0.49770328402519226,-0.1807633340358734,0.36475688219070435,0.5147231817245483,-0.14901849627494812,0.4986805319786072,0.5265381932258606,-0.20701269805431366,0.35862237215042114,0.5450124740600586,-0.17356783151626587,0.4943901002407074,0.5247517824172974,-0.23781046271324158,0.3622193932533264,0.5432946681976318,-0.20211336016654968,0.4909859299659729,0.5170003175735474,-0.19510093331336975,0.36650389432907104,0.5348677635192871,-0.16211453080177307,0.45451846718788147,0.5132113695144653,0.0028557083569467068,0.4101422429084778,0.5205168128013611,-0.00291424710303545,0.4646929204463959,0.6652793288230896,-0.013093972578644753,0.42091840505599976,0.6715964674949646,-0.0322486087679863,0.48587051033973694,0.8176570534706116,0.06747502833604813,0.4239933490753174,0.8332257866859436,0.05723116546869278,0.4804891049861908,0.8482756018638611,0.06849940866231918,0.43059080839157104,0.8569748997688293,0.05830322578549385,0.49535617232322693,0.862973690032959,-0.04522916302084923,0.42011865973472595,0.8750331401824951,-0.0559723787009716
1781515939.0385907,plank,0.4129478931427002,0.23464131355285645,-0.3139122426509857,0.4168378710746765,0.22060942649841309,-0.3011757731437683,0.41975507140159607,0.2204233855009079,-0.3011564314365387,0.42265066504478455,0.22056438028812408,-0.3011549413204193,0.4091639518737793,0.22099661827087402,-0.3022061288356781,0.4066010117530823,0.2212945520877838,-0.3022478520870209,0.40409499406814575,0.22181831300258636,-0.3022521436214447,0.4267446994781494,0.22705167531967163,-0.20529446005821228,0.4002644419670105,0.2306067794561386,-0.21114881336688995,0.4178604185581207,0.2491469532251358,-0.2767600119113922,0.40882229804992676,0.25010204315185547,-0.2786479890346527,0.4561900496482849,0.3205203413963318,-0.1277509331703186,0.37320324778556824,0.31754013895988464,-0.13158759474754333,0.47271448373794556,0.4188537895679474,-0.07354316860437393,0.36015585064888,0.41917499899864197,-0.08450059592723846,0.489412397146225,0.5172895789146423,-0.14461764693260193,0.3608458638191223,0.5153372883796692,-0.15559205412864685,0.4962499737739563,0.5449392795562744,-0.165085107088089,0.360481321811676,0.5465592741966248,-0.17796632647514343,0.49188461899757385,0.5459396243095398,-0.19787278771400452,0.36523953080177307,0.5422003865242004,-0.20623083412647247,0.4880131781101227,0.5364301800727844,-0.15842297673225403,0.36752039194107056,0.5332223176956177,-0.16795077919960022,0.44695085287094116,0.5159382224082947,0.003336433321237564,0.4021926820278168,0.5247076749801636,-0.0034238353837281466,0.4610588550567627,0.6661311388015747,-0.014345611445605755,0.417111873626709,0.6754153370857239,-0.03243497014045715,0.48527732491493225,0.8174546957015991,0.07555759698152542,0.4239131510257721,0.8333505392074585,0.06538964807987213,0.4804888665676117,0.8485791683197021,0.0770646259188652,0.4303433299064636,0.8566603064537048,0.06733345985412598,0.4948369860649109,0.8620045781135559,-0.03919864445924759,0.41980090737342834,0.8749915957450867,-0.046594828367233276
1781515939.147377,plank,0.40816211700439453,0.23506797850131989,-0.2843411862850189,0.4120224416255951,0.2213340699672699,-0.27060261368751526,0.4148673415184021,0.22127538919448853,-0.2704903781414032,0.4174421429634094,0.22136181592941284,-0.27037015557289124,0.40448909997940063,0.22166000306606293,-0.27551892399787903,0.4019951820373535,0.2219287008047104,-0.27553683519363403,0.3994247317314148,0.22248800098896027,-0.27552929520606995,0.42149290442466736,0.2280067801475525,-0.18660125136375427,0.3960149586200714,0.23110215365886688,-0.1826474368572235,0.41332191228866577,0.24953624606132507,-0.2537831962108612,0.4041216969490051,0.2505702078342438,-0.26700010895729065,0.45016270875930786,0.32181552052497864,-0.10433860868215561,0.36839133501052856,0.3174629807472229,-0.09770826995372772,0.46705445647239685,0.4218754172325134,-0.0407538115978241,0.35771605372428894,0.41839438676834106,-0.08680085837841034,0.48778605461120605,0.5170992016792297,-0.12131358683109283,0.36392611265182495,0.5043973922729492,-0.1870470643043518,0.490844190120697,0.5445497632026672,-0.14468707144260406,0.3647252023220062,0.5331624150276184,-0.21388375759124756,0.48613041639328003,0.5455935001373291,-0.17554183304309845,0.3710388243198395,0.5268875360488892,-0.244862362742424,0.48338279128074646,0.5363486409187317,-0.13488730788230896,0.37264490127563477,0.5168480277061462,-0.2018866240978241,0.4429017901420593,0.5169107913970947,0.003992877900600433,0.3987264931201935,0.5265471339225769,-0.004082913510501385,0.45876750349998474,0.6661756634712219,-0.008622427470982075,0.4132588505744934,0.6773266792297363,-0.02898142859339714,0.4845404624938965,0.8172277808189392,0.08164691925048828,0.4236965775489807,0.8333318829536438,0.06957831978797913,0.480145126581192,0.8481064438819885,0.08308261632919312,0.4304371476173401,0.8561867475509644,0.07181064784526825,0.49476927518844604,0.8620079159736633,-0.0334186926484108,0.4196280837059021,0.8749942183494568,-0.04087120667099953
1781515939.2574034,plank,0.4071584641933441,0.236001655459404,-0.24846556782722473,0.41002124547958374,0.2222786843776703,-0.23256710171699524,0.4124387800693512,0.2223355770111084,-0.23251836001873016,0.41470950841903687,0.222454234957695,-0.23246309161186218,0.4024173617362976,0.2222549021244049,-0.24078670144081116,0.39970463514328003,0.22259682416915894,-0.2408040314912796,0.39725738763809204,0.22317489981651306,-0.24079445004463196,0.41701740026474,0.22969397902488708,-0.13354545831680298,0.39191722869873047,0.2321387380361557,-0.16753187775611877,0.4115404486656189,0.2504243552684784,-0.21120595932006836,0.4017077386379242,0.2518816292285919,-0.2264852076768875,0.4442189335823059,0.324010968208313,-0.05843067169189453,0.3629559576511383,0.3182646930217743,-0.09292933344841003,0.4590684771537781,0.4272417426109314,-0.01225073542445898,0.3569057583808899,0.4196845293045044,-0.10236495733261108,0.4758525490760803,0.5197010040283203,-0.09793282300233841,0.3697761297225952,0.5010884404182434,-0.2189050167798996,0.482902854681015,0.5497507452964783,-0.12202361971139908,0.3725929856300354,0.5302299857139587,-0.2504904866218567,0.4803916811943054,0.5497493147850037,-0.15279924869537354,0.37842273712158203,0.5226985216140747,-0.2726922631263733,0.47653794288635254,0.5395785570144653,-0.11178938299417496,0.37935855984687805,0.5135601758956909,-0.22991709411144257,0.4397514760494232,0.5172021389007568,0.009135615080595016,0.3951180875301361,0.5283731818199158,-0.009197277948260307,0.4578626751899719,0.6661460995674133,-0.0014525462174788117,0.4104797840118408,0.6789438724517822,-0.025685831904411316,0.48303571343421936,0.8150801062583923,0.09086225181818008,0.42340087890625,0.8315150737762451,0.070157490670681,0.47878924012184143,0.8428220152854919,0.09254156053066254,0.43016624450683594,0.8524091243743896,0.07247109711170197,0.4946381449699402,0.8617428541183472,-0.02329389564692974,0.4202359616756439,0.8749732971191406,-0.0400887057185173
1781515939.3664372,plank,0.4022253155708313,0.23520173132419586,-0.23495659232139587,0.40571489930152893,0.22202199697494507,-0.21947744488716125,0.4084998667240143,0.22218318283557892,-0.21945317089557648,0.4109954833984375,0.22243088483810425,-0.21942289173603058,0.397650808095932,0.22202101349830627,-0.22541217505931854,0.3947931230068207,0.22241978347301483,-0.22543677687644958,0.3922080397605896,0.22308388352394104,-0.225443035364151,0.4135070741176605,0.23041357100009918,-0.11995421350002289,0.38744112849235535,0.23216821253299713,-0.1542290896177292,0.40773096680641174,0.2498571127653122,-0.19706794619560242,0.39655470848083496,0.25124746561050415,-0.20696261525154114,0.44094592332839966,0.3249892294406891,-0.04804369434714317,0.3595012426376343,0.3185516893863678,-0.08759789168834686,0.4552381634712219,0.42671266198158264,-0.006179036106914282,0.3518178164958954,0.419150710105896,-0.09565727412700653,0.4676302373409271,0.5177007913589478,-0.09385190159082413,0.3685843348503113,0.4992372393608093,-0.2110995054244995,0.4743461012840271,0.5459681749343872,-0.11827323585748672,0.3729953467845917,0.5297083854675293,-0.24211211502552032,0.4721582531929016,0.5448862910270691,-0.14941751956939697,0.37950944900512695,0.5216348171234131,-0.2705523669719696,0.4685484766960144,0.5349501967430115,-0.10789383947849274,0.379986435174942,0.512618362903595,-0.2235121726989746,0.4387660622596741,0.5170683264732361,0.010326793417334557,0.3927757143974304,0.527891993522644,-0.01036202721297741,0.4580215811729431,0.6662498712539673,0.00017615966498851776,0.4085176885128021,0.6793801188468933,-0.025696584954857826,0.48209699988365173,0.8144717812538147,0.0918835997581482,0.42272692918777466,0.8305447697639465,0.07152657210826874,0.47776490449905396,0.8422120213508606,0.0934431329369545,0.42965421080589294,0.8502486348152161,0.07363132387399673,0.4945911467075348,0.8615269064903259,-0.02184681035578251,0.42026272416114807,0.8752359747886658,-0.040198590606451035
1781515939.4757242,plank,0.40333324670791626,0.23574993014335632,-0.21964964270591736,0.40638813376426697,0.22263798117637634,-0.2032279670238495,0.408710241317749,0.22284623980522156,-0.20321765542030334,0.4108850955963135,0.22309312224388123,-0.20319657027721405,0.3978217840194702,0.2225460708141327,-0.20887251198291779,0.39470750093460083,0.22285069525241852,-0.20889785885810852,0.39184436202049255,0.22340081632137299,-0.20890143513679504,0.41325730085372925,0.23123838007450104,-0.10171188414096832,0.38621625304222107,0.2322756052017212,-0.1318608820438385,0.4087860584259033,0.25048840045928955,-0.18138298392295837,0.39753279089927673,0.25145965814590454,-0.18999120593070984,0.4392756521701813,0.32566455006599426,-0.03875904157757759,0.35842740535736084,0.31825149059295654,-0.07519740611314774,0.45278292894363403,0.4255808889865875,-0.019039379432797432,0.34802910685539246,0.4166726768016815,-0.09253358095884323,0.465519517660141,0.51197749376297,-0.1297428160905838,0.3663422465324402,0.49633660912513733,-0.21306633949279785,0.47258681058883667,0.5393549203872681,-0.15904855728149414,0.3722119629383087,0.526216983795166,-0.24583613872528076,0.4702698290348053,0.5378547310829163,-0.1879831850528717,0.3785104751586914,0.5172429084777832,-0.2692379653453827,0.4667297303676605,0.5285749435424805,-0.14378264546394348,0.37855371832847595,0.5082299709320068,-0.2245635986328125,0.43799909949302673,0.517025351524353,0.009622853249311447,0.3922111988067627,0.5282334685325623,-0.009645177982747555,0.4581412672996521,0.6666423082351685,-0.0016517171170562506,0.40782031416893005,0.6809364557266235,-0.02482926845550537,0.481893390417099,0.8140879273414612,0.09031949937343597,0.4224453568458557,0.8304548263549805,0.07425306737422943,0.4774896204471588,0.8419762253761292,0.09188330173492432,0.42963171005249023,0.8498589396476746,0.07645577192306519,0.4945538640022278,0.8612024188041687,-0.023647796362638474,0.4199962019920349,0.8754328489303589,-0.03870003670454025
1781515939.6778374,plank,0.4025588929653168,0.23560287058353424,-0.21549689769744873,0.4064258933067322,0.22305738925933838,-0.19857729971408844,0.40920719504356384,0.22325356304645538,-0.19857779145240784,0.4117908477783203,0.22361257672309875,-0.19856369495391846,0.39831894636154175,0.223003089427948,-0.2006825953722,0.3952268362045288,0.2230404168367386,-0.2007000893354416,0.3922692835330963,0.2235770970582962,-0.2006969153881073,0.41570886969566345,0.23189476132392883,-0.097866490483284,0.38804882764816284,0.2323548048734665,-0.10968683660030365,0.4077357351779938,0.2514341175556183,-0.1781773865222931,0.39692550897598267,0.25084373354911804,-0.18185816705226898,0.439805269241333,0.3293341398239136,-0.04049324244260788,0.3612092137336731,0.31737831234931946,-0.0502946563065052,0.4564792215824127,0.42593151330947876,-0.03130530193448067,0.34436121582984924,0.41198426485061646,-0.08717933297157288,0.4674827456474304,0.5040220618247986,-0.15572954714298248,0.3618869483470917,0.4810712933540344,-0.23380449414253235,0.47297558188438416,0.5377607345581055,-0.18896248936653137,0.3685654401779175,0.5068240165710449,-0.2705245018005371,0.47046542167663574,0.535401463508606,-0.2175579071044922,0.3744543194770813,0.49657362699508667,-0.28758931159973145,0.46710604429244995,0.522750198841095,-0.17077843844890594,0.3740432858467102,0.4882154166698456,-0.2438959777355194,0.4339006841182709,0.5174108147621155,0.00519736111164093,0.3877289891242981,0.5290080308914185,-0.005248825065791607,0.45761966705322266,0.657930850982666,-0.022213730961084366,0.4062270522117615,0.6805804967880249,-0.025170650333166122,0.4822353720664978,0.8121243715286255,0.06613409519195557,0.42188674211502075,0.8297179341316223,0.08247105777263641,0.4790012836456299,0.8376412987709045,0.06732220947742462,0.4295726716518402,0.8494203090667725,0.08553788810968399,0.49415960907936096,0.860407829284668,-0.05423341318964958,0.4189690947532654,0.8755021095275879,-0.02907973900437355
1781515939.846389,plank,0.4136683940887451,0.2337547242641449,-0.13568061590194702,0.41833287477493286,0.2222582995891571,-0.11777578294277191,0.42096248269081116,0.22264955937862396,-0.11778546869754791,0.42370229959487915,0.22316673398017883,-0.11780059337615967,0.41038569808006287,0.22215761244297028,-0.11735744774341583,0.4078516960144043,0.22223742306232452,-0.1173628568649292,0.40554672479629517,0.22274936735630035,-0.11731686443090439,0.4279002547264099,0.23128914833068848,-0.01992952451109886,0.4033394753932953,0.23145811259746552,-0.019411586225032806,0.42006856203079224,0.24932411313056946,-0.0998150110244751,0.40984225273132324,0.24901308119297028,-0.09990864992141724,0.45063528418540955,0.3259570598602295,0.012878423556685448,0.37177926301956177,0.31447553634643555,0.05154044181108475,0.4739973545074463,0.41559281945228577,-0.037316225469112396,0.34671568870544434,0.40094974637031555,0.009555412456393242,0.466456800699234,0.42630860209465027,-0.20251688361167908,0.3612825274467468,0.4280380308628082,-0.16739092767238617,0.4587748944759369,0.43763160705566406,-0.24629218876361847,0.368553102016449,0.4425848126411438,-0.2061443328857422,0.45591530203819275,0.4197496175765991,-0.2506635785102844,0.37320810556411743,0.42713597416877747,-0.21823003888130188,0.45664340257644653,0.4152847230434418,-0.20758962631225586,0.37239038944244385,0.42168349027633667,-0.17570069432258606,0.4333495497703552,0.512558102607727,-0.02294093556702137,0.388851135969162,0.5213109254837036,0.02295684441924095,0.4525485634803772,0.650749683380127,-0.09886318445205688,0.40345054864883423,0.6778453588485718,0.015157261863350868,0.4893971383571625,0.8118818402290344,-0.061102159321308136,0.42010799050331116,0.8300052285194397,0.11710621416568756,0.5019270181655884,0.8389322757720947,-0.06372638046741486,0.4280717372894287,0.851816713809967,0.12039656937122345,0.4687747061252594,0.8615965843200684,-0.1880638301372528,0.41766276955604553,0.8755457401275635,0.014988446608185768
1781515940.0175898,plank,0.4224802851676941,0.23328696191310883,-0.14202174544334412,0.4269050061702728,0.22199493646621704,-0.1253492832183838,0.42962783575057983,0.22228895127773285,-0.12535496056079865,0.43254509568214417,0.22276076674461365,-0.12536883354187012,0.4192279279232025,0.22153423726558685,-0.12428651005029678,0.4167700707912445,0.22154727578163147,-0.12429402023553848,0.4141475558280945,0.22209212183952332,-0.12423236668109894,0.437771737575531,0.23094864189624786,-0.028036857023835182,0.4115198254585266,0.2307688444852829,-0.02271365374326706,0.4279310703277588,0.24876894056797028,-0.10543060302734375,0.4187599718570709,0.24867995083332062,-0.10422203689813614,0.45994076132774353,0.3213179409503937,0.00313029857352376,0.3811541199684143,0.312852680683136,0.05851279944181442,0.4874498248100281,0.4051872789859772,-0.06532984226942062,0.34831759333610535,0.39640697836875916,0.007212857250124216,0.4582040309906006,0.40224936604499817,-0.2328193634748459,0.36207813024520874,0.41017866134643555,-0.18141959607601166,0.4477955400943756,0.4132174253463745,-0.2756858766078949,0.36992400884628296,0.4221729338169098,-0.2185351401567459,0.44107985496520996,0.39935675263404846,-0.27300018072128296,0.3746354281902313,0.40783438086509705,-0.22896817326545715,0.44307446479797363,0.39434853196144104,-0.23402360081672668,0.37423521280288696,0.4019329845905304,-0.1886497586965561,0.4358000159263611,0.5097382068634033,-0.034815289080142975,0.38986700773239136,0.5176747441291809,0.03481581062078476,0.45251742005348206,0.651606559753418,-0.11919672787189484,0.40438923239707947,0.6732824444770813,0.030359962955117226,0.4934738576412201,0.8170619606971741,-0.08942123502492905,0.42024797201156616,0.8320184350013733,0.1215183362364769,0.5038326382637024,0.8446072340011597,-0.09241432696580887,0.4281759262084961,0.8550050258636475,0.12387408316135406,0.46810978651046753,0.8648998737335205,-0.21612176299095154,0.41204729676246643,0.8763596415519714,0.021870985627174377
1781515940.1945512,plank,0.4406363070011139,0.22003696858882904,-0.13159441947937012,0.4456270635128021,0.20910148322582245,-0.11383877694606781,0.4489089548587799,0.21001116931438446,-0.11386199295520782,0.45190054178237915,0.21108511090278625,-0.11386711895465851,0.43728119134902954,0.20762354135513306,-0.11143384128808975,0.4349301755428314,0.20760762691497803,-0.11144403368234634,0.432307630777359,0.20776134729385376,-0.11137370765209198,0.45631831884384155,0.22032181918621063,-0.01676114834845066,0.4307451844215393,0.2180565446615219,-0.005138389766216278,0.4461858868598938,0.23962260782718658,-0.09593258798122406,0.43619242310523987,0.2376011312007904,-0.09291309863328934,0.47504574060440063,0.3042271137237549,-0.01002033893018961,0.4006877541542053,0.3069494366645813,0.07547187805175781,0.496518611907959,0.39118486642837524,-0.09076210856437683,0.37895846366882324,0.3951457440853119,0.010819966904819012,0.446796178817749,0.39011818170547485,-0.2435445785522461,0.3805259168148041,0.41147473454475403,-0.20119604468345642,0.432565838098526,0.4061953127384186,-0.2892107665538788,0.38090699911117554,0.42242059111595154,-0.2559298276901245,0.4253092408180237,0.39228662848472595,-0.28957098722457886,0.38419783115386963,0.4100073575973511,-0.26064005494117737,0.4277380108833313,0.38614344596862793,-0.24577978253364563,0.38555532693862915,0.40495651960372925,-0.21111111342906952,0.45042648911476135,0.5032902359962463,-0.042914874851703644,0.4107900559902191,0.5086592435836792,0.04291967675089836,0.460397869348526,0.6518638730049133,-0.09210117161273956,0.4119721055030823,0.6670351028442383,0.02164861559867859,0.49407586455345154,0.8211814165115356,-0.031705573201179504,0.42089587450027466,0.8326948285102844,0.10750869661569595,0.5021642446517944,0.8465887308120728,-0.03193025663495064,0.42830127477645874,0.8565238118171692,0.1106659546494484,0.46963953971862793,0.8647025227546692,-0.15171118080615997,0.4123690724372864,0.8760759830474854,0.0039196014404296875
1781515940.3165405,plank,0.44174203276634216,0.2147786021232605,-0.13206110894680023,0.44689565896987915,0.20317503809928894,-0.11447016149759293,0.4499075412750244,0.20395538210868835,-0.11448923498392105,0.45305585861206055,0.20490238070487976,-0.1144920364022255,0.4393492639064789,0.20223069190979004,-0.11223968118429184,0.43700122833251953,0.20247553288936615,-0.11224588006734848,0.4342673718929291,0.20294180512428284,-0.11217473447322845,0.45918458700180054,0.21551743149757385,-0.018240634351968765,0.4318819046020508,0.21403823792934418,-0.007137330714613199,0.44651705026626587,0.23452875018119812,-0.09661135822534561,0.4374827444553375,0.23250609636306763,-0.09373997151851654,0.47826290130615234,0.30203691124916077,-0.009850205853581429,0.40412211418151855,0.30493637919425964,0.07019655406475067,0.4974396824836731,0.3928176164627075,-0.08753710985183716,0.3829481601715088,0.39191770553588867,0.010369323194026947,0.4463978707790375,0.39288753271102905,-0.2415320873260498,0.38676875829696655,0.41281402111053467,-0.18891039490699768,0.43318042159080505,0.408925324678421,-0.2877299189567566,0.3866605758666992,0.42585110664367676,-0.2381988763809204,0.42561668157577515,0.3957088589668274,-0.2886030077934265,0.3905400335788727,0.41409531235694885,-0.2475576102733612,0.4283454418182373,0.38993436098098755,-0.2440004050731659,0.3922177851200104,0.4088832437992096,-0.19923077523708344,0.4548005163669586,0.5019682049751282,-0.04098370298743248,0.41521844267845154,0.5075687170028687,0.040985576808452606,0.464435338973999,0.6522833704948425,-0.0888824388384819,0.41503778100013733,0.6662923693656921,0.019324040040373802,0.49410825967788696,0.8215327858924866,-0.024600502103567123,0.42190685868263245,0.8326808214187622,0.1056022047996521,0.5016839504241943,0.8465447425842285,-0.024609748274087906,0.42898067831993103,0.857029139995575,0.10938210785388947,0.46974992752075195,0.8646218776702881,-0.14641007781028748,0.4122750759124756,0.8760768175125122,0.001428587595000863
1781515940.425817,plank,0.44765615463256836,0.2090972512960434,-0.14965340495109558,0.452483594417572,0.19726979732513428,-0.13321056962013245,0.45564770698547363,0.19800341129302979,-0.13322517275810242,0.458892822265625,0.1988758146762848,-0.1332290768623352,0.44447460770606995,0.19638723134994507,-0.1308097541332245,0.4418374001979828,0.19648556411266327,-0.1308189034461975,0.4388332962989807,0.19688385725021362,-0.13076117634773254,0.4648474156856537,0.20943492650985718,-0.02924983575940132,0.43629902601242065,0.20756936073303223,-0.024646280333399773,0.4520626962184906,0.2296372354030609,-0.11409489810466766,0.44285184144973755,0.22764430940151215,-0.1108301654458046,0.48488157987594604,0.29847463965415955,-0.04087240621447563,0.41187578439712524,0.30014050006866455,0.06342587620019913,0.4996058940887451,0.3951800465583801,-0.1005738228559494,0.3980770707130432,0.39087024331092834,0.01610240712761879,0.44805580377578735,0.3949887454509735,-0.22859911620616913,0.39809781312942505,0.415341854095459,-0.1799440234899521,0.43903374671936035,0.4228200316429138,-0.2710902988910675,0.39625683426856995,0.43165165185928345,-0.2238299548625946,0.43266797065734863,0.3963194191455841,-0.27650538086891174,0.39977186918258667,0.42070990800857544,-0.24011579155921936,0.4346349835395813,0.3903343081474304,-0.23294639587402344,0.4017276167869568,0.4148118793964386,-0.19242824614048004,0.46035486459732056,0.5008257627487183,-0.051592350006103516,0.4216431975364685,0.5049512386322021,0.05160105228424072,0.4684641361236572,0.6525084376335144,-0.08914710581302643,0.4183155596256256,0.6662831902503967,0.029086744412779808,0.494159460067749,0.8217955827713013,-0.01787073165178299,0.4235076308250427,0.832951545715332,0.1150243878364563,0.5011930465698242,0.8464957475662231,-0.017788490280508995,0.4307771325111389,0.8587178587913513,0.11662836372852325,0.4701799750328064,0.8649461269378662,-0.13922515511512756,0.40508779883384705,0.8765329718589783,0.018337706103920937
1781515940.5338075,plank,0.45205792784690857,0.2055710256099701,-0.1197676807641983,0.4568915367126465,0.19303323328495026,-0.10778627544641495,0.4599098563194275,0.19354364275932312,-0.10781395435333252,0.463218629360199,0.19413164258003235,-0.10782919824123383,0.44895559549331665,0.19267868995666504,-0.09998282045125961,0.44597405195236206,0.192931666970253,-0.09996902197599411,0.44306907057762146,0.1934395283460617,-0.09988759458065033,0.4696391522884369,0.20246034860610962,-0.028706366196274757,0.44077450037002563,0.20267973840236664,0.005413415841758251,0.4569269120693207,0.22525537014007568,-0.0905526652932167,0.447953999042511,0.22440758347511292,-0.08044996857643127,0.4925706386566162,0.29646462202072144,-0.036851320415735245,0.41923588514328003,0.29621627926826477,0.09925531595945358,0.5040704607963562,0.396599143743515,-0.07189863175153732,0.407961905002594,0.3855198323726654,0.06460490822792053,0.48004788160324097,0.4575154483318329,-0.1454142928123474,0.40039753913879395,0.4178420603275299,-0.1273508071899414,0.47474202513694763,0.49179497361183167,-0.18070575594902039,0.3943643569946289,0.4329349100589752,-0.1658194363117218,0.4686206877231598,0.47887659072875977,-0.195708766579628,0.3975900113582611,0.4290163218975067,-0.1873832643032074,0.46874457597732544,0.46916458010673523,-0.15172484517097473,0.4010605812072754,0.4232657551765442,-0.1421084702014923,0.4680898189544678,0.497843861579895,-0.05757342651486397,0.42822784185409546,0.5009060502052307,0.057625479996204376,0.4717903733253479,0.6515478491783142,-0.10136251151561737,0.4231092929840088,0.661611795425415,0.029433036223053932,0.4957682192325592,0.822288453578949,-0.035622745752334595,0.42586326599121094,0.8330608606338501,0.10100193321704865,0.5033495426177979,0.8472626805305481,-0.03629743307828903,0.4337897300720215,0.8596404194831848,0.09881491959095001,0.4695776402950287,0.8649483323097229,-0.1470501720905304,0.39185062050819397,0.8725476861000061,0.011550799943506718
1781515940.6341598,plank,0.4528478980064392,0.2049088329076767,-0.11681703478097916,0.4583110809326172,0.19159908592700958,-0.10522320121526718,0.4612709581851959,0.19201859831809998,-0.10525102913379669,0.4646326005458832,0.19261743128299713,-0.10527174174785614,0.44963449239730835,0.19155527651309967,-0.09704712778329849,0.4465622305870056,0.19210746884346008,-0.09703077375888824,0.4437684416770935,0.19289232790470123,-0.09694553911685944,0.4713088870048523,0.20157352089881897,-0.029624316841363907,0.441864013671875,0.20210660994052887,0.007579004857689142,0.45835232734680176,0.22384116053581238,-0.08822368830442429,0.44782114028930664,0.22380852699279785,-0.07760430872440338,0.4943564832210541,0.2958186864852905,-0.03695809096097946,0.42118901014328003,0.29560765624046326,0.10056469589471817,0.5053954124450684,0.397475928068161,-0.06496027857065201,0.4087643623352051,0.3831234872341156,0.07130484282970428,0.4825790822505951,0.468201220035553,-0.13661125302314758,0.4000318646430969,0.41898825764656067,-0.10809490829706192,0.4773276448249817,0.5005794763565063,-0.17078404128551483,0.3947024941444397,0.43503573536872864,-0.1437075138092041,0.4709238111972809,0.4894407093524933,-0.1865644007921219,0.3982961177825928,0.4360133707523346,-0.1637754887342453,0.4711396098136902,0.4794468283653259,-0.14289437234401703,0.4020862579345703,0.4298810660839081,-0.12172923982143402,0.46906834840774536,0.49785253405570984,-0.057309530675411224,0.42926082015037537,0.4995623230934143,0.057361453771591187,0.47371038794517517,0.6514114141464233,-0.10198414325714111,0.4252265989780426,0.6623508930206299,0.03356418013572693,0.49612435698509216,0.8222988843917847,-0.040724437683820724,0.42657238245010376,0.8331174850463867,0.1010131984949112,0.5034645795822144,0.8474556803703308,-0.041932232677936554,0.43445420265197754,0.8595624566078186,0.0991104394197464,0.46991100907325745,0.8653271794319153,-0.15368443727493286,0.39026692509651184,0.8708896040916443,0.01002960093319416
1781515940.7380915,plank,0.4537509083747864,0.20469190180301666,-0.13188403844833374,0.45921024680137634,0.19005031883716583,-0.11951567232608795,0.46227699518203735,0.19015222787857056,-0.11954215914011002,0.46518516540527344,0.19048309326171875,-0.11956195533275604,0.4504067897796631,0.19062885642051697,-0.11239920556545258,0.44769540429115295,0.19133488833904266,-0.11238215118646622,0.44526800513267517,0.19231891632080078,-0.11230335384607315,0.47103890776634216,0.19788450002670288,-0.0411405935883522,0.443911075592041,0.20104020833969116,-0.005638898815959692,0.4602610468864441,0.22199079394340515,-0.10140611231327057,0.4496918320655823,0.22304514050483704,-0.09196780622005463,0.497363418340683,0.2934603691101074,-0.0537092462182045,0.42397579550743103,0.29455456137657166,0.09608123451471329,0.513626217842102,0.39701560139656067,-0.0760631263256073,0.4100702702999115,0.3821805417537689,0.0866910070180893,0.5038811564445496,0.4875642657279968,-0.16299748420715332,0.39654219150543213,0.434926301240921,-0.07894205302000046,0.5041641592979431,0.5202389359474182,-0.1992785781621933,0.39278101921081543,0.45380640029907227,-0.11100029945373535,0.49543604254722595,0.5136162042617798,-0.2157665193080902,0.39816123247146606,0.4516974985599518,-0.13665679097175598,0.49309420585632324,0.5029686689376831,-0.17058782279491425,0.39936456084251404,0.44588199257850647,-0.09461309015750885,0.4722847044467926,0.4955125153064728,-0.06241771578788757,0.43370628356933594,0.4968559741973877,0.06247974559664726,0.4755656123161316,0.6514895558357239,-0.11383573710918427,0.428419828414917,0.6585186123847961,0.03104853257536888,0.4968964159488678,0.8228669166564941,-0.05468490719795227,0.4289461076259613,0.8331124186515808,0.09070442616939545,0.5035461187362671,0.8484278321266174,-0.05628140643239021,0.4380236268043518,0.8595765233039856,0.08793000131845474,0.47012266516685486,0.8652950525283813,-0.17154517769813538,0.39060381054878235,0.8666939735412598,-0.00047797197476029396
1781515940.8498986,plank,0.4532119631767273,0.20592142641544342,-0.1379852592945099,0.45846056938171387,0.19045257568359375,-0.12222115695476532,0.4618787169456482,0.1903349608182907,-0.12221546471118927,0.46498650312423706,0.19042064249515533,-0.12218449264764786,0.44955340027809143,0.19160345196723938,-0.11901681125164032,0.44691500067710876,0.19231556355953217,-0.11900697648525238,0.44443511962890625,0.19332830607891083,-0.1189362183213234,0.4708949029445648,0.19766907393932343,-0.05263214185833931,0.4436197280883789,0.2017214596271515,-0.012080250307917595,0.460498571395874,0.22259274125099182,-0.10409394651651382,0.4495263993740082,0.2237718403339386,-0.09849997609853745,0.49931153655052185,0.2928660809993744,-0.05335773900151253,0.42572107911109924,0.2931920886039734,0.08757628500461578,0.5150278210639954,0.3968394696712494,-0.07251865416765213,0.41196680068969727,0.38051638007164,0.08410515636205673,0.5109431743621826,0.49232596158981323,-0.1534913331270218,0.39766761660575867,0.4459061920642853,-0.07242365926504135,0.5122120976448059,0.524962306022644,-0.18851637840270996,0.3923388421535492,0.46833276748657227,-0.10417617857456207,0.5038778781890869,0.5206941962242126,-0.21113362908363342,0.3961441218852997,0.4662122130393982,-0.13080719113349915,0.500900149345398,0.5108910202980042,-0.16335099935531616,0.3981735110282898,0.459237664937973,-0.08825597167015076,0.47486749291419983,0.4949624240398407,-0.05960456281900406,0.4356589913368225,0.49541324377059937,0.05967599153518677,0.4762515425682068,0.6518898606300354,-0.11002805083990097,0.43141642212867737,0.6589824557304382,0.03226737305521965,0.49660515785217285,0.8230677247047424,-0.046553269028663635,0.43191438913345337,0.8324695229530334,0.0922025516629219,0.5034149885177612,0.8486295938491821,-0.047959886491298676,0.4422614574432373,0.8593390583992004,0.09093182533979416,0.46829748153686523,0.8648688197135925,-0.16559463739395142,0.39308902621269226,0.8661782145500183,-0.0005963040748611093
1781515941.0249314,plank,0.45022106170654297,0.20515666902065277,-0.18116198480129242,0.45510703325271606,0.19013194739818573,-0.1721666008234024,0.4583345055580139,0.1899714320898056,-0.17220045626163483,0.46162182092666626,0.19007942080497742,-0.1722380667924881,0.4463922381401062,0.19127905368804932,-0.16338714957237244,0.4437848925590515,0.19195616245269775,-0.1633688360452652,0.4415028691291809,0.1928727626800537,-0.16332080960273743,0.4674936830997467,0.1968655288219452,-0.10146663337945938,0.4403972625732422,0.2008928507566452,-0.058210812509059906,0.45702704787254333,0.22158463299274445,-0.15290741622447968,0.44624119997024536,0.2218824177980423,-0.14087669551372528,0.4952889382839203,0.29135894775390625,-0.09554795920848846,0.4212980270385742,0.2914073169231415,0.046267829835414886,0.5109953284263611,0.3957393169403076,-0.09488843381404877,0.4135822355747223,0.38901516795158386,0.08681503683328629,0.5046702027320862,0.49125373363494873,-0.14431115984916687,0.40988025069236755,0.49050140380859375,0.00040696756332181394,0.5063681602478027,0.5236631035804749,-0.19124729931354523,0.4073808193206787,0.5233415365219116,-0.021921878680586815,0.49811291694641113,0.5184699296951294,-0.21522152423858643,0.4102643132209778,0.5223537087440491,-0.05163838341832161,0.4957815706729889,0.5081846714019775,-0.16201148927211761,0.41321125626564026,0.5123658776283264,-0.014376183040440083,0.4749510884284973,0.49234750866889954,-0.0578082799911499,0.4349265694618225,0.49392426013946533,0.05786649510264397,0.47846078872680664,0.6520218253135681,-0.11055644601583481,0.43481582403182983,0.6590582728385925,0.04538753628730774,0.49626222252845764,0.8219508528709412,-0.03396475687623024,0.4331394135951996,0.8298901915550232,0.12478842586278915,0.5028664469718933,0.847447395324707,-0.03432892635464668,0.4451681673526764,0.8591671586036682,0.12442412227392197,0.46589604020118713,0.8637450933456421,-0.15080729126930237,0.39441099762916565,0.8655694127082825,0.02973167970776558
1781515941.204832,plank,0.4480995535850525,0.20203223824501038,-0.19162358343601227,0.4528893530368805,0.1876160055398941,-0.18234938383102417,0.4566534161567688,0.18729953467845917,-0.1823909431695938,0.4603058397769928,0.18736347556114197,-0.18242892622947693,0.44425082206726074,0.18925662338733673,-0.17420443892478943,0.44120901823043823,0.1901349425315857,-0.1741887778043747,0.4390474259853363,0.19110698997974396,-0.17415259778499603,0.4656486511230469,0.19501139223575592,-0.11183726787567139,0.4379146695137024,0.19991934299468994,-0.0724162608385086,0.4555574357509613,0.21981866657733917,-0.1638755202293396,0.4445886015892029,0.21948117017745972,-0.15270939469337463,0.49267667531967163,0.28945595026016235,-0.11196504533290863,0.41831284761428833,0.29326361417770386,0.03245120868086815,0.5094809532165527,0.3953765034675598,-0.1215188130736351,0.41467732191085815,0.4035344123840332,0.07999417185783386,0.4990738332271576,0.48906317353248596,-0.19557125866413116,0.41279107332229614,0.5032979249954224,-0.0037027362268418074,0.4987958073616028,0.521896481513977,-0.2294665277004242,0.40943509340286255,0.5351704359054565,-0.023809488862752914,0.49115052819252014,0.5168377757072449,-0.2516002655029297,0.41197267174720764,0.5342255234718323,-0.05396144464612007,0.4891863465309143,0.5076744556427002,-0.2048102170228958,0.41519156098365784,0.523859441280365,-0.01842319220304489,0.4762272238731384,0.4952036142349243,-0.05988028645515442,0.4354166090488434,0.4988177716732025,0.05993945151567459,0.4795141816139221,0.6532602310180664,-0.10569523274898529,0.43609970808029175,0.6605561375617981,0.0583849735558033,0.4960745871067047,0.8193779587745667,-0.027625763788819313,0.4329319894313812,0.8288958072662354,0.15072262287139893,0.5038081407546997,0.8440559506416321,-0.027954548597335815,0.444387286901474,0.8589309453964233,0.15174932777881622,0.4662539064884186,0.8640954494476318,-0.1433136761188507,0.3931325078010559,0.8661494851112366,0.061344631016254425
1781515941.395884,plank,0.44672879576683044,0.20055696368217468,-0.12285004556179047,0.45117273926734924,0.18653824925422668,-0.1130511537194252,0.45537346601486206,0.18632538616657257,-0.11310484260320663,0.459216833114624,0.1865534633398056,-0.11314576864242554,0.44291505217552185,0.18803094327449799,-0.10398896783590317,0.43972525000572205,0.1889600306749344,-0.10394848883152008,0.4374677538871765,0.18999846279621124,-0.1039113849401474,0.4651290774345398,0.19500607252120972,-0.04764499515295029,0.43642836809158325,0.1995716691017151,-0.003786935005337,0.4554140567779541,0.21900980174541473,-0.09766639769077301,0.4435521960258484,0.2183101922273636,-0.085175059735775,0.4915337562561035,0.28713393211364746,-0.06934928894042969,0.41706952452659607,0.294637531042099,0.08653827011585236,0.5085208415985107,0.3937722444534302,-0.1011420488357544,0.41420602798461914,0.40708833932876587,0.12331242859363556,0.49640989303588867,0.48496192693710327,-0.19016805291175842,0.4097505509853363,0.5016300082206726,0.038432732224464417,0.4955935478210449,0.5164436101913452,-0.2235385626554489,0.40555986762046814,0.5333431959152222,0.016386477276682854,0.48821425437927246,0.5104514360427856,-0.24273189902305603,0.40821877121925354,0.5325483679771423,-0.012555420398712158,0.48655447363853455,0.5014913082122803,-0.1983407735824585,0.41124480962753296,0.5233254432678223,0.023639395833015442,0.47504672408103943,0.49775055050849915,-0.05844210833311081,0.43474459648132324,0.5031778216362,0.05853722244501114,0.47973766922950745,0.6538785099983215,-0.11035213619470596,0.4358111321926117,0.661596953868866,0.04946491867303848,0.4959407448768616,0.8189658522605896,-0.0376330241560936,0.4331311583518982,0.8288166522979736,0.127311110496521,0.5035098195075989,0.8439581990242004,-0.03749905899167061,0.44452959299087524,0.8585664629936218,0.12717589735984802,0.46880704164505005,0.8639482855796814,-0.14449965953826904,0.39320430159568787,0.8664599061012268,0.036137502640485764
1781515941.5832782,plank,0.445585161447525,0.20056840777397156,-0.09103336185216904,0.4498963952064514,0.18698567152023315,-0.07984133064746857,0.4539996087551117,0.18689051270484924,-0.07988215982913971,0.4578379690647125,0.18716491758823395,-0.07991515845060349,0.44223541021347046,0.18834595382213593,-0.0720105692744255,0.43929043412208557,0.1892344355583191,-0.07196442782878876,0.4369782507419586,0.19026225805282593,-0.07189790904521942,0.46472787857055664,0.1956557333469391,-0.010953355580568314,0.4362163543701172,0.19991226494312286,0.026760030537843704,0.4543952941894531,0.21897074580192566,-0.06509136408567429,0.44292035698890686,0.2182541787624359,-0.054348818957805634,0.49116525053977966,0.286682665348053,-0.01968001388013363,0.4164944291114807,0.29478776454925537,0.10766436904668808,0.5077029466629028,0.3886348009109497,-0.05714479833841324,0.4091057777404785,0.3975418508052826,0.13062825798988342,0.493630975484848,0.44148778915405273,-0.15049505233764648,0.39637961983680725,0.47920796275138855,0.03291071951389313,0.48920688033103943,0.459821879863739,-0.1849663257598877,0.39028695225715637,0.501984715461731,0.007757327053695917,0.4838387966156006,0.44516193866729736,-0.20024338364601135,0.3921751379966736,0.49821409583091736,-0.01809239387512207,0.4833427369594574,0.4382992088794708,-0.15752461552619934,0.39632681012153625,0.490045428276062,0.018535558134317398,0.4731985032558441,0.49711066484451294,-0.056152839213609695,0.43327218294143677,0.5024614334106445,0.05626692622900009,0.4789651930332184,0.65401691198349,-0.10414774715900421,0.43476709723472595,0.6604486107826233,0.02184600755572319,0.4958476126194,0.8187822699546814,-0.04627791419625282,0.43302831053733826,0.8287597894668579,0.07483407109975815,0.5029515624046326,0.843998908996582,-0.04711803048849106,0.4442991316318512,0.8581680059432983,0.07251282036304474,0.4693089425563812,0.8638522028923035,-0.1468932032585144,0.3933485746383667,0.8665656447410583,-0.015993323177099228
1781515941.7715116,plank,0.445295512676239,0.20133358240127563,-0.09733123332262039,0.4498051702976227,0.18806539475917816,-0.08457775413990021,0.4538002014160156,0.1880117803812027,-0.08461065590381622,0.4575515389442444,0.18828561902046204,-0.08464041352272034,0.4419948160648346,0.1892189234495163,-0.07858197391033173,0.4392395615577698,0.189932718873024,-0.07855764031410217,0.4368041157722473,0.19083014130592346,-0.07852649688720703,0.46430259943008423,0.19720153510570526,-0.006164503749459982,0.4362185001373291,0.20069453120231628,0.021454347297549248,0.45406708121299744,0.2191130816936493,-0.06803826242685318,0.4425187110900879,0.2184542715549469,-0.060171257704496384,0.4910808503627777,0.29009008407592773,-0.0003673341416288167,0.41565030813217163,0.2940259575843811,0.09752841293811798,0.4993510842323303,0.40184542536735535,-0.11061684042215347,0.4021555483341217,0.38892674446105957,0.0891592726111412,0.4935305714607239,0.3366658091545105,-0.28887253999710083,0.39009061455726624,0.45089730620384216,-0.04363110661506653,0.4984006881713867,0.32003751397132874,-0.3302973806858063,0.38488203287124634,0.47036996483802795,-0.06894472986459732,0.49893054366111755,0.3092183768749237,-0.3330477774143219,0.3855605125427246,0.464368611574173,-0.09086283296346664,0.49528875946998596,0.31310391426086426,-0.2947613000869751,0.3890674114227295,0.45757773518562317,-0.05695938318967819,0.47098857164382935,0.4903574585914612,-0.05355111509561539,0.430308997631073,0.4980122745037079,0.053584884852170944,0.4782838821411133,0.6530981659889221,-0.11279650777578354,0.43431562185287476,0.6592051386833191,0.014837394468486309,0.49579232931137085,0.8188785910606384,-0.07404111325740814,0.4329085946083069,0.8288542628288269,0.06806505471467972,0.5032027959823608,0.8441999554634094,-0.07557042688131332,0.444101482629776,0.8582115173339844,0.0661432296037674,0.46879488229751587,0.8638467788696289,-0.18323907256126404,0.3931484818458557,0.8666574954986572,-0.024862825870513916
1781515941.9428506,plank,0.4538576006889343,0.2118440568447113,-0.03175956755876541,0.45858630537986755,0.2000475525856018,-0.01736121065914631,0.46125516295433044,0.2000221461057663,-0.01737363636493683,0.46383923292160034,0.2000940591096878,-0.01735670678317547,0.4508938789367676,0.19859068095684052,-0.011430812999606133,0.4487403929233551,0.19780761003494263,-0.011411217972636223,0.44676581025123596,0.19714507460594177,-0.011410986073315144,0.4666368365287781,0.20535852015018463,0.05497344210743904,0.4442535936832428,0.2023523896932602,0.08160064369440079,0.46004167199134827,0.2251911163330078,-0.004832547158002853,0.44956302642822266,0.22180300951004028,0.002492754254490137,0.4884355664253235,0.2893471121788025,0.021508989855647087,0.4157162606716156,0.29108187556266785,0.13800981640815735,0.4820233881473541,0.29276010394096375,-0.12333419173955917,0.39600634574890137,0.37620294094085693,0.11340472847223282,0.44824013113975525,0.19254979491233826,-0.2684870958328247,0.39095339179039,0.44295719265937805,0.0025297023821622133,0.43741053342819214,0.17104491591453552,-0.3098343014717102,0.38493612408638,0.4660704731941223,-0.01951487548649311,0.4372228682041168,0.16609711945056915,-0.30119842290878296,0.39152008295059204,0.46260926127433777,-0.035389237105846405,0.4402833878993988,0.17390276491641998,-0.26950210332870483,0.3931645452976227,0.4541972577571869,-0.007539874408394098,0.4692153036594391,0.4842708110809326,-0.050292033702135086,0.42658910155296326,0.49099791049957275,0.05029613524675369,0.4767634868621826,0.6501089930534363,-0.12509436905384064,0.43347102403640747,0.6581966876983643,-0.0016428811941295862,0.49510860443115234,0.8187382817268372,-0.09980855137109756,0.4328590929508209,0.8288927674293518,0.03151656687259674,0.5026442408561707,0.8444640040397644,-0.10293202102184296,0.444200336933136,0.8584110736846924,0.028713027015328407,0.4687402844429016,0.8640776872634888,-0.21564097702503204,0.39308398962020874,0.8670634627342224,-0.0648593157529831
1781515942.114431,plank,0.45424598455429077,0.21397601068019867,-0.013337628915905952,0.4583372473716736,0.20172744989395142,-0.0038280889857560396,0.4613373875617981,0.20184054970741272,-0.0038242582231760025,0.46416202187538147,0.2020696997642517,-0.0037552732974290848,0.4506564140319824,0.200795978307724,0.008380405604839325,0.44867223501205444,0.20038698613643646,0.008356258273124695,0.44683799147605896,0.20006629824638367,0.008347539231181145,0.4669407904148102,0.2088295817375183,0.043991949409246445,0.44753366708755493,0.20646889507770538,0.09905478358268738,0.45951133966445923,0.2282034307718277,0.0033381800167262554,0.45046234130859375,0.22627942264080048,0.019401686266064644,0.48786085844039917,0.28319743275642395,-0.0036748263519257307,0.4159356653690338,0.29154282808303833,0.14027442038059235,0.46201053261756897,0.2558325529098511,-0.1611950695514679,0.39552363753318787,0.37328147888183594,0.08765853196382523,0.4026382565498352,0.2355908304452896,-0.24995899200439453,0.3929573595523834,0.4468277096748352,-0.06682641804218292,0.3855869174003601,0.24124988913536072,-0.2881014049053192,0.39204782247543335,0.4718603491783142,-0.09979147464036942,0.38339662551879883,0.2390822470188141,-0.2858937680721283,0.3983197510242462,0.4682213366031647,-0.11089865118265152,0.38909202814102173,0.23966005444526672,-0.260713666677475,0.39893829822540283,0.45910733938217163,-0.07614840567111969,0.4683156907558441,0.4838847219944,-0.055672042071819305,0.42596501111984253,0.4901583790779114,0.05549914389848709,0.4760741591453552,0.6486061811447144,-0.12826544046401978,0.4328291416168213,0.6569505929946899,0.0016385617200285196,0.4949360489845276,0.8186126947402954,-0.09562365710735321,0.4325244426727295,0.8296918272972107,0.03856504708528519,0.5028022527694702,0.844752848148346,-0.09836877882480621,0.4441416263580322,0.8594657778739929,0.036031387746334076,0.46713384985923767,0.8643630146980286,-0.20957119762897491,0.3921675384044647,0.8678755164146423,-0.055129606276750565
1781515942.2715642,plank,0.4523102343082428,0.21355201303958893,0.037148602306842804,0.45771223306655884,0.20041467249393463,0.052067965269088745,0.4611162543296814,0.2014068365097046,0.052050698548555374,0.46437492966651917,0.2015194296836853,0.052084676921367645,0.4495921730995178,0.1983737349510193,0.06084548681974411,0.44750508666038513,0.19802623987197876,0.06084141880273819,0.4455562233924866,0.19786052405834198,0.06086931377649307,0.4705916941165924,0.2083730697631836,0.11134649813175201,0.4465898871421814,0.20589035749435425,0.15190301835536957,0.4582786560058594,0.22771987318992615,0.05769231170415878,0.44936633110046387,0.22600655257701874,0.06915633380413055,0.4857645034790039,0.27963927388191223,0.04350481182336807,0.41592931747436523,0.2980780601501465,0.19400104880332947,0.44959139823913574,0.28370222449302673,-0.057709597051143646,0.39673182368278503,0.3752724230289459,0.1484823375940323,0.3961718678474426,0.2869909703731537,-0.1000521183013916,0.3939759135246277,0.4478496015071869,0.025884632021188736,0.3837732672691345,0.2944506108760834,-0.13144591450691223,0.3942462205886841,0.47362619638442993,-0.0014057456282898784,0.38181188702583313,0.28950437903404236,-0.12541252374649048,0.3992861807346344,0.4703402519226074,-0.01238868199288845,0.38649263978004456,0.2891264855861664,-0.09909124672412872,0.3998437523841858,0.4610660970211029,0.01699766330420971,0.46738243103027344,0.48326143622398376,-0.058516692370176315,0.42621612548828125,0.4901876151561737,0.05834560468792915,0.4758029878139496,0.6459213495254517,-0.1263943314552307,0.43217983841896057,0.6565678119659424,0.016880718991160393,0.4947052001953125,0.8176130652427673,-0.10941854864358902,0.43237680196762085,0.8299306035041809,0.03888709470629692,0.5029852390289307,0.8433158993721008,-0.11287637054920197,0.44411134719848633,0.8599229454994202,0.03623061254620552,0.4662381708621979,0.8643953800201416,-0.21877804398536682,0.39173945784568787,0.8684942722320557,-0.05723617598414421
1781515942.3970501,plank,0.451524019241333,0.21276134252548218,0.03166617825627327,0.457773357629776,0.19953210651874542,0.04748734086751938,0.4614763855934143,0.2007659524679184,0.04746309667825699,0.4647645354270935,0.20100492238998413,0.04749336093664169,0.4491203725337982,0.1970822811126709,0.05578037351369858,0.4469081461429596,0.19691431522369385,0.05577923730015755,0.44484075903892517,0.19698022305965424,0.05581235885620117,0.4712771475315094,0.20811888575553894,0.11008775234222412,0.44568005204200745,0.20578917860984802,0.148305743932724,0.4580175280570984,0.22750915586948395,0.053351014852523804,0.4486831724643707,0.2258622646331787,0.06412586569786072,0.4855331480503082,0.2806146442890167,0.042519461363554,0.4159108102321625,0.30170074105262756,0.1915208101272583,0.45024484395980835,0.29238787293434143,-0.0610508918762207,0.39820876717567444,0.38148850202560425,0.1399099975824356,0.39527663588523865,0.29480865597724915,-0.11710282415151596,0.3941403031349182,0.4514409899711609,0.027033844962716103,0.3828849196434021,0.30172884464263916,-0.15121756494045258,0.39326128363609314,0.4758838713169098,-0.013989944942295551,0.3806156516075134,0.29748010635375977,-0.14568732678890228,0.39669275283813477,0.4729345440864563,-0.019471514970064163,0.3852597177028656,0.2969438433647156,-0.11653199046850204,0.3981662094593048,0.46427205204963684,0.01793445274233818,0.46761155128479004,0.48327377438545227,-0.0581878200173378,0.4265863299369812,0.49055418372154236,0.05804245546460152,0.47628942131996155,0.6457831263542175,-0.12503254413604736,0.43233251571655273,0.6568514704704285,0.021267719566822052,0.4946109354496002,0.8172216415405273,-0.10468002408742905,0.43231791257858276,0.8299941420555115,0.04452360048890114,0.5034281015396118,0.8427391052246094,-0.10804927349090576,0.44407549500465393,0.860131561756134,0.04195893928408623,0.46532973647117615,0.8644059300422668,-0.2170161008834839,0.3917379081249237,0.8688057661056519,-0.0465647429227829
1781515942.523431,plank,0.4503496289253235,0.21075958013534546,-0.01911870948970318,0.45718568563461304,0.196880042552948,-0.005816398188471794,0.4608398973941803,0.1979779154062271,-0.005848856642842293,0.4642454981803894,0.19864638149738312,-0.005804027430713177,0.44853290915489197,0.19493383169174194,0.0029987632296979427,0.4462107717990875,0.1947898268699646,0.0030174157582223415,0.4442504942417145,0.19497469067573547,0.0030471039935946465,0.470830500125885,0.20741772651672363,0.053318459540605545,0.4451400637626648,0.20425809919834137,0.09377513080835342,0.45740047097206116,0.22679561376571655,0.0016614289488643408,0.44739365577697754,0.22501713037490845,0.013180012814700603,0.4856247901916504,0.28258612751960754,-0.012262692674994469,0.41599607467651367,0.3020680248737335,0.15004408359527588,0.45456305146217346,0.29725658893585205,-0.14556358754634857,0.39896032214164734,0.3935379981994629,0.12801851332187653,0.39915186166763306,0.29744476079940796,-0.24691371619701385,0.39369988441467285,0.47738155722618103,0.02031702548265457,0.38682958483695984,0.3038312494754791,-0.28691327571868896,0.389718234539032,0.5092490911483765,-0.00568207073956728,0.3847297728061676,0.2994954288005829,-0.2801968455314636,0.39228206872940063,0.5091193914413452,-0.02225751057267189,0.3896496295928955,0.2990743815898895,-0.24698472023010254,0.3952576518058777,0.5001704096794128,0.009436866268515587,0.46818846464157104,0.4857947528362274,-0.05783228203654289,0.4272598624229431,0.49571409821510315,0.05768280476331711,0.4766400456428528,0.6468003392219543,-0.10714159905910492,0.43265262246131897,0.6620153784751892,0.021120384335517883,0.49450618028640747,0.8172362446784973,-0.07036413252353668,0.4322758615016937,0.830004096031189,0.06044391915202141,0.5034680366516113,0.8427985906600952,-0.07227882742881775,0.4440619945526123,0.8602645993232727,0.05828360840678215,0.4651585519313812,0.8644038438796997,-0.18081827461719513,0.3917471766471863,0.8689175844192505,-0.02912631258368492
1781515942.6546717,plank,0.4501107335090637,0.20585490763187408,-0.0297552403062582,0.45696821808815,0.19299739599227905,-0.01700017601251602,0.46060213446617126,0.19390277564525604,-0.017012018710374832,0.4640076756477356,0.19476532936096191,-0.016957782208919525,0.4482167363166809,0.19201284646987915,-0.009121944196522236,0.44573086500167847,0.19210872054100037,-0.00911733228713274,0.4437122344970703,0.1925484836101532,-0.009107749909162521,0.4705047607421875,0.20508258044719696,0.042673759162425995,0.4449073374271393,0.20236076414585114,0.07951311767101288,0.457278311252594,0.22368235886096954,-0.008397712372243404,0.446995347738266,0.221548929810524,0.002068229950964451,0.4868876039981842,0.2841578722000122,-0.012997443787753582,0.41608119010925293,0.30182790756225586,0.13663075864315033,0.4554463326931,0.3001226782798767,-0.1236359030008316,0.3990766704082489,0.3933735191822052,0.13210150599479675,0.40085119009017944,0.30770158767700195,-0.21504859626293182,0.3938058018684387,0.4915606677532196,0.05779900401830673,0.3876822590827942,0.3157929480075836,-0.25166088342666626,0.38948673009872437,0.523119330406189,0.03590633347630501,0.3857979476451874,0.3121631145477295,-0.24678178131580353,0.3925209939479828,0.5235228538513184,0.018842589110136032,0.39092668890953064,0.31089523434638977,-0.2155223786830902,0.39549046754837036,0.5136995315551758,0.04796098545193672,0.4698215425014496,0.4867737591266632,-0.05775269865989685,0.4292217195034027,0.4965263307094574,0.05760597437620163,0.477286159992218,0.6486015915870667,-0.10855185985565186,0.4331745207309723,0.6628632545471191,0.022045832127332687,0.4944919943809509,0.8172380924224854,-0.07445365935564041,0.43222880363464355,0.8299564719200134,0.06150730699300766,0.503576397895813,0.8428319096565247,-0.07657662779092789,0.44398149847984314,0.8601961135864258,0.059231776744127274,0.4651464819908142,0.8644728064537048,-0.184531569480896,0.3917312026023865,0.868958055973053,-0.02635759487748146
1781515942.7580106,plank,0.4500424861907959,0.20561040937900543,-0.027068819850683212,0.4568815231323242,0.19284400343894958,-0.01413146685808897,0.46049970388412476,0.19372709095478058,-0.014145257882773876,0.46392011642456055,0.1946129947900772,-0.014097790233790874,0.4481363296508789,0.19191481173038483,-0.006074738688766956,0.445659875869751,0.19200745224952698,-0.0060694837011396885,0.44363266229629517,0.19246582686901093,-0.0060568745248019695,0.47047799825668335,0.2050335705280304,0.045614272356033325,0.44472402334213257,0.20230337977409363,0.08308549970388412,0.4573178291320801,0.22365829348564148,-0.005570739042013884,0.4467388689517975,0.22152423858642578,0.005070907063782215,0.48794540762901306,0.2853531241416931,-0.010145419277250767,0.41598135232925415,0.30160218477249146,0.1383790671825409,0.45589524507522583,0.301165372133255,-0.11873424053192139,0.3990880846977234,0.3931293785572052,0.13454894721508026,0.4019189774990082,0.308829128742218,-0.20853173732757568,0.39384257793426514,0.48858022689819336,0.06462908536195755,0.3886229693889618,0.31715983152389526,-0.24617290496826172,0.3895605802536011,0.5208224654197693,0.043153371661901474,0.38674747943878174,0.3135070502758026,-0.24233806133270264,0.3926200866699219,0.5211207866668701,0.02695738710463047,0.39212411642074585,0.31197604537010193,-0.20934513211250305,0.39568036794662476,0.5113541483879089,0.05516526848077774,0.47055524587631226,0.48746782541275024,-0.05753270536661148,0.4294520914554596,0.4968814551830292,0.05737610533833504,0.47754281759262085,0.6491765379905701,-0.1085166335105896,0.43334144353866577,0.662891149520874,0.020110556855797768,0.49448761343955994,0.8173035383224487,-0.07518883049488068,0.43221622705459595,0.8298705220222473,0.05844597890973091,0.5035948157310486,0.8431053161621094,-0.07736118137836456,0.44395342469215393,0.8601613640785217,0.05613148212432861,0.46521392464637756,0.8644993901252747,-0.1848774403333664,0.3917362093925476,0.8689679503440857,-0.027046624571084976
1781515942.8682659,plank,0.4510433077812195,0.20494964718818665,-0.029987316578626633,0.4578405022621155,0.1926899403333664,-0.01600145734846592,0.4614132344722748,0.19366014003753662,-0.01601189747452736,0.4644838869571686,0.19458824396133423,-0.015961188822984695,0.4489479959011078,0.19154983758926392,-0.008680673316121101,0.4464028477668762,0.1915757656097412,-0.008676094934344292,0.4441777765750885,0.19185903668403625,-0.00865751039236784,0.47100749611854553,0.2050963044166565,0.04544688016176224,0.4446333348751068,0.20187759399414062,0.07945634424686432,0.45809945464134216,0.22337736189365387,-0.008398597128689289,0.44687455892562866,0.2209940403699875,0.001196990953758359,0.4887380003929138,0.28656890988349915,-0.01065671257674694,0.41597557067871094,0.3014596104621887,0.1308700144290924,0.45675182342529297,0.3037387728691101,-0.12469901144504547,0.39939016103744507,0.39301401376724243,0.11483194679021835,0.40316954255104065,0.3088671863079071,-0.21765705943107605,0.39436107873916626,0.4863302409648895,0.04302622377872467,0.3900377154350281,0.3169388771057129,-0.25525999069213867,0.3901268243789673,0.5185245275497437,0.022338110953569412,0.38803738355636597,0.3133981227874756,-0.24872031807899475,0.3932107985019684,0.5182847380638123,0.0055822464637458324,0.3934233784675598,0.3119411766529083,-0.21757061779499054,0.39624518156051636,0.5086413025856018,0.033806633204221725,0.4712967872619629,0.488870233297348,-0.05566258355975151,0.4299483895301819,0.4982752799987793,0.055523909628391266,0.4781007170677185,0.6500123143196106,-0.10664137452840805,0.4336031377315521,0.6638721227645874,0.01785491779446602,0.4945039749145508,0.817338228225708,-0.06775693595409393,0.43221616744995117,0.8298733234405518,0.05822669714689255,0.5036260485649109,0.8431620001792908,-0.06955629587173462,0.44395652413368225,0.860174834728241,0.055873773992061615,0.4654783308506012,0.8645021319389343,-0.1776728332042694,0.3917485475540161,0.8689800500869751,-0.02740129828453064
1781515942.9786513,plank,0.45134347677230835,0.20249082148075104,-0.02958011068403721,0.45826196670532227,0.19156254827976227,-0.01576058566570282,0.4617130160331726,0.19272685050964355,-0.015769710764288902,0.4646962583065033,0.19391068816184998,-0.015718644484877586,0.44953498244285583,0.1901334822177887,-0.008193781599402428,0.44696512818336487,0.19022348523139954,-0.008191509172320366,0.4447067379951477,0.19050659239292145,-0.008172983303666115,0.4713134169578552,0.205037921667099,0.04491923749446869,0.44495707750320435,0.20097269117832184,0.07988673448562622,0.45817628502845764,0.22138705849647522,-0.008446081541478634,0.44685640931129456,0.21855776011943817,0.0014745569787919521,0.48921942710876465,0.2883778512477875,-0.01122773066163063,0.4159884452819824,0.3012083172798157,0.12836511433124542,0.4581516683101654,0.308107852935791,-0.12744323909282684,0.4001545011997223,0.39247140288352966,0.10596813261508942,0.4043745994567871,0.3091144263744354,-0.22148633003234863,0.39547449350357056,0.4853000342845917,0.024763088673353195,0.39157232642173767,0.31677624583244324,-0.25845298171043396,0.39173340797424316,0.5158221125602722,0.003487722249701619,0.38968032598495483,0.3133494555950165,-0.2516491711139679,0.3950216472148895,0.5152484178543091,-0.01253423374146223,0.39480236172676086,0.3118382394313812,-0.2211320847272873,0.3978990316390991,0.5056595802307129,0.015286197885870934,0.47256407141685486,0.49006059765815735,-0.054138828068971634,0.43083858489990234,0.4995921552181244,0.054018665105104446,0.47867053747177124,0.6509065628051758,-0.10560630261898041,0.4338040351867676,0.6644268035888672,0.018026752397418022,0.49451136589050293,0.8176892399787903,-0.06865344941616058,0.4322330057621002,0.8298748731613159,0.05842556804418564,0.5034672021865845,0.8435383439064026,-0.0707281157374382,0.4440418779850006,0.8601739406585693,0.055962760001420975,0.46596628427505493,0.8645045161247253,-0.17852036654949188,0.3918779790401459,0.8689870834350586,-0.028169315308332443
1781515943.118208,plank,0.4545939564704895,0.20253252983093262,-0.030353140085935593,0.4610433578491211,0.19148299098014832,-0.015682190656661987,0.46400967240333557,0.19268107414245605,-0.015696395188570023,0.4667505621910095,0.19383621215820312,-0.015651125460863113,0.45200714468955994,0.19011184573173523,-0.008946969173848629,0.4492031931877136,0.1902122050523758,-0.008950785733759403,0.44673019647598267,0.19049876928329468,-0.008933285251259804,0.4733411371707916,0.20516817271709442,0.047007005661726,0.44590210914611816,0.20081400871276855,0.08013385534286499,0.46105632185935974,0.22099243104457855,-0.007575560361146927,0.4491450786590576,0.21853145956993103,0.0011861466336995363,0.4915499687194824,0.28960856795310974,-0.008513664826750755,0.42047208547592163,0.29535266757011414,0.12909288704395294,0.46448859572410583,0.31365901231765747,-0.11902353912591934,0.4007571339607239,0.37937653064727783,0.08721195161342621,0.40550628304481506,0.31554460525512695,-0.20990844070911407,0.401134192943573,0.4664146900177002,-0.023951757699251175,0.3929876387119293,0.322476863861084,-0.24788150191307068,0.4006815552711487,0.4953218698501587,-0.05156904458999634,0.3911312222480774,0.31980782747268677,-0.24292349815368652,0.4039859175682068,0.49242955446243286,-0.06534203141927719,0.3960880637168884,0.3184531331062317,-0.21019244194030762,0.4056600034236908,0.48135906457901,-0.0333862230181694,0.4748392105102539,0.4915570020675659,-0.05239935591816902,0.4326247572898865,0.5002338886260986,0.05231965705752373,0.4797593653202057,0.6511573791503906,-0.10677318274974823,0.43380364775657654,0.6623364090919495,0.014562347903847694,0.49450716376304626,0.8181150555610657,-0.07006209343671799,0.43240055441856384,0.8299551010131836,0.053487591445446014,0.5032640099525452,0.8447038531303406,-0.07228042185306549,0.44460329413414,0.8602495193481445,0.05050717666745186,0.46737831830978394,0.8646396994590759,-0.1803334504365921,0.3922242522239685,0.8689261674880981,-0.037295956164598465
1781515943.242325,plank,0.45545274019241333,0.20261463522911072,-0.031392402946949005,0.4615408480167389,0.19159278273582458,-0.01687011681497097,0.46452516317367554,0.19278627634048462,-0.016894778236746788,0.467218816280365,0.1939137578010559,-0.016868831589818,0.4522428512573242,0.1902291178703308,-0.009898079559206963,0.4493289887905121,0.19032715260982513,-0.009897531941533089,0.4468350410461426,0.19054828584194183,-0.009882869198918343,0.47360759973526,0.2052319049835205,0.04762440547347069,0.4457603991031647,0.20082992315292358,0.08165168762207031,0.4621210992336273,0.22104252874851227,-0.007495173718780279,0.4496876299381256,0.21863536536693573,0.0015497219283133745,0.49352678656578064,0.289615273475647,-0.0018217876786366105,0.420884370803833,0.2925318479537964,0.13607999682426453,0.47916632890701294,0.32800671458244324,-0.1183113232254982,0.4015434682369232,0.37629109621047974,0.0983794555068016,0.41210469603538513,0.3339483141899109,-0.2276596575975418,0.4028470516204834,0.4591524004936218,0.00020812952425330877,0.40012627840042114,0.3442463278770447,-0.26755422353744507,0.4032823443412781,0.4874992370605469,-0.02546975575387478,0.39828163385391235,0.3396930694580078,-0.2617918848991394,0.40722376108169556,0.4845595359802246,-0.040331609547138214,0.40206703543663025,0.3367857336997986,-0.22740164399147034,0.40879639983177185,0.47434428334236145,-0.009382117539644241,0.4766569137573242,0.49258315563201904,-0.052457887679338455,0.43398433923721313,0.5003429651260376,0.05239860340952873,0.4802513122558594,0.6511444449424744,-0.1195279136300087,0.43326735496520996,0.6587322354316711,-0.0007252319483086467,0.494493305683136,0.8186492323875427,-0.08575350046157837,0.4325513243675232,0.8296433091163635,0.03849487751722336,0.5026977062225342,0.8466435670852661,-0.08869968354701996,0.44516125321388245,0.8602230548858643,0.03548329696059227,0.4681475758552551,0.8646456599235535,-0.19804774224758148,0.39264118671417236,0.8682419657707214,-0.05360935255885124
1781515943.3837254,plank,0.45496201515197754,0.19994734227657318,-0.060727186501026154,0.4610617756843567,0.1888124942779541,-0.04657166823744774,0.46421900391578674,0.18963345885276794,-0.04659375175833702,0.46695083379745483,0.19074198603630066,-0.04658912867307663,0.4516143798828125,0.18881793320178986,-0.0412013940513134,0.4488942623138428,0.1895689070224762,-0.0411921963095665,0.44631725549697876,0.19029903411865234,-0.0411747470498085,0.47311368584632874,0.20155711472034454,0.019062107428908348,0.4449329972267151,0.20070312917232513,0.0452919527888298,0.46213698387145996,0.2174680083990097,-0.03657170757651329,0.44952136278152466,0.21652843058109283,-0.029371360316872597,0.4941829741001129,0.28927239775657654,-0.013563079759478569,0.4205652177333832,0.29277580976486206,0.09624524414539337,0.5064941644668579,0.38286980986595154,-0.08594343811273575,0.4037359654903412,0.38572925329208374,0.0830233246088028,0.45776429772377014,0.4178665578365326,-0.19823212921619415,0.4034040868282318,0.4603516161441803,-0.01434316299855709,0.4472779631614685,0.442327082157135,-0.23379597067832947,0.40322771668434143,0.4914557635784149,-0.04170086234807968,0.4388161301612854,0.4320840537548065,-0.24041087925434113,0.40734344720840454,0.4881593883037567,-0.05703497678041458,0.43952497839927673,0.42596372961997986,-0.2018737494945526,0.409024715423584,0.47767502069473267,-0.02393767237663269,0.47830256819725037,0.4971918761730194,-0.044947005808353424,0.434558629989624,0.5021340250968933,0.044947050511837006,0.4815669655799866,0.6527360677719116,-0.11082056909799576,0.4322372078895569,0.6581420302391052,-0.018381020054221153,0.49451175332069397,0.8186727166175842,-0.06519503891468048,0.43285974860191345,0.8286528587341309,0.027701586484909058,0.5010193586349487,0.8468294143676758,-0.0670543760061264,0.44629615545272827,0.8597332239151001,0.02698844112455845,0.4709966778755188,0.8633114099502563,-0.16954557597637177,0.39290502667427063,0.8679572343826294,-0.04740485921502113
1781515943.5754552,plank,0.4544397294521332,0.20320388674736023,-0.20165836811065674,0.4598318636417389,0.19097690284252167,-0.19009676575660706,0.46298283338546753,0.19150732457637787,-0.1901131123304367,0.4657982289791107,0.19226466119289398,-0.1901513636112213,0.4508942663669586,0.19125224649906158,-0.18491417169570923,0.44830846786499023,0.19198186695575714,-0.1849241554737091,0.4457158148288727,0.1927104890346527,-0.1849115937948227,0.4719039499759674,0.20165635645389557,-0.1091945618391037,0.4442487359046936,0.2016173005104065,-0.08468735218048096,0.46175050735473633,0.2194521129131317,-0.1701696813106537,0.44931331276893616,0.21907316148281097,-0.163287952542305,0.497952938079834,0.29505211114883423,-0.07256157696247101,0.4197109341621399,0.2918773591518402,-0.006588525138795376,0.5205877423286438,0.40504544973373413,-0.05858854204416275,0.402740478515625,0.38987648487091064,0.023296639323234558,0.5527016520500183,0.4963880181312561,-0.13720719516277313,0.40119847655296326,0.48436906933784485,-0.05684442073106766,0.5659899711608887,0.5234569907188416,-0.16380126774311066,0.3966066241264343,0.5193732976913452,-0.08055945485830307,0.5665467977523804,0.5228721499443054,-0.1966102570295334,0.4034225046634674,0.518715500831604,-0.1097121387720108,0.5609571933746338,0.5157265663146973,-0.1523624211549759,0.40667295455932617,0.5079206824302673,-0.07132161408662796,0.479164183139801,0.5040672421455383,-0.03941081091761589,0.4343869090080261,0.5076267719268799,0.03944056108593941,0.4822554588317871,0.6575568914413452,-0.08152357488870621,0.4334145188331604,0.6633887887001038,0.023558687418699265,0.49479514360427856,0.818700909614563,-0.006127278320491314,0.43301311135292053,0.8283470273017883,0.11101758480072021,0.501242995262146,0.8468172550201416,-0.006068420596420765,0.44598522782325745,0.8587923645973206,0.1115192398428917,0.4711638391017914,0.8631178736686707,-0.11770357191562653,0.3929782509803772,0.8679264783859253,0.013384667225182056
1781515943.7327907,plank,0.45423102378845215,0.20662251114845276,-0.2733575999736786,0.4597946107387543,0.19323819875717163,-0.26360034942626953,0.46289533376693726,0.19348856806755066,-0.2636266350746155,0.4657352566719055,0.19395200908184052,-0.2636842727661133,0.4509217143058777,0.1936311274766922,-0.2581256031990051,0.4483317732810974,0.19416075944900513,-0.258136510848999,0.4457705020904541,0.19476789236068726,-0.2581177055835724,0.47204867005348206,0.20203398168087006,-0.17962338030338287,0.44443297386169434,0.20237863063812256,-0.15304294228553772,0.4613141119480133,0.22217267751693726,-0.2396451234817505,0.4492659568786621,0.22212475538253784,-0.2322080433368683,0.49976038932800293,0.29697325825691223,-0.13360677659511566,0.41963133215904236,0.28988492488861084,-0.05156872794032097,0.5314642786979675,0.39471447467803955,-0.10376901924610138,0.40160417556762695,0.3897712230682373,0.0024401370901614428,0.5633131265640259,0.48402026295661926,-0.1737488955259323,0.39700090885162354,0.48807382583618164,-0.08000709116458893,0.5766129493713379,0.5112901329994202,-0.18173162639141083,0.38946810364723206,0.5236824750900269,-0.10145246982574463,0.5747531652450562,0.5129027366638184,-0.24003121256828308,0.39506831765174866,0.5230007767677307,-0.13531196117401123,0.5690921545028687,0.5046167373657227,-0.1939534842967987,0.4000547528266907,0.5120273232460022,-0.09615001827478409,0.4788592457771301,0.502880334854126,-0.04202932491898537,0.43393269181251526,0.505615234375,0.04203379899263382,0.4817328453063965,0.6572025418281555,-0.08655942976474762,0.4325937330722809,0.6623187065124512,0.01724853739142418,0.4949873089790344,0.8186898231506348,-0.009496144019067287,0.43295103311538696,0.8282629251480103,0.09067310392856598,0.5015792846679688,0.8464546203613281,-0.009233423508703709,0.4450507164001465,0.8580560684204102,0.08986902236938477,0.47101467847824097,0.862930953502655,-0.12190403044223785,0.39301639795303345,0.8675698041915894,-0.010208231396973133
1781515943.8553581,plank,0.45510855317115784,0.20741835236549377,-0.2505647540092468,0.46106117963790894,0.19383952021598816,-0.2396891564130783,0.464050829410553,0.19412241876125336,-0.23971077799797058,0.46686094999313354,0.19458483159542084,-0.23975399136543274,0.4519338607788086,0.19397364556789398,-0.23516035079956055,0.4492360055446625,0.19440172612667084,-0.23516526818275452,0.44674545526504517,0.19490185379981995,-0.2351464480161667,0.4728780686855316,0.20222122967243195,-0.1547904759645462,0.4450482428073883,0.202237069606781,-0.13295921683311462,0.46189093589782715,0.2229292094707489,-0.21699786186218262,0.4498438835144043,0.22268091142177582,-0.21089382469654083,0.5004739165306091,0.2977413237094879,-0.1126769557595253,0.4195353090763092,0.2892773747444153,-0.04190186411142349,0.5257619619369507,0.39925867319107056,-0.09430336207151413,0.4015926420688629,0.3912777304649353,0.0009209642885252833,0.5537654161453247,0.49521565437316895,-0.16408757865428925,0.396060049533844,0.4920254051685333,-0.07963251322507858,0.5645942687988281,0.5251489281654358,-0.18707095086574554,0.3893186151981354,0.5275377035140991,-0.10209493339061737,0.5638197660446167,0.525874137878418,-0.22826321423053741,0.3941003084182739,0.5276064276695251,-0.13493749499320984,0.5590060949325562,0.5175095200538635,-0.18139499425888062,0.3987840712070465,0.5164448022842407,-0.09539800882339478,0.47898054122924805,0.5021801590919495,-0.03965260833501816,0.43357783555984497,0.5045316219329834,0.03967031091451645,0.4815191626548767,0.6571764945983887,-0.0853804498910904,0.43201422691345215,0.6628211736679077,0.02855786681175232,0.4950471520423889,0.8186599016189575,-0.007586913648992777,0.4327404499053955,0.8282254338264465,0.11592479795217514,0.501644492149353,0.8460331559181213,-0.00758278276771307,0.444472074508667,0.8579285740852356,0.11620012670755386,0.47157421708106995,0.8628299236297607,-0.12270475924015045,0.3929954171180725,0.8674570918083191,0.014662878587841988
1781515943.9783225,plank,0.45582765340805054,0.20761825144290924,-0.25237685441970825,0.4618474543094635,0.1939946711063385,-0.24148795008659363,0.46481576561927795,0.19427528977394104,-0.24150919914245605,0.46759137511253357,0.19475887715816498,-0.2415526658296585,0.4526948034763336,0.1940559446811676,-0.23746725916862488,0.44995370507240295,0.1944536566734314,-0.2374730408191681,0.44750332832336426,0.1949397176504135,-0.23745527863502502,0.4733824133872986,0.20227257907390594,-0.15549662709236145,0.44551318883895874,0.20217861235141754,-0.135991171002388,0.4624231457710266,0.22310729324817657,-0.21830721199512482,0.45044565200805664,0.22281059622764587,-0.21286804974079132,0.5006276369094849,0.2982616126537323,-0.10968542098999023,0.4194837212562561,0.28899282217025757,-0.04648926109075546,0.523831307888031,0.4008491635322571,-0.0850328654050827,0.401864230632782,0.39259225130081177,-0.007010183297097683,0.5529965162277222,0.49631553888320923,-0.15788492560386658,0.39616888761520386,0.4942428171634674,-0.08876507729291916,0.5635929703712463,0.5262054204940796,-0.18378126621246338,0.3898545801639557,0.5298917889595032,-0.11219773441553116,0.5629385113716125,0.5267263650894165,-0.21907110512256622,0.39468011260032654,0.5301476120948792,-0.1452539563179016,0.5581268668174744,0.5183092951774597,-0.17367619276046753,0.3992466926574707,0.5190471410751343,-0.10469736158847809,0.47905653715133667,0.5018822550773621,-0.03689015284180641,0.43353310227394104,0.5045972466468811,0.036916833370923996,0.4817662239074707,0.6574196815490723,-0.07950806617736816,0.4320802688598633,0.6635882258415222,0.031492773443460464,0.49511462450027466,0.8186509609222412,0.001320457668043673,0.43272289633750916,0.8282292485237122,0.11935688555240631,0.5016033053398132,0.8458537459373474,0.0014947426971048117,0.4444001615047455,0.8579002618789673,0.11965745687484741,0.47222718596458435,0.8624987006187439,-0.11351126432418823,0.3930148482322693,0.8672800064086914,0.0177883580327034
1781515944.104127,plank,0.4573015570640564,0.2084735929965973,-0.11731213331222534,0.4631373882293701,0.19477589428424835,-0.10550166666507721,0.4660414755344391,0.19505494832992554,-0.10551600158214569,0.46882128715515137,0.19556890428066254,-0.10552065074443817,0.4539622664451599,0.19481903314590454,-0.10036758333444595,0.4510643482208252,0.19511961936950684,-0.10035864263772964,0.44859328866004944,0.1954774707555771,-0.10032492876052856,0.4742158055305481,0.2033863067626953,-0.03567418083548546,0.4459622800350189,0.20240461826324463,-0.011455432511866093,0.4637293219566345,0.224007248878479,-0.09110403060913086,0.45151668787002563,0.22360745072364807,-0.0842583104968071,0.5009377002716064,0.3001304864883423,-0.03920821100473404,0.4194943904876709,0.2890293598175049,0.05015694350004196,0.5209816694259644,0.4026605486869812,-0.06199519708752632,0.4038800299167633,0.3920319080352783,0.050338976085186005,0.5251449346542358,0.4947620928287506,-0.14948062598705292,0.4024745523929596,0.4853145182132721,-0.041582830250263214,0.5282816290855408,0.525599479675293,-0.18008677661418915,0.40038713812828064,0.5202215313911438,-0.06555332243442535,0.5205460786819458,0.5238491296768188,-0.20400984585285187,0.40510353446006775,0.5169156193733215,-0.08964230865240097,0.5169054269790649,0.516053318977356,-0.16054506599903107,0.40811267495155334,0.5051776766777039,-0.05470377951860428,0.47952866554260254,0.5060255527496338,-0.03776160627603531,0.43349170684814453,0.5073621869087219,0.03778768330812454,0.4829653799533844,0.6578062772750854,-0.07778020948171616,0.43361911177635193,0.6638170480728149,0.021505463868379593,0.49526509642601013,0.8183870911598206,-0.0051199388690292835,0.4328013062477112,0.8279605507850647,0.08987809717655182,0.5015271902084351,0.8451708555221558,-0.005177091341465712,0.4444130063056946,0.8575210571289062,0.08874016255140305,0.4727712571620941,0.8624087572097778,-0.11055252701044083,0.3932557702064514,0.866481363773346,0.0036885763984173536
1781515944.2265081,plank,0.4594708979129791,0.21100355684757233,-0.10627976804971695,0.464385986328125,0.19682030379772186,-0.09363177418708801,0.46726614236831665,0.1968446671962738,-0.09363292157649994,0.4700939655303955,0.19719545543193817,-0.09363102912902832,0.45482540130615234,0.19776275753974915,-0.08965419232845306,0.4518236219882965,0.1983540803194046,-0.08964170515537262,0.44930362701416016,0.19893476366996765,-0.0895860344171524,0.4752327501773834,0.20555713772773743,-0.01682123914361,0.44662895798683167,0.20634733140468597,0.001951974118128419,0.4667815566062927,0.22698646783828735,-0.0770401805639267,0.45369887351989746,0.22733378410339355,-0.07173983752727509,0.5016026496887207,0.2963391840457916,-0.01509877759963274,0.4224589467048645,0.29118654131889343,0.06994403153657913,0.51779705286026,0.39707326889038086,-0.046014316380023956,0.4056198000907898,0.38665643334388733,0.04754803329706192,0.4898758828639984,0.4655013084411621,-0.13592959940433502,0.4109764099121094,0.4503675103187561,-0.08377544581890106,0.481859028339386,0.4928479492664337,-0.1713608205318451,0.4115299582481384,0.4754542410373688,-0.11796603351831436,0.4756105840206146,0.4776482582092285,-0.1832088828086853,0.4176805913448334,0.4675734341144562,-0.13344697654247284,0.47618475556373596,0.4691506326198578,-0.14161716401576996,0.4194543957710266,0.45962563157081604,-0.09268264472484589,0.48092761635780334,0.5061905980110168,-0.040390320122241974,0.43629270792007446,0.5072470903396606,0.04042593017220497,0.48402923345565796,0.6576416492462158,-0.08536597341299057,0.4309448301792145,0.6635757684707642,0.004660404287278652,0.4953448176383972,0.8184690475463867,-0.031189531087875366,0.43286609649658203,0.8274797201156616,0.0666428804397583,0.5011396408081055,0.8451240658760071,-0.03210823982954025,0.4446437954902649,0.8571715354919434,0.06568024307489395,0.4729272425174713,0.8623574376106262,-0.13193057477474213,0.39407917857170105,0.8660685420036316,-0.018685175105929375
1781515944.3971653,plank,0.4588090777397156,0.21479161083698273,-0.12133073806762695,0.4640684127807617,0.1986628621816635,-0.10891203582286835,0.46715545654296875,0.1981312483549118,-0.1089320182800293,0.46998530626296997,0.198035329580307,-0.1089356392621994,0.4533385634422302,0.2015783041715622,-0.10447856038808823,0.450428307056427,0.20236285030841827,-0.10445845127105713,0.4476727843284607,0.20307770371437073,-0.10441765934228897,0.4749438762664795,0.20579499006271362,-0.02875961735844612,0.44613027572631836,0.20940710604190826,-0.006909157149493694,0.4662345349788666,0.2295016646385193,-0.09025357663631439,0.45356398820877075,0.23111377656459808,-0.08407975733280182,0.5014100074768066,0.29440417885780334,-0.021937064826488495,0.42336416244506836,0.294018417596817,0.06636039167642593,0.5173830986022949,0.39658206701278687,-0.05343710631132126,0.40828436613082886,0.38665738701820374,0.04557320475578308,0.48520922660827637,0.45006534457206726,-0.14800384640693665,0.4128134250640869,0.44949910044670105,-0.10061631351709366,0.47621265053749084,0.47385990619659424,-0.1809660643339157,0.4126799702644348,0.47496849298477173,-0.13670267164707184,0.4702758193016052,0.4607031047344208,-0.19914503395557404,0.418041855096817,0.46682119369506836,-0.15525680780410767,0.47104835510253906,0.45280465483665466,-0.15628917515277863,0.41993802785873413,0.4587176740169525,-0.11208601295948029,0.48136764764785767,0.5071825385093689,-0.04273238778114319,0.43820247054100037,0.5078402757644653,0.04281315207481384,0.48549947142601013,0.6576410531997681,-0.07626043260097504,0.4272809624671936,0.6635684967041016,0.007731243968009949,0.49562937021255493,0.8184294700622559,0.007253302726894617,0.43285655975341797,0.8268760442733765,0.09028080850839615,0.5013368129730225,0.8444318175315857,0.008337153121829033,0.4446408152580261,0.8560421466827393,0.0921110287308693,0.47247081995010376,0.8622812032699585,-0.10049045085906982,0.3942318558692932,0.8661414980888367,0.004222863353788853
1781515944.5858068,plank,0.45525163412094116,0.21495823562145233,-0.18819914758205414,0.4596897065639496,0.1990939825773239,-0.17814283072948456,0.46293196082115173,0.19857186079025269,-0.1781654804944992,0.4660886228084564,0.19840611517429352,-0.1781870275735855,0.45026740431785583,0.20155033469200134,-0.17188246548175812,0.4475247263908386,0.20220349729061127,-0.17187044024467468,0.44517654180526733,0.20290526747703552,-0.17184856534004211,0.4709920287132263,0.2050752490758896,-0.10105670988559723,0.4443269670009613,0.209425687789917,-0.07022865861654282,0.46251940727233887,0.2294580638408661,-0.15782317519187927,0.45095914602279663,0.23086875677108765,-0.1490081250667572,0.5013368129730225,0.29220473766326904,-0.07579880207777023,0.4236600399017334,0.29757535457611084,0.017455674707889557,0.5172334909439087,0.3956877887248993,-0.08281662315130234,0.412112295627594,0.40037328004837036,0.06320301443338394,0.5171647667884827,0.4888388216495514,-0.18090707063674927,0.41099247336387634,0.4959773123264313,-0.040353383868932724,0.5200185179710388,0.5211289525032043,-0.21563518047332764,0.40761643648147583,0.530398964881897,-0.0659170001745224,0.5134240984916687,0.51878422498703,-0.24231195449829102,0.4109261929988861,0.5301945805549622,-0.09662874788045883,0.509865403175354,0.510682225227356,-0.19317077100276947,0.41504621505737305,0.5194123387336731,-0.05544941499829292,0.4829820990562439,0.5049539804458618,-0.045408230274915695,0.4391377568244934,0.5067906975746155,0.0455080009996891,0.48589664697647095,0.6577447056770325,-0.07910428941249847,0.430476576089859,0.6634671092033386,0.009242048487067223,0.49619394540786743,0.8188389539718628,-0.0026612496003508568,0.4340056777000427,0.8271756768226624,0.0916203111410141,0.5020116567611694,0.8444914221763611,-0.002330389805138111,0.4450069069862366,0.8561471104621887,0.09233661741018295,0.47298747301101685,0.8622177839279175,-0.1105731949210167,0.3948611617088318,0.8569594621658325,0.0029111234471201897
1781515944.696157,plank,0.44751495122909546,0.21479472517967224,-0.17492792010307312,0.45149722695350647,0.19836118817329407,-0.1660543978214264,0.4550558924674988,0.19755814969539642,-0.16609643399715424,0.4588415026664734,0.19709229469299316,-0.1661343276500702,0.44363799691200256,0.2012595534324646,-0.1580658107995987,0.4411299228668213,0.2020658701658249,-0.1580512523651123,0.438976526260376,0.20284442603588104,-0.15802884101867676,0.46667760610580444,0.20239870250225067,-0.095396488904953,0.43999990820884705,0.20939530432224274,-0.05640535429120064,0.45588406920433044,0.22880083322525024,-0.14670240879058838,0.44536924362182617,0.23065361380577087,-0.13567037880420685,0.5006596446037292,0.2896205186843872,-0.0763673335313797,0.4236108362674713,0.30057695508003235,0.02639540657401085,0.5182870626449585,0.39284777641296387,-0.08132009953260422,0.41210681200027466,0.4080290198326111,0.07247717678546906,0.538521945476532,0.488820344209671,-0.16765756905078888,0.40917444229125977,0.5077560544013977,-0.010923432186245918,0.5483461618423462,0.519719123840332,-0.19490496814250946,0.4019961357116699,0.5414168238639832,-0.03289606794714928,0.5437341332435608,0.5203251242637634,-0.23426206409931183,0.40291962027549744,0.5419992804527283,-0.06365904957056046,0.539181113243103,0.5125898718833923,-0.18511638045310974,0.4079909324645996,0.5321072936058044,-0.026340821757912636,0.4828766882419586,0.5036231279373169,-0.04829603061079979,0.43897438049316406,0.5063395500183105,0.04835231602191925,0.48582595586776733,0.6576303839683533,-0.09706933796405792,0.4303204417228699,0.6627692580223083,0.0003087510704062879,0.49632230401039124,0.8193445205688477,-0.02751147747039795,0.43549275398254395,0.827178418636322,0.07330361008644104,0.5024161338806152,0.8450025916099548,-0.02780064567923546,0.4460090696811676,0.8562718033790588,0.07330060750246048,0.4728369116783142,0.8622161149978638,-0.13482120633125305,0.39547449350357056,0.8484581112861633,-0.01378423161804676
1781515944.8663938,plank,0.44233793020248413,0.21653063595294952,-0.18422147631645203,0.4457818567752838,0.198912113904953,-0.17606110870838165,0.44915279746055603,0.19783161580562592,-0.17610977590084076,0.45287561416625977,0.19713622331619263,-0.17615675926208496,0.43828731775283813,0.20187467336654663,-0.1676064431667328,0.4360526502132416,0.20275501906871796,-0.16758939623832703,0.4342235028743744,0.2035583257675171,-0.16756942868232727,0.46197694540023804,0.20158208906650543,-0.10569848865270615,0.43547743558883667,0.20955806970596313,-0.0642949789762497,0.4503456950187683,0.22886864840984344,-0.15605223178863525,0.4407718777656555,0.23079004883766174,-0.1441502869129181,0.4984138011932373,0.28571081161499023,-0.08150345832109451,0.42219313979148865,0.30511951446533203,0.02351030334830284,0.5205795764923096,0.38634538650512695,-0.08034370839595795,0.41193652153015137,0.412995308637619,0.06257791817188263,0.5464301705360413,0.4849940538406372,-0.15785245597362518,0.40710392594337463,0.5134115219116211,-0.021967090666294098,0.5554625391960144,0.5147328972816467,-0.1850215494632721,0.3980540633201599,0.5450672507286072,-0.044656746089458466,0.5512617826461792,0.5168551802635193,-0.2203090637922287,0.3987800180912018,0.5455408096313477,-0.07545183598995209,0.5471762418746948,0.5089610815048218,-0.17428280413150787,0.40410280227661133,0.5362476706504822,-0.03749925643205643,0.4826800227165222,0.5026755332946777,-0.04916919022798538,0.4387763440608978,0.5057218074798584,0.04919815808534622,0.4857943058013916,0.6577616930007935,-0.09968745708465576,0.42777830362319946,0.6592823266983032,-0.003611574647948146,0.4967733919620514,0.8199195265769958,-0.030574005097150803,0.43911615014076233,0.8234015703201294,0.07383526861667633,0.5033426284790039,0.8457187414169312,-0.03092358075082302,0.44949936866760254,0.8544212579727173,0.07440148293972015,0.4725779891014099,0.8617750406265259,-0.1389940083026886,0.3992964029312134,0.8394607305526733,-0.012113748118281364
1781515945.0216675,plank,0.43733376264572144,0.21661481261253357,-0.17198589444160461,0.43999338150024414,0.19915780425071716,-0.1645841747522354,0.44277119636535645,0.19790130853652954,-0.1646505892276764,0.44593778252601624,0.19696003198623657,-0.16472333669662476,0.43339020013809204,0.2023511677980423,-0.15425267815589905,0.43134599924087524,0.20329616963863373,-0.15421825647354126,0.428986132144928,0.20424555242061615,-0.15418516099452972,0.455150306224823,0.20132486522197723,-0.09038333594799042,0.4294815957546234,0.21025340259075165,-0.05022621154785156,0.44483861327171326,0.22862917184829712,-0.14649896323680878,0.43602052330970764,0.23074530065059662,-0.1318134069442749,0.49219122529029846,0.2838260233402252,-0.07328327000141144,0.4165308475494385,0.30789369344711304,0.04167156666517258,0.5201603174209595,0.3781701326370239,-0.0853394865989685,0.40805497765541077,0.4185887575149536,0.07517264783382416,0.5429470539093018,0.48406147956848145,-0.17800061404705048,0.40135321021080017,0.5226455330848694,-0.007986975833773613,0.5530772805213928,0.5135389566421509,-0.21027939021587372,0.39295393228530884,0.5539597272872925,-0.0313473641872406,0.5479444265365601,0.5114002227783203,-0.24049162864685059,0.3947637677192688,0.5552670955657959,-0.06158775836229324,0.5432846546173096,0.5034627914428711,-0.19205668568611145,0.39966917037963867,0.5444914698600769,-0.023405486717820168,0.4764053225517273,0.5013402700424194,-0.05341830104589462,0.4351470470428467,0.5057990550994873,0.05347166210412979,0.48264679312705994,0.656617283821106,-0.10629008710384369,0.4280329644680023,0.6589294672012329,0.007517530117183924,0.4968786835670471,0.8201070427894592,-0.038575999438762665,0.444102942943573,0.8225286602973938,0.08803697675466537,0.503390908241272,0.8472818732261658,-0.0389677993953228,0.45695391297340393,0.8533146977424622,0.08883632719516754,0.4728213846683502,0.8608185052871704,-0.14993053674697876,0.4052947461605072,0.858180582523346,0.0038901634979993105
